question,answer,start_time,end_time,Unnamed: 4,Unnamed: 5
คำว่าสวรรค์อยู่ในอกนรกอยู่ในใจคือสวรรค์นรกในตอนนี้จริงจริงเนี่ยไม่ใช่สวรรค์นรกที่เป็นภพภูมิของการเกิดใหม่หรอครับ,เรื่องของสวรรค์นรกที่เป็นภพภูมินั้นมีอยู่จริง ส่วนคำว่าสวรรค์อยู่ในอกและนรกอยู่ในใจนั้นเป็นคำเปรียบเปรยถึงวิถีจิตในการรับอารมณ์ในแต่ละครั้งที่เรารับอารมณ์เข้ามาสู่จิตใจบางคราวจิตของเราเนี่ยมันเป็นจิตที่มีความทุกข์ร้อนรนทุรนทุรายเขาจึงมีความเปรียบเปรยว่า ก็คือจิตที่ตกนรก ณ ขนาดนั้นถ้าเราสามารถแก้ไขความทุกข์ที่เกิดขึ้น ก็เหมือนกับว่าขึ้นจากนรกแล้วเข้าสู่สวรรค์ให้จิตใจเบาสบายโดยการประพฤติปฏิบัติธรรมคือเป็นการเปรียบเปรยให้เราได้เข้าใจส่วนที่เป็นสวรรค์นรกที่เป็นภพภูมิก็มีอยู่ในฐานะของการที่บุคคลละชีวิตไปแล้วต้องไปสู่สถานที่อันเกิดจากกรรมวิบากที่จะส่งผลให้ไปสู่ภพภูมิในการถือกำเนิดก็จะมีภพภูมิชั้นต่ำ ต่ำสุดก็คือนรกอเวจีขึ้นมาจนถึงกลุ่มอสูรกายจนถึงเปรตจนถึงสัตว์เดรัจฉาน กลุ่มอบายอบายทั้งสี่เนี่ย สุคติภูมิก็มีสวรรค์ตั้งแต่จากุมจนถึงปรีมิสวัสวดีและพรหมโลกสิบเอ็ดชั้นคือคำว่าสวรรค์นรกเนี่ยที่เป็นภพภูมิที่ถือกำเนิดเกิดขึ้นหลังจากละชีวิตไปแล้วเนี่ยมีอยู่จริง แม้จะไม่สามารถล่วงรู้ในนิสัยของมนุษย์ก็ตามแต่พระองค์ตรัสไว้แล้วว่าสิ่งเหล่านี้มีความรู้ที่พระองค์ตรัสสอนบอกเราเพื่อตรัสความสงสัยในฐานะที่มนุษย์ไม่สามารถล่วงรู้ในเรื่องราวเหล่านี้ได้เราเองได้เข้ามาศรัทธาเลื่อมใสในพระพุทธศาสนาก็ควรจะยอมรับความรู้ที่พระองค์ตรัสสอนไว้ในหลักคำสอนพระองค์พยายามให้เราได้เข้าใจและเรียนรู้ใช้ชีวิตเพื่อที่จะเลือกในการที่จะถือกำเนิดเกิดขึ้นในภพภูมิแต่ละภพภูมิหากใครไม่ได้เชื่อเรื่องนรกสวรรค์อาจจะพลาดจากการดำเนินชีวิตที่เหมาะที่ควรที่ตัวเองพึงกระทำอย่างถูกต้องว่าควรจะดำรงชีวิตตัวเองอย่างไร ส่วนคำว่าสวรรค์ในอกนรกในใจก็เพื่อจะให้แก้ไขความทุกข์ที่เกิดขึ้นกับจิตตัวเองในเวลานี้ ว่าถ้าปล่อยให้มันทุกข์แล้วจมอยู่กับความทุกข์นานนานน่ะ อันนี้ก็คือเท่ากับตกนรกทั้งเป็น แต่ถ้าเราแก้ไขความทุกข์ได้ด้วยหลักธรรมคำสอนก็เท่ากับว่าดึงตัวเองออกจากนรกนั้นและขึ้นสู่สวรรค์ได้ด้วยตัวเราเองหลักคำสอนจึงเป็นส่วนสำคัญที่จะทำให้เราได้แก้ไขจิตใจเราทั้งในขณะที่เราใช้ชีวิตอยู่แล้วก็สามารถสร้างภพภูมิที่ดีให้ชีวิตเราได้เข้าสู่สุขติที่ดีขึ้น,00:01:49,00:05:06,,
เคยตั้งจิตนะคะคุณอริยานะคะบอกว่าอริยะหรืออริยานี่ล่ะค่ะตั้งจิตตั้งใจตั้งสัจจะวาจาต่อหน้าพระประทานในบ้านเพื่อจะสวดมนต์ปฏิบัติธรรมทุกวันในช่วงเข้าพรรษาทีนี้ก็มีบางวันไม่ได้ทำทำบ้างหรือข้ามวันไปบ้าง จะถามว่าจะขอขมาหรือทำอย่างไรให้บาปกับการตั้งวาจากับพระองค์นั้นเบาบางตอนนี้กลัวบาปค่ะจะขอขมาอย่างไรดีคะ,จริงจริงแล้วเนี่ยพุทธองค์ไม่ได้ไม่ได้ต้องการให้ใครเกิดบาปด้วยวิถีการที่เราอยากจะสวดหรือไม่อยากจะสวดไม่ใช่ว่าการสวดมนต์จะได้บุญเสมอไปหรือว่าการไม่สวดมนต์จะเป็นบาปเสมอไป แต่ด้วยความที่เราไปตั้งใจของเราเองและตั้งสัจจะในใจของเราเองว่าเราอยากจะทำแล้วไม่ได้ตามสัจจะนั้นเรารู้สึกรู้สึกผิดและคิดว่าจะเป็นบาปเพราะไม่ได้ทำตามแต่ไม่ได้หมายถึงว่าพุทธองค์เนี่ยจะกำหนดบาปในสิ่งที่เราจะทำหรือไม่ทำพระองค์ไม่เคยกำหนดบาปในลักษณะอย่างนั้นแต่บอกว่าศาสนาที่พระองค์บัญญัติขึ้นหรือพยายามพร่ำสอนอยู่นี่ไม่ได้เป็นไปเพื่อเคารพสักการะสรรเสริญบูชาของใครผู้ใดแต่เป็นไปเพื่อการละการคายการวางการสลัดออกเพื่อความหลุดพ้นเพื่อนิพพาน ฉะนั้นการที่เราตั้งใจว่าอยากจะกล่าวสวดสรรเสริญเนี่ยมันเป็นความตั้งใจด้านจิตใจของเราเองที่ตั้งใจอยากจะทำอย่างนั้น แต่เมื่อไม่สามารถทำตามความตั้งใจหรือสัจจะที่ตั้งไว้เราก็ควรจะเรียนรู้สัจจะอีกด้านหนึ่งคือสัจจะด้านที่เป็นปรมัตถสัจจะคือด้านของความไม่เที่ยง ความไม่คงที่แล้วก็ความไม่ได้ตายตัวในสิ่งนั้นนั้น หมายความว่าเราตั้งใจไว้ก็ตามแต่กฎแห่งความไม่เที่ยงกฎแห่งความไม่ตายตัวกฎแห่งความไม่คงที่ มันสามารถเข้ามาเปลี่ยนเหตุปัจจัยในใจเราได้เสมอเมื่อเราทำความเข้าใจในเรื่องนี้ได้แล้วเราก็จะเอาเหตุผลในข้อนี้มาเป็นเครื่องแก้ความรู้สึกผิดว่าแม้เราจะตั้งใจก็ตาม แต่มันก็ไม่ได้เป็นไปตามที่เราตั้งใจในทุกทุกเรื่องแล้วมันก็เป็นความจริงด้วยในชีวิตจริงของมนุษย์เราเหมือนกับว่าเราตั้งใจอะไรบางอย่างแล้วหลายครั้งไว้คนที่ไม่ได้เป็นไปตามความตั้งใจไม่ได้ถือว่าเป็นบาปอะไรไม่ได้ถือว่าเป็นโทษอะไร แต่ถ้าอยากจะแก้ไขก็คือต้องเข้ามาสร้างความเข้าใจเรื่องนี้ก่อนในเรื่องของปรมัตถสัจจะความจริงด้านปรมัตในด้านความไม่เที่ยง เพื่อที่จะไม่ให้ไปติดข้องอยู่กับความรู้สึกผิดจากความสัจจะที่เราตั้งไว้ หลังจากนั้นเราก็อธิษฐานถึงพระรัตนตรัยแล้วกล่าวขมาโทษ แต่จะไปกล่าวขมาโทษพระรัตนตรัยตรงตรงเลยมันจริงจริงแล้วมันก็ไม่ใช่ไม่ถูกเหตุเพราะว่าเหตุจริงจริงมันเกิดจากการตั้งสัจจะในใจของเราเอง ถ้าจะเป็นบาปก็คือบาปด้วยความรู้สึกผิดใช่ไหม ทีนี้บางคนก็บอกว่าถ้าเป็นอย่างนี้เราตั้งใจไว้แล้วเราไม่สามารถทำตามที่เราตั้งตั้งไว้เนี่ยทุกทุกคราวจะไม่ทำให้เราเสียสัจจะเลยมันไม่ได้เสียสัจจะ เพราะว่าเขาก็เสียสัจจะที่อยู่สองชั้นอย่างที่อธิบายตั้งแต่แรกเราต้องเข้าใจสัจจะอีกชั้นหนึ่งมาเป็นเครื่องรองรับเพื่อที่จะทำให้เราพัฒนาตัวเองหรือสร้างความเข้าใจในสิ่งที่เรากำลังทำเนี่ยให้มันถูกต้องจริงจริงตามเหตุปัจจัยนั้นนั้น มันไม่ได้หมายถึงว่าสิ่งที่เราตั้งไว้มันจะไม่สามารถถูกเปลี่ยนแปลงแต่ทุกอย่างเนี่ยมันมีเหตุปัจจัยอย่างที่เราไม่สามารถคาดคิดเข้ามาเปลี่ยนแปลงหลายหลายอย่างในชีวิตเราได้แต่ให้ให้เปลี่ยนแปลงทางด้านดีและด้านไม่ดีในชีวิตเราสัจจะหลายหลายอย่าง เมื่อเราแบ่งได้แล้วว่าสัจจะในชั้นที่เป็นสมมติสัจจะคือสิ่งที่เราตั้งไว้เป็นสมมุติแต่ปรมัจสัจจะเนี่ยมันไม่ได้ขึ้นอยู่กับสมมุติสัจจะมันอยู่เหนือสมมุติซึ่งมันจะส่งผลเป็นปัจจัยเข้ามาเปลี่ยนแปลงสมมุติสัจจะในใจเราได้อีกเมื่อไหร่ก็ได้ใช่ไหมล่ะ แก้ความความรู้สึกผิดหรือความตั้งใจที่เราตั้งใจไว้เนี่ยก็แก้แค่ว่าตั้งใจใหม่มันไม่ต่างจากการที่เราเจตนางดเว้นที่จะรักษาศีลแต่เกิดการผิดพลาดในศีลนั้นพระองค์ก็ให้ตั้งใจมันก็คล้ายคล้ายอย่างนี้ไม่ต่างกัน ให้เข้าใจอย่างนี้ พระอาจารย์คะนี้ถ้าเกิดสมมุติว่าคนคนฟังแล้วเกิดแบบสมมติวันนี้ตั้งใจว่าจะถือศีลสมมตินะคะแล้วก็ก็เอาเอาใหม่หรือเปล่าคะสมมุติว่าเขาตั้งใจว่าจะนั่งสมาธิหรือปฏิบัติธรรมท่องธาตุแต่พอมีหนังมีละครเข้ามาแล้วก็ไม่เป็นไรเห็นไหมมันมีเหตุใหม่มันไม่เที่ยงดูละครก่อนดีกว่ามันไม่เที่ยงอย่างนี้ค่ะพระอาจารย์เราจะเราจะแก้ไขคนที่แบบพลิกอย่างนี้ยังไงได้คะพระอาจารย์ อันนี้มันเกิดจากการรู้สึกผิดในสิ่งที่เราทำใช่ไหมอันนี้มันเกิดจากเพราะเราใช้เหตุผลเพื่อมาเป็นข้ออ้างในการที่จะชมละครหรือดูเรื่องอะไรที่เราติดในเรื่องนั้นอยู่ มันไม่ใช่ลักษณะนั้นมันไม่ใช่ตัวอย่างมันมันคนละตัวอย่างกัน ตัวอย่างของคนคนแรกเนี่ยเขาเขาตั้งใจจริงจริงแล้วเขารู้สึกผิด เพราะฉะนั้นการที่เขาได้เข้าใจปรมัตถสัจจะเนี่ยว่าสิ่งเป็นสิ่งที่อยู่เหนือสมมติมันจะไปช่วยทำให้เขาแก้ไขความรู้สึกผิดอันนี้ได้แต่บางคนเนี่ย มันมันไม่ใช่รู้สึกผิดนะตัวเองตั้งใจจะทำแต่มีเหตุปัจจัยจากละครหรือสิ่งที่ตัวเองน่าสนใจผ่านเข้ามา ไปเลือกเนี่ยไปเลือกที่จะเอาท่องธาตุเอาการปฏิบัติธรรมเอาการพิจารณาอะไรเอาไว้ก่อนไปเลือกที่จะเอาปัจจัยนั้นเข้ามาเปลี่ยนแปลงตัวเองเองมันไม่ได้เกิดจากการที่เหตุปัจจัยนั้นมาเปลี่ยนแปลงตัวเองเอง เจตนาจะเฉเอง แล้วที่นี้เนี่ยคนที่เป็นอย่างนี้ค่ะพระอาจารย์แล้วเขาก็เกิดจากเจตนาเนี่ยแล้วพอเขาทำปุ๊บแล้วเขาก็รู้สึกผิดว่าไม่น่าเลยเนี่ยไหลออกไปดูทีวีตั้งสามชั่วโมงอดท่องธาตุเลยวันนี้แล้วก็รู้สึกผิดเขาสามารถใช้เอาปรมัตถสัจจะเนี่ยเข้ามาแก้ไขความรู้สึกผิดแล้วก็เริ่มใหม่ได้เช่นกันถูกไหมคะพระอาจารย์ ตัวนี้ก็ต้องนำไปใช้แล้วก็ต้องเข้าใจก็สามารถที่จะตั้งใจใหม่แล้วก็ปฏิบัติใหม่ได้เพราะว่าต้องบอกว่ายุคนี้สมัยนี้เป็นยุคที่อินทรีย์อ่อนกันเยอะไม่เหมือนยุคครั้งพุทธกาลยุคครั้งพุทธกาลเนี่ยเขาเป็นยุคที่คนปรารถสิ่งที่เป็นกุศลหรือหนักในด้านกุศลเสียส่วนมากเวลาคนทำอกุศลทำไม่ดีเนี่ย ถ้าจะหลบหลีกหนีหนีไปทำที่อื่นเขาไม่ให้คนที่ในสังคมทั่วไปรับรู้รับทราบแต่ทุกวันนี้เนี่ย สิ่งที่เป็นกุศลเนี่ยต้องหลบทำ อกุศลนี่ไม่ต้องหลบทำอะไรได้อย่างที่น่าน่ายินดีได้เลยอะไรอย่างนี้ต่างกันมาก อินทรีย์ของคนในยุคนี้มันอ่อนลงพออินทรีย์อ่อนลงการประพฤติปฏิบัติจะให้เป็นไปตามกฎเกณฑ์เสียทุกอย่างเนี่ยมันมีเหตุปัจจัยแทรกเข้ามา แล้วเราก็พึงพอใจต่อเหตุปัจจัยเหล่านั้นแล้วพร้อมที่จะเปลี่ยนไปตามเหตุปัจจัยที่ดึงดูดเราไป อินทรีย์อ่อนจะเป็นอย่างนี้สำหรับคนอินทรีย์อ่อนก็ต้องฝึกในการที่จะตั้งใจใหม่อยู่เสมอก็สามารถที่จะทำได้,00:05:16,00:13:09,,
ก็พระอาจารย์ถ้าเผื่อมีคนไม่เข้าใจคำว่าอินทรีย์อ่อนค่ะเผื่อบางคนเพิ่งสนใจเรื่องธรรมะคำว่าอินทรีย์อ่อนหรืออินทรีย์เข้มแข็งค่ะคือยังไงคะพระอาจารย์,อินทรีย์เนี่ยมีความหมายว่าความเป็นใหญ่นก นกเราจะได้ยินนกอินทรีย์นกอินทรีย์คือนกนกที่มีความความยิ่งใหญ่ในตัวเองความใหญ่ของเขาคนที่เขาออกเดินเรือในทะเลเนี่ยก็จะใช้นกอินทรีติดตัวไปด้วยเพื่อที่จะให้บินออกไปที่สูงสูงกว้างไกลที่จะมองเห็นฝั่งบินไปที่ไหนก็จะรู้ว่าฝั่งไปตรงนั้นก็จะหันเรือไปทางนั้น นกอินทรีย์ตัวนี้ว่ามันมีความเป็นใหญ่ในท้องท้องฟ้าเพราะฉะนั้นคำนี้จึงถูกนำมาใช้เพื่อทำให้เราได้เข้าใจว่าความเป็นใหญ่ในด้านของศรัทธาคือความเชื่อวิริยะคือความพากเพียรสติการระลึกได้สมาธิความตั้งใจมั่นแล้วก็ปัญญาความรอบรู้ อินทรีย์ความเป็นใหญ่เหล่านี้ของเรามันอ่อนมันน้อยมากศรัทธาเราน้อยความเพียรน้อยสติน้อยสมาธิน้อยแล้วก็ปัญญาการรอบรู้ของคนในยุคนี้น้อย ดังนั้นเราเรียกว่าอินทรีย์อ่อนพออินทรีย์อ่อนเนี่ยเราต้องพยายามฟูมฟักแล้วก็อบรมบ่มความพึงพอใจความยินดีในด้านการมีศรัทธาให้มากขึ้นเชื่อในหลักการเชื่อในหลักคำสอนเชื่อว่าเราทำอย่างนี้ก็ต้องสำเร็จผลอย่าคิดว่ามรรคผลไม่สามารถเข้าถึงได้แล้วในชาตินี้ อย่าไปคิดอย่างนั้นตั้งศรัทธาตั้งความเชื่อไว้ให้มั่นคง สมัยอาตมาอยู่กับหลวงปู่คำสุข ท่านจะบอกเสมอว่าเวลาเราทำอะไรแล้วท้อแท้ท้อถอยเนี่ยท่านจะบอกเสมอว่าไอ้ต้นนี้ศรัทธามันอ่อนมันไม่มีศรัทธาศรัทธามันไม่แก่กล้าท่านจะพูดอย่างนี้ท่านจะทำอย่างนี้ท่านตำหนิอยู่เสมอตำหนิว่าศรัทธาไม่ไม่มีศรัทธาอ่อนศรัทธาไม่มากอย่างนี้ ต้องตั้งศรัทธาให้มากตั้งความจริงใจตั้งความเชื่อตั้งข้อปฏิบัติแน่นอนว่าเราปฏิบัติเรายังไม่เห็นว่าเส้นทางข้างหน้ามันคืออะไรและขณะที่ปฏิบัติมาเจอปัญหาเจอทุกข์เราก็ต้องไม่แน่นอนใจในสิ่งที่เราทำว่าจะสำเร็จหรือไม่สำเร็จอยู่แล้ว มันต้องไปลดทอนกำลังใจทางด้านการปฏิบัติและมีเหตุปัจจัยอื่นที่มันแทรกเข้ามาตรงกับสิ่งที่เราต้องการ เราก็ต้องเอียงไปหรือเฉไปตามเรื่องนั้นมันก็โอ้โหกว่าจะดึงกันมาอยู่ในหลักเกณฑ์ต้องตั้งศรัทธากันร้อยครั้งส่งผลกว่าจะได้ต่อสู้บนบนเส้นทางนี้จะถึงผลสำเร็จในสิ่งที่เป็นคุณธรรมทางศาสนาที่มีอยู่แล้วก็จึงมากล่าวแล้วบอกยืนยันกับพวกเราว่าการเข้าถึงคุณธรรมในศาสนานี้ยังสามารถเข้าถึงผลการปฏิบัติให้ตั้งใจมีความศรัทธามีวิริยะความพากเพียรมีสติระลึกรู้ในบทธรรมให้มาประกอบกับจิตตนเองเสมอมีสมาธิตั้งมั่นที่จะกระทำอยู่เรื่อยเรื่อยอย่าทอดธุระและแม้ทอดธุระไปก็พยายามปั้นขึ้นมาอีกเรื่อยเรื่อยแล้วก็ปัญญารอบรู้ในเหตุผลสิ่งที่เราทำเพียงพอหรือไม่เพียงพอบกพร่องตรงจุดไหนเติมเต็มอะไรเข้าไปอีกควรจะแก้ไขอะไรยังไงเพราะรอบรู้สิ่งเหล่านี้ให้มากนี่คือลักษณะของอินทรีย์,00:13:10,00:16:29,,
พอจะทราบว่าคนที่เขาประสบความสำเร็จนอกจากจะใช้ความพยายามแล้วก็ยังมีโชคดีด้วยอยากทราบว่าเราต้องสร้างกรรมหรือเหตุอะไรที่จะนำความโชคดีมาถึงเราได้บ้างคะเช่นคนที่เขาถูกรางวัลที่หนึ่งหรือเหมือนคนที่มีบางสิ่งบางอย่างมาช่วยเหลือในคราวที่ต้องการต้องทำกรรมอะไรมาก่อนหรือบุญอะไรมาก่อนถึงจะได้ผลแบบนี้คะ,บุญที่จะช่วยอุปถัมภ์ค้ำชูเราที่พระองค์ใช้คำว่าอุปถัมกรรม กรรมสนับสนุนกรรมอุปถัมภ์ อุปถัมภ์กรรมเนี่ยก็คือกลุ่มของเมตตากลุ่มของความกรุณาและมุทิตาทุกคนถูกรางวัลที่หนึ่งรีบอนุโมทนายินดีเหมือนกับตนได้สักนั้นจริงจริงเลยคือตั้งจิตยินดีกับเขาเลยมีความสุขแบบที่เขามีความสุข มีความรู้สึกดีใจอย่างที่เขารู้สึกดีใจแน่นอนว่าเราเขาถูกได้รับขนาดนั้นในการถูกรางวัลปริมาณก้อนใหญ่ขนาดนั้นเองเขาจะดีใจขนาดไหนเราก็ต้องสร้างความรู้สึกเหมือนกับเราได้รับอันนั้นสร้างจิตที่ดีกับเขาว่าอนุโมทนาด้วย ไม่จำเป็นต้องรู้ว่าทรัพย์นั้นได้มาแบบไหนก็ตามแต่เราไปยินดีที่เขาได้ ได้ผลแห่งความสำเร็จในได้สี่งนั้น การอนุโมทนานี่จะเป็นอุปถัมกรรมด้วยส่วนหนึ่งคือจะเข้ามาสนับสนุนตัวเราให้ได้ไปได้รับผลอาจจะไม่ได้รับผลแบบนั้นเต็มเต็มแบบคนนั้นได้รับแต่ก็ต้องได้ส่วนหนึ่งที่จะตอบสนองเข้ามาภายในชีวิตเราจากการที่เราตั้งจิตอนุโมทนาหรือเห็นใครประสบความสำเร็จเห็นใครได้ดีเห็นใครอะไรตรงไหนก็ตามที่มันเป็นเรื่องของความสำเร็จความได้มาซึ่งภาพสักการะอะไรที่มันตอบสนองต่อความต้องการที่เราอยากจะได้อนุโมทนาในเรื่องนั้นได้ทุกทุกเรื่องอย่าไปอิจฉาว่าทำไมไม่เห็นเป็นเราไม่ได้ ไม่อิจฉา,00:16:35,00:18:31,,
ใส่บาตรยามเช้าเราจะรู้ได้อย่างไรว่าญาติที่เราส่งไปจะได้รับผลบุญค่ะ,เรื่องนี้มันเป็นวิสัยของบุคคลผู้มีญาณในการล่วงรู้ที่จะรู้ได้แต่เราเชื่อตามหลักคำสอนของพระพุทธเจ้าไปว่าบุญที่เราทำแล้วอุทิศไปให้เนี่ยย่อมสำเร็จแก่ผู้ที่ละโลกนี้ไปแล้วแน่นอนก็มีเหตุปัจจัยเหมือนกันที่จะมากำหนดความสำเร็จในบุญนั้นว่าจะได้รับหรือไม่ได้รับจากบุคคลผู้ละชีวิตไปเหตุปัจจัยที่จะมากำหนดก็คือหนึ่งบุคคลผู้รับนั้นเป็นบุคคลผู้เป็นที่ตั้งแห่งการทำบุญ บุญเกิดขึ้นจริงจริงกับบุคคลผู้นั้นหากเป็นพระภิกษุเราตักบาตรหากเป็นพระภิกษุ พระภิกษุจะต้องเป็นพระภิกษุที่มีศีล หากพระภิกษุไม่มีศีลก็ อันนี้ถูกกล่าวไว้ตายตัวแล้วว่าบุญที่เราทำแล้วอุทิศจะไม่สำเร็จแก่ผู้ละชีวิตไปเพราะฉะนั้นเราก็ไม่รู้อีกว่าพระมีศีลหรือไม่มีศีลวิธีการที่ดีที่สุดก็คือให้เราเวลาใส่บาตรให้ตั้งใจอยู่ว่าทานของเราหรืออาหารที่เราใส่บาตรพระเนี่ย ใส่บาตรพระที่เป็นพระอรหันต์ตั้งใจไว้เลยอุทิศบุญจะสำเร็จแน่นอนถึงแม้ว่าท่านจะใช่หรือไม่แต่เราให้ทำใจราวกับว่าเราได้ใส่บาตรพระอรหันต์อย่างนั้นเลยใช่ไหมคะ แล้วเราสามารถอย่างนี้ได้เลยไหมคะพระอาจารย์ว่าเหมือนใส่ไปในบาตรของพระพุทธเจ้าเหมือนใส่ไปในบาตรของพระอรหันต์อะไรอย่างนี้เลยได้ไหมคะ พระพุทธเจ้าก็จะเกินไปหน่อยเพราะว่าพุทธองค์ไม่ได้ทรงพระชนม์อยู่แล้วแต่ว่าเรายังสามารถยังรับรู้ได้ว่ามีหลายหลายรูปที่เป็นพระอรหันต์อยู่ใช่ไหมล่ะเราก็ยังพอจะล่วงรู้พอเชื่อใจได้ว่าพระภิกษุมันเป็นนี่คือสิ่งที่พระองค์ตรัสได้เลยนะพระองค์สอนไว้เลยเรื่องนี้หากหากใครที่น่าจะตรัสไว้กับพระราชาองค์ใดองค์หนึ่งว่าหากไม่สามารถหาบุคคลผู้เป็นอริยบุคคลบุคคลผู้คนค่าแก่การทำบุญแล้วในบุคคลเหล่านั้นเต็มไปด้วยบุคคลผู้ทุศีลทั้งนั้นที่เราก็รู้ให้ตั้งใจไว้ว่าทานที่เราได้ให้นี้เราได้ให้กับพระอรหันต์หรือผู้ที่เข้าถึงบุคคลอันถึงที่สุดแล้ว ใครตั้งใจว่าอย่างนั้นแม้ผู้รับนั้นจะเป็นผู้ทุศีลก็ได้บุญเทียบเท่ากับพระอรหันต์,00:18:31,00:21:18,,
เราท่องพระปริตรทุกวันทั้งรัตนปริตรอาฏานาฏิยปริตรและขันธปริตรทุกวันได้ไหมคะ,พระพุทธเจ้าให้สวดอาฏานาฏิยปริตรทุกวันแต่บทอื่นอื่นเอาไว้ใช้บางกรณีมีเหตุเข้ามาแต่ทีนี้พระอาจารย์ก็มองว่าหากบทรัตนปริตรหากเราประสงค์อยากจะสวดทุกวันนั้นน่ะถึงแม้จะไม่มีไม่มีข้อกำหนดว่าสวดทุกวันได้เหมือนกับอาฏานาฏิยปริตรก็ตามแต่เราสวดในกรณีที่ไม่ได้ใช้เป็นปริตรแต่สวดเพื่อที่จะกล่าวถึงองค์คุณจริงของรัตนตรัยในบทรัตนปริตรนี้เรียกว่ารัตนสูตรสวดโดยสาธยายพระสูตรก็ได้คือไม่ได้ต้องการเพื่อเป็นปริตร อันนี้สวดทุกวันได้แต่อาฏานาฏิยปริตรนี้มีบทบัญญัติกำหนดไว้ตายตัวว่าสวดทุกวันได้เลยแล้วขันธปริตรให้ในใช้กรณีเมื่อประสบกับสัตว์ร้ายมีสัตว์ที่รบกวนก่อกวนภายในบ้านภายในบริเวณที่เราอาศัยอยู่หรือเราไปอยู่ที่ไหนก็ตามคิดว่าจะมีสัตว์ร้ายมารบกวนงูแมลงป่องตุ๊กแกอะไรประมาณนี้แล้วก็สวดขันธปริตรได้พระอาจารย์คะคำว่าปริตรด้วยตัวคำว่าปริตรเองนี่หมายความว่ายังไงเลย คำว่ามีความหมายว่าปริตรเนี่ยเต็มเต็มเนี่ยบทบาลีใช้คำว่าปริตรตาณะ ตาณะก็คือ ณ ตาณะแปลว่า เครื่องคุ้มครองเครื่องต้านทานเครื่องรักษา ถ้าปริตรธรรมดาเนี่ยปริตรธรรมดานี่แปลว่านิดหน่อยปริตรตาณะเนี่ยเครื่องคุ้มครองเครื่องต้านทานเครื่องรักษาหรือว่าธรรมชาติที่มันแผ่ไปแผ่ไปคุ้มครองคุ้มครองทั้งเราคุ้มครองทั้งคนอื่นฉะนั้นกรณีต้องการสวด จึงมีการสวดเพื่อตนกับสวดเพื่อคนอื่นมันมีการแผ่ไปแผ่ไปเนี่ยมันแผ่ไปถึงไหน พระองค์ตรัสไปว่าบทปริตรที่พระองคบัญญัติหรืออนุญาตให้สวดเนี่ยแผ่ไปถึงแสนโกฏิจักรวาลเช่นรัตนปริตรเนี่ย พระองค์ตรัสได้ว่าเทวดาในแสนโกฏิจักรวาลยอมรับเอาซึ่งพระปริตรเหล่านี้เพื่ออำนวยผลให้กับมนุษย์ผู้สวด ซึ่งปริตรเนี่ยจะแผ่ไปกว้างไกลมาก ค่ะคือพอดีหนูอันนี้ถามของเราเองด้วยว่า เงาะก็พอสวดมาบ่อยบ่อยทีนี้เราเริ่มจำได้เราก็ไม่ไม่ได้เปิดหนังสือสวดและทีนี้พอเราสวดพระสวดไปค่ะพระอาจารย์ก็จะมีแบบบางทีช็อต แบบว่าเอ๊ะอะไรต่อนะแล้วเราไม่มีหนังสืออยู่ในมืออย่างนี้ค่ะ แล้วก็มันก็เลยทำให้แบบ เอ๊ะเมื่อกี้ถึงไหนทำอะไรต่อนะคำไหนนะอย่างนี้ค่ะพระอาจารย์ระหว่างที่เราชะงักหรือติดขัดอย่างนี้คือเกร็งนิดนึงเพราะว่าเรามีการอันเชิญแบบว่าเทพเหล่าใดที่อยู่ตรงนี้มาฟังคำเนี่ยจงเบิกบานใจแล้วฟังถ้อยคำโดยเคารพเถิดเนี่ย แต่เราสวดไม่พริ้วเลยอย่างนี้ค่ะพระอาจารย์อย่างนี้ท่านจะไม่พอใจหรือเปล่า เราต้องเข้าใจว่าการสวดในความหมายของพระพุทธเจ้าไม่ใช่เป็นการสวดแบบเป็นทำนองหรือเป็นอะไรเป็นแบบฉบับการสวดในความหมายสวดเป็นภาษาไทยภาษาไทยที่เรากล่าวถึงในทางทางหลักของบทที่พระองค์สอนให้สวดประกาศเขาใช้เขาจะใช้คำว่าประกาศหรือคำว่าสาธยาย มันไม่ได้จำเป็นว่าจะต้องติดต่อเนื่องกันไปเสมอ แต่ถ้ามีเหตุมีเหตุจริงจริงมีเหตุในการที่จะใช้ต่อเรื่องนั้นนั้นจริงจริง ควรจัดสวดให้ต่อเนื่องติดต่อเป็นข้อความเป็นบทให้มันเต็มความไปเลยแต่ถ้าอยู่ในกรณีที่เราอยากจะทรงจำหรืออยากจะสาธยาย อาตมาว่าเทวดาคงไม่โกรธ,00:21:32,00:25:56,,
กราบนมัสการค่ะขออนุญาตสอบถามค่ะเป็นคนฝันถึงเลขสำหรับเสี่ยงโชคค่อนข้างแม่นค่ะแล้วฝันเห็นเลขบ่อยครั้งแต่เวลาซื้อลอตเตอรี่ผลออกมาจะเฉียดทุกรอบเลยบางทีก็สลับตำแหน่งเล็กน้อยหนูขอโทษด้วยหนูไม่ได้อ่านก่อนแล้วหนูก็อ่าน คุณกัลยากรถามว่ามันเป็นเพราะอะไรหนูขอโทษพระอาจารย์ด้วยไม่ทราบว่าอาจารย์จะตอบให้ไหมเจ้าคะ,คือเรื่องนี้จะต้องเข้าใจนะว่ามนุษย์เราเนี่ยผูกติดอยู่กับเรื่องโชคลาภกันมาแน่นอนว่ามันเป็นความคาดหวังเป็นส่วนหนึ่งที่คิดว่าเราอยากจะได้รับโชคลาภนี้บ้างในชีวิตของเขาแต่อย่าลืมว่าระบบของกรรมเนี่ยในตัวของคนทุกคนมันจะมีระบบกรรมที่จดจำการกระทำของมนุษย์ทุกการกระทำไว้เรียบร้อยแล้ว ส่วนหนึ่งของการที่เราฝันเห็นก็เป็นส่วนของกรรมอันหนึ่งที่เราเคยทำกรรมกรรมกรรมนี้มาความฝันนี้จึงบ่งบอกออกมาผ่านความฝันให้เราได้รับทราบในเรื่องนี้แล้วส่วนที่เราผูกติดอยู่กับเรื่องนี้โดยที่เราไม่ได้พิจารณาด้วยความเป็นโทษมันก็จะนำเราไปสู่วิบากคือการการกระทำกรรมมันจะนำไปสู่วิบาก ฝันเรื่องหวยเรื่องตัวเลขเรื่องอะไรแล้วก็ซื้ออย่างนี้หรือไม่บอกคนอื่นหรือประเภทใบ้หวยบอกไว้อะไรประมาณนี้ ตายไปแล้วก็ไปเป็นผีบอกหวยคนต้องไปคอยเข้าฝันคนต้องไปเป็นวิญญาณพลอยถ้าใครต้องการอยากจะได้เลขอะไรต้องคอยไปอยู่ใกล้เขาแล้วกระซิบข้างหูหรือไปทำอะไรก็ได้ให้เขาก็คือการใช้วิบากใช้กับถ้าไม่อยากได้ต้องโทษอย่างนี้ก็ค่อยคลายออกมาอันนี้ต้องพิจารณาเอาเอง,00:26:11,00:28:12,,
พระอาจารย์เมตตาเทศน์สอนเรื่องมรณานุสติหน่อยค่ะ,คือเรื่องของมรณานุสติเนี่ยมันจะมีตระกูลพราหมณ์อยู่ตระกูลหนึ่งนายพรามณ์นี้เขาถือการพิจารณามรณานุสติเนี่ยเป็นกิจวัตรเป็นเป็นข้อปฏิบัติที่ทำมาตลอดทั้งชีวิตพร่ำสอนนางพราหมณีผู้เป็นภรรยาของตนเองให้พิจารณามรณานุสติไปด้วย แล้วพร่ำสอนบุตรธิดาพร้อมทั้งคนรับใช้ให้พิจารณามรณานุสตินี้ด้วยบทที่เขาพิจารณามรณานุสตินี้เขาได้พิจารณาอยู่เป็นประจำสม่ำเสมอเนืองเนืองไม่ทอดธุระปล่อยวางเลยเหมือนกับการท่องธาตุไว้ในใจว่าความตายเป็นของเที่ยงชีวิตเป็นของไม่เที่ยงความตายเป็นของยั่งยืนชีวิตเป็นของไม่ยั่งยืนผู้คนจักพึงตายเป็นแน่แท้ เขาก็ระลึกอย่างนี้ไว้ในใจพิจารณาอย่างนี้ แล้วก็ภรรยานางพราหมณีก็พิจารณาอย่างนี้ด้วยเหมือนกันว่าความตายเป็นของเที่ยงชีวิตเป็นของไม่เที่ยงความตายเป็นของยั่งยืนชีวิตเป็นของไม่ยั่งยืนทุกคนจักพึงตายเป็นแน่แท้ นางพราหมณีก็ใส่ใจพิจารณาทั้งกลางวันทั้งกลางคืนคนทั้งก่อนและเวลาเขาทำต้องทำอย่างไรจริงจังมากจริงใจในการหัดลูกชายลูกสาวก็ทำตามอย่างนี้ จนกระทั่งคนรับใช้เขาก็อบรมแล้วก็ให้โอวาทคนรับใช้ว่าเธออย่าประมาทนะความตายเนี่ยไม่มีใครสามารถล่วงรู้ได้เธอจงพิจารณาความตายไว้อยู่สม่ำเสมอในใจครใช้ก็ยอมทำตาม เขาก็พิจารณาความตายกันจนเป็นสิ่งที่ไม่สามารถที่จะทอดทอดธุระทอดทิ้งคือทำเป็นอุปนิสัยเลยทุกวันต้องพิจารณาความตายอย่างนี้เสมอวันหนึ่งก็ไปนายพรามณ์กับลูกชายออกไปไถนาที่ที่ที่มาของตนเพื่อที่จะปรับที่นาในการไถระหว่าง พอไปสู่ที่นาแล้วเนี่ยลูกชายเขาไปถากถางพื้นที่ พ่อก็เตรียมลงพื้นที่ในการไถนาในขณะที่ไถนาไปก็บอกว่าความตายเป็นของเที่ยงชีวิตเป็นของไม่เที่ยง ความตายเป็นของยั่งยืนชีวิตเป็นของไม่ยั่งยืนทุกคนจักต้องตายเป็นแน่แท้ลูกชายที่ถากถางพื้นที่ถางต้นไม้ถางอะไรในที่นั้นนั้นก็พิจารณาความตายเหมือนกันว่าความตายเป็นของเที่ยงชีวิตเป็นของไม่เที่ยงความตายเป็นของยั่งยืนชีวิตเป็นของไม่ยั่งยืนทุกคนจักต้องตายเป็นแน่แท้ต่างคนก็ตามพิจารณาอย่างนี้ในใจของตนเองก็ทำการงานทำงานไประหว่างที่ลูกชายถางถากถางที่ที่จะกลับไปที่นาอยู่นะไปถางตรงที่เป็นจอมปลวกที่ในจอมปลวกนั้นจะมีงูเห่าอยู่อาศัยอยู่บริเวณนั้นงูเห่าก็ถูกกองฟืนที่ลูกชายของนายพรามณ์เนี่ยกองกองสูงกันไว้ในการถากถางพื้นที่อยู่ในรูไม่ได้แล้วก็เลยเลื้อยออกมาเพราะว่ามีควันเข้าไปอยู่ในรูอยู่ไม่ได้ก็เลยเลื้อยออกมาพอเลื้อยออกมาก็เห็นลูกชายของนายพรามณ์ก็เลยฉกกัดคิดว่าลูกของนายพรามณ์เนี่ยเป็นคนทำร้ายเป็นคนปล่อยควันเข้าไปในรูที่ตัวเองอาศัยอยู่ก็เลยฉกกัดจนถึงกับชีวิตไปนายพรามณ์ไถนาอยู่เนี่ยหันกลับมาดูลูก อยู่อยู่เห็นลูกชายยืนอยู่แล้วก็ล้มลง นายพราหมณ์ก็เลยคิดในใจว่าต้องมีเหตุอะไรที่ไม่เป็นปกติแน่นอนแต่ในใจระลึกอยู่ว่าความตายเป็นของเที่ยงชีวิตเป็นของไม่เที่ยงความตายเป็นของยั่งยืนชีวิตเป็นของไม่ยั่งยืนทุกคนจักพึงตายเป็นแน่แท้ แล้วก็เริ่มตะหงิดใจอยู่ว่าลูกเนี่ยล้มไปแล้วไม่ขยับเลยแสดงว่าตายแน่นอนในขณะที่เดินไปดูศพลูกชายก็คิดพิจารณาความตายเป็นของเที่ยงไปเรื่อยเรื่อยจนไปเห็นศพลูกชายนอนตาย พอเห็นศพผู้ชายนอนตายจริงจริงก็บอกอุทานเลยอ่ะโอ้โหความตายเป็นของเที่ยงชีวิตเป็นของไม่เที่ยงความตายเป็นของยั่งยืนชีวิตเป็นของไม่ยั่งยืนผู้คนจักพึงตายเป็นแน่แทสิ่งที่มีความตายเป็นธรรมดาย่อมเข้าถึงความตายเป็นธรรมดาสิ่งที่มีความแตกสลายเป็นธรรมดาย่อมเข้าถึงความแตกสลายเป็นธรรมดาอุ้มศพลูกชายไปวางไว้ที่ใต้ต้นไม้ ไถนาต่อและพิจารณาความตาย ไม่เศร้าโศกไม่เสียใจเพราะได้กำหนดกรรมฐานตัวนี้ไว้ในใจอยู่มาตลอดและเวลาหลายสิบปีแล้วก็เลยจิดมันเลยไม่หวั่นไหวเข้าใจความจริงนี้ได้ได้อย่างยอมรับอย่างราบคาบนี่ทีนี้ในระหว่างที่ไถนาอยู่นั้นมีคนที่เขาไปไถนาเหมือนกันเขาจะเข้าสู่หมู่บ้านก็ผ่านมาที่ที่นาของนายพรามณ์ผู้นี้เข้ามาถามนายพรามณ์ว่าเราจะเข้าไปสู่หมู่บ้านท่านจะต้องการอะไรในหมู่บ้านหรือเปล่าแต่นายพรามณ์ก็บอกว่าปกตินางพราหมณีผู้เป็นภรรยาเราเนี่ยจะต้องทำอาหารมาส่งในเวลาสาม ปกติเขาจะทำอาหารสองสำหรับมาเพื่อบุคคลสองคนจงไปแจ้งนางพราหมณีที่เป็นภรรยาของเราได้ว่าอาหารสำหรับบุคคลสองคนนั้นให้ทำเหลือแค่คนเดียวก็พอจัดมาสำรับเดียวบอกแค่นี้นะแค่นี้พอแล้ว ไม่ได้บอกข่าวเรื่องลูกลูกชายตายเลยคนนี้ก็เลยกลับเข้าไปในหมู่บ้านแล้วก็ไปแจ้งเรื่องนี้ต่อนางพราหมณีก็เริ่มแปลกใจที่ปกติเราต้องไปส่งอาหารสองสำหรับทุกวัน แต่วันนี้บอกให้ส่งไปสำรับเดียวต้องเกิดเหตุอะไรแน่นอน ก็พิจารณาความตายอยู่ในความตายเป็นของเที่ยง ชีวิตเป็นของไม่เที่ยง ความตายเป็นของยั่งยืนชีวิตของยั่งยืนความตายเป็นของยั่งยืนชีวิตเป็นของไม่ยั่งยืนทุกคนจักตายเป็นแน่แท้ แล้วก็ต้องสงสัยในความสงสัยก็ต้องคิดสงสัยไม่พ่อกับลูกคนใดคนหนึ่งต้องตายแน่นอนเพราะไม่เคยเกิดเหตุนี้ แต่ก็ทำผิดไม่ได้ไม่เศร้าโศกไม่เสียใจไม่หวั่นไหวต่อเนื่องของทำเป็นความตายก็เลยชวนลูกสาวพร้อมกับคนใช้ไปพร้อมกันหมดเลยในวันนั้น แล้วบอกกำชับลูกสาวด้วยนะว่าเธอพิจารณาความตายอย่าขาดสตินะ บอกคนรับใช้ว่าเธอจงพิจารณาความตายอย่าขาดสตินะ ไปที่นานั้นพร้อมกันเลย เขาก็เริ่มจะจับอะไรได้แล้วว่าคงจะต้องมีใครตายแน่นอนว่าเราก็ต้องไปไปร่วมกันเผาศพอะไรประมาณนี้ คำนวณไว้อย่างนั้นไปถึงก็เป็นอย่างนั้นจริงจริงร่างศพของลูกชายนอนอยู่ใต้ต้นไม้เสียชีวิตพอนางพราหมณีไปถึงนายพราหมณ์ก็วางไถเดินขึ้นมาบริโภคอาหารนั่งบริโภคอาหารแล้วก็พิจารณาความตายนี้ไปด้วยในขณะที่บริโภคอาหารแสร็จแล้วปั๊บเนี่ยก็ช่วยกันอุ้มลูกชายไปสู่เชิงตะกอนเพื่อที่จะเผาขณะที่จะเผาเนี่ยแต่ละคนก็จะพิจารณาความตายด้วยบทที่ว่าทุกคนจะกล่าวบทนี้ออกมาทีนี้ด้วยการพิจารณามรณานุสติความตายของนายพราหมณ์ผู้นี้เนี่ยมันเกิดองคุณอย่างหนึ่งขึ้นในด้านการพิจารณาส่งผลให้ท้าวสักกะเทวราชอยู่บนสวรรค์คือพระอินทร์เกิดอาสนะสะท้านสะเทือนขึ้นมาด้วยองค์คุณธรรมของการพิจารณาความตายก็เลยไม่สามารถดำรงอยู่ในทิพย์วิมานได้ก็ตรวจดูว่ามันเกิดเหตุอะไรในโลกมนุษย์นี้ก็เลยได้รับทราบว่าองค์คุณของการพิจารณามรณานุสติของนายพราหมณ์ผู้นี้นี่เองส่งผลกระเทือนไปถึงสวรรค์ทำให้เป็นที่รับรู้ที่เราจะต้องลงมาแสดงอะไรบางอย่างในโลกมนุษย์นี้ให้คนได้รู้ว่า การพิจารณาความตายนี้มีคุณค่ามีองค์คุณเกิดขึ้นจริงจริงไม่ใช่การพิจารณาความตายหลายคนมองว่าความตายเป็นสิ่งที่ไม่ดีเป็นเรื่องอัปมงคลไม่ควรที่จะนำมาพูดหรือไม่นำมาคิดแต่พระองค์บอกว่านี่คือสิ่งที่มีคุณค่า พระอินทร์ก็เลยแปลงกายลงมาคือไม่ได้มาในรูปของพระอินทร์แปลงพระอิทร์แปลงมาเป็นบุรุษผู้หนึ่งทำทีว่าเดินผ่านไปที่ที่เขาเผาซากศพลูกชายอยู่นั่นก็เตรียมที่จะเผานั่นแหละแต่ก็ไปยืนดูแล้วถามว่าพวกท่านทำอะไรอยู่ฝ่ายนายพราหมณ์ก็บอกว่าอ๋อเรากำลังจะเผาลูกชายไม่เป็นไม่เป็นจริงแล้วมั้งเผาลูกชายอะไรไม่เห็นมีใครร้องไห้สักคนลูกชายของท่านแท้แท้เนี่ย สงสัยท่านย่างเนื้ออยู่มั้งไม่ใช่เผาลูกชายหรอกอย่ามาโกหกเราเลยถ้าย่างเนื้อก็เอามาแบ่งปันกันบ้างนายพราหมณ์ก็บอกว่านี่ลูกชายเราจริงจริง เราไม่ได้โกหกท่านไม่ได้โกหกทำไมไม่เห็นมีใครเศร้าโศกเสียใจลูกชายตายทั้งคนหรือลูกชายท่านนิสัยไม่ดีหรือลูกชายท่านนิสัยเกเรหรือลูกชายท่านทำตัวเป็นอันธพาลทำตัวไม่เป็นที่น่ารักน่าพอใจของพวกท่านเหรอท่านถึงรังเกียจลูกขนาดนี้ไม่มีใครเศร้าโศกเสียใจเลย นายพราหมณ์ก็บอกว่าไม่มีเราไม่ได้รังเกียจลูกชายเรารักลูกชายอย่างอย่างมากเลยแต่ที่เราไม่เศร้าโศกเพราะว่าเราได้พิจารณาความตายอย่างนี้ ทีนี้ก็เลยไปถามถามแม่ทีนี้ท่านเป็นมารดาของคนที่ตายอยู่บนเชิงตะกอนนั้นใช่ไหมพี่เตรียมจะเผาอยู่นี่ มารดาก็บอกว่าใช่ นางพราหมณีบอกว่าใช่เราแหละคือแม่ ธรรมดาหัวอกของผู้เป็นแม่เนี่ยจะต้องรักบุตรอย่างมากบุตรตายขนาดนี้ต้องมีความเศร้าโศกเสียใจบ้างสิมีอะไรยืนดูกันอยู่เฉยเฉยเนี่ย เป็นไปได้หรือที่จะไม่เสร้าโศกเสียใจ แม่ก็บอกว่านางพราหมณีก็บอกว่าก็ความตายเป็นของเที่ยงชีวิตเป็นของไม่เที่ยงความตายเป็นของยั่งยืนชีวิตเป็นของไม่ยั่งยืนทุกคนก็ต้องถูกต้องตายอย่างนี้แหละไม่ได้แตกต่างกันสิ่งที่มีความตายเป็นธรรมดาเพราะต้องเข้าถึงความตายเป็นธรรมดาไม่ได้ผิดไปจากธรรมดาสิ่งที่ต้องเข้ามีความแตกสลายเป็นธรรมดาก็ต้องเข้าถึงความแตกสลายเป็นธรรมดามันไม่ได้ผิดจากความเป็นธรรมดา เขามาเกิดเราก็ไม่ได้อ้อนวอนร้องขอให้เขามาเกิด เวลาเขาตายเราก็ไม่ได้เรียกร้องให้เขาตายเขามาด้วยกรรมของเขาก็ไปด้วยกรรมของพระอินทร์ก็บอกว่าทำไมเป็นไปไม่ได้หรอกเลยถามไปถึงนางที่เป็นลูกสาว เนี่ยเธอเป็นน้องของคนที่ตายยังใช่เราเป็นน้องสาวเองทำไมไม่เศร้าโศกเสียใจกับพี่ชายจะไปเศร้าโศกเสียใจทำให้ความตายเหมือนงูลอกคราบงูลอกคราบเนี่ยต้องเสียต้องเสร้าโศกเสียใจทำไม พูดกันอย่างนี้คือเวลาเขาเขากล่าวบทคำอันนี้ออกมาเล่ามาจากการที่เขาได้เข้าใจชีวิตจริงจริงแม้แต่นางทาสคนรับใช้เนี่ยก็ยังถูกถามว่า เธอจะเป็นคนรับใช้ลูกของนายพราหมณ์พวกนี้ทำอะไรไม่ดีกับท่านหรือเปล่าท่านหรือไม่ร้องไห้ท่านเป็นคนรับใช้เขาจะต้องทำอะไรไม่ดีกับท่านแน่นอนท่านถึงไม่ร้องไห้ต่อเจ้านายที่ละชีวิตไปเลยยืนอยู่เฉยเฉยไม่มีความเศร้าโศกเสียใจนางทาสก็บอกว่าเนี่ยลูกนายพราหมณ์คนนี้เป็นคนดีไม่เคยทำอะไรให้เรารู้สึกเดือดร้อนใจรำคาญใจทุกข์ใจอะไรเลยที่เราไม่ร้องไห้เพราะเราได้พิจารณาความตายอันนี้นายพราหมณ์เป็นผู้พร่ำสอนเราเราก็เลยรู้สึกว่ามันเป็นเรื่องธรรมดาความตายเป็นเรื่องปกติ พระอินทร์แปลงมาแล้วบอกว่าโอ้โหพวกท่านทำไมมีคุณธรรมกันขนาดนี้นี่ก็ถือว่าการพิจารณาความตายได้อย่างนี้ถือว่าเป็นคนมีคุณธรรม ถ้าท่านมีคุณธรรมกันขนาดนี้ไม่ต้องมาทำนาแล้ว นายพราหมณ์ว่าไม่ทำได้อย่างไรไม่ทำแล้วจะเอาอะไรกิน เอาเถอะน่าขอให้ท่านกลับไปบ้านเถอะท่านก็จะรู้เองว่าไม่ต้องมาทำทำนาอีกแล้วพอเผาลูกชายเสร็จกลับไปถึงบ้านพระอินทร์นี่ก็ได้ให้ทรัพย์สมบัติอยู่ในเรือนเต็มเต็มเรือนก็คือได้เป็นเศรษฐีในเมืองในวันนั้นเลยอันนี้คือผลจากการพิจารณาความตาย มรณานุสติ,00:28:27,00:41:05,,
คุณแม่นี่อยู่โรงพยาบาลสิบเก้าวันเนื่องจากติดเชื้อโควิดลูกลูกไปดูแลไม่ได้แม่คงจะคิดถึงลูกจนท่านสิ้นลมหายใจ จะทำยังไงให้ลูกเนี่ยหายจากความรู้สึกผิดที่ไม่ได้ดูแลท่านคะ,"ในวิกฤตอย่างนี้การที่เราไม่ได้ดูแลท่านไม่ได้เป็นความไม่ดีในตัวเราเพราะมันเป็นวิกฤตที่ไม่สามารถเข้าไปดูแลกันได้อยู่แล้ว ฉะนั้นการที่เราสร้างความรู้สึกผิดขึ้นมาเนี่ยมันเป็นการสร้างขึ้นมาจากจากความหลงผิดหรือความไม่เข้าใจในตัวเราเองมันไม่ได้ถือว่าเป็นความผิดไม่ว่ากรณีใดก็ตาม นี่แหละคือด้วยเหตุการณ์ด้วยเหตุด้วยเหตุที่ว่าเราอาศัยอยู่ในโลกนี้เราไม่สามารถที่จะคาดการณ์สิ่งต่างต่างที่จะเกิดขึ้นกับชีวิตเราได้การฝึกฝนทางด้านการปฏิบัติธรรมพิจารณาสร้างความเข้าใจในธรรมมะนี่ จึงเป็นส่วนสำคัญมากเวลาเราเจอเหตุการณ์และเรื่องราวอย่างนี้ที่จะนำมาใช้และมาปฏิบัติแล้วก็จะเข้าใจเหตุการณ์สถานการณ์อยู่ในโลกของความเป็นจริง
มองเห็นเหตุการณ์ตามความเป็นจริงเข้าใจสิ่งที่มันเกิดขึ้นจริงจริงจะไปเอาเหตุการณ์หรือการที่เราไม่ได้ทำอะไรต่อต่อมารดาเนี่ยในสถานการณ์อย่างนี้ในวิกฤตอย่างนี้ความเป็นการก่อโทษหรือเป็นความผิดในตัวเองอันนี้มันเป็นเรื่องที่สุดวิสัยจริงจริงมันเป็นเรื่องที่สุดวิสัยจริง สิ่งที่เราควรจะกระทำก็คือถ้าเราทำได้นะทำได้อยู่ที่บ้านทำบุญระลึกถึงแม่แล้วอุทิศไปให้ท่านเราสามารถอุทิศให้ก่อนที่ท่านจะละสังขารได้เลยแล้วมันจะได้ประโยชน์สองส่วน ส่วนแรกหากท่านยังสามารถมีบุญที่จะมีชีวิตอยู่บุญที่เราอยู่ที่ได้จะไปสืบต่อให้ท่านพ้นจากโรคได้แล้วก็สืบต่อชีวิตไปได้ หากท่านจะละสังขารบุญที่เราคิดให้จะเป็นคตินิมิตรองรับสุคติภูมิอันดีสำหรับท่าน นี่คือการทำบุญที่ไปให้ อันที่สองเราก็สวดพระปริตรส่งไปให้ท่านในรัตนปริตรเนี่ยส่งไปให้ท่านเลยในกรณีอย่างนี้สามารถทำได้ อันที่สามอธิษฐานว่าถ้าใครเข้าถึงพระรัตนตรัยอย่างที่พระอาจารย์แนะนำตั้งแต่บทพุทโธเมนาโถ ธัมโธเมนาโถมาเนี่ยอธิษฐานว่าขออนิสงค์แห่งรัตนตรัยที่ข้าพเจ้าเข้าถึงนี้จงเข้าไปรองรับจิตใจมารดาของข้าพเจ้าในเวลานี้ด้วย อย่างน้อยกระแสของพระรัตนตรัยระหว่างแม่กับลูกส่งถึงกันเนี่ยจะช่วยส่งเสริมกันและกัน
ได้อยู่ เพราะพระองค์บอกว่าน้ำจิตน้ำใจอันงามที่แสดงออกระหว่างมารดาบิดากับคุณเนี่ยจะเป็นส่วนช่วยทำให้ ถ้าเป็นมารดาบิดากระทำจิตอนุเคราะห์บุตรด้วยน้ำใจอันงามนั้นบุตรนั้นจะเข้าถึงความเจริญด้วยกระแสแห่งจิตใจที่ดีที่มาบิดาส่งมาให้บุตร หากบุตรส่งไปให้บิดามารดาก็ถือว่าเป็นการตอบแทนคุณท่านในกรณีทางใจเหมือนกัน",00:42:17,00:45:32,,
วินวินนะคะถามว่าตอนวัยรุ่นเนี่ยไปกินข้าวไปกินกับข้าวที่แม่ทำไว้แต่ไม่รู้ว่าแม่จะเอาไปถวายพระสงฆ์มารู้อีกทีคือแม่เอาไปถวายพระเพลแล้วเราก็ไม่กล้าบอกแม่เพราะถ้าบอกวันนั้นก็จะไม่มีอะไรถวายเดี๋ยวแม่ตีทีนี้เรื่องนี้ก็คงฝังใจค่ะเขาก็เลยอยากถามว่าเขาจะแก้ยังไงได้บ้างคะ,"วิธีการแก้ก็คือมันเป็นแบบเลยนะเป็นแบบว่าหากการที่เราได้เอาอาหารนั้นไปบริโภคโดยอาหารนั้นถูกตั้งใจไว้ว่าจะเอาไปถวายพระการบริโภคก่อนที่จะไปถวายพระนั้นถือว่าเป็นการบริโภคของสงฆ์ถือเป็นการขโมยของสงฆ์ ใช่ก็อย่างที่พระอาจารย์เคยเปรียบเคยอธิบายว่ามันมีเรื่องหนึ่งในครั้งพุทธกาลที่มีชาวบ้านตั้งของทานไว้เพื่อจะถวายแก่พระภิกษุสงฆ์การตั้งของทานยังไม่ถวายนะแค่ว่าตั้งแรงจูงใจตั้งความปรารถนาว่าทานที่เราทำเนี่ยจะถวายให้กับพระสงฆ์สาวกของพระสัมมาพุทธเจ้าคือถวายกับพระสงฆ์เนี่ย ในระหว่างที่ตั้งไว้เนี่ยยังไม่ถวายเลยมีกาตัวหนึ่งบินมาอาหารนี้พอดีพอเห็นอาหารนี้หลากหลายเต็มไปหมดเลยเกิดความต้องการบริโภคอาหาร อยากกินพูดง่ายง่าย บินมาก้อโฉบอาหารนี้ไปกิน กาตัวนั้นยังตกนรกโดยเฉพาะการบริโภคกินของสงฆ์นั้นน่ะ ยังไม่ขึ้นมาจากนรกจนปัจจุบัน แล้วแก้อย่างไรดีเจ้าคะ ขอทางแก้เลยเจ้าค่ะ วิธีการแก้ก็คือ ด้วยความที่พุทธองค์วางหลักการไว้ว่าอนาคตการข้างหน้าตถาคตยังไม่ทรงพระชนม์อำนาจทั้งหมดจะตกอยู่กับสงฆ์คำว่าสงฆ์คืออาศัยพระภิกษุสี่รูปในการทำสังฆกะการทำสังฆกะเพื่อที่จะปลดเปลื้องโทษบางอย่างในในสิ่งที่เกิดขึ้น ระหว่างฆราวาสกับพระภิกษุได้คือสังฆกรรมเนี่ยเป็นกิจของสงฆ์ที่ทำไม่ว่าจะเป็นสวดพระปฏิโมกก็เป็นสังฆกรรมในหนึ่งทางด้านหนึ่งก็เป็นสังฆกรรมอย่างนี้คือสงฆ์มีอำนาจในการทำสิ่งเหล่านี้ได้อุปสมบทก็เป็นสังฆกรรมอันหนึ่งที่เป็นสิทธิที่สงฆ์สามารถทำได้พระอาจารย์ก็เลยมองว่าเมื่อพุทธองค์มอบอำนาจให้กับสงฆ์แล้ว พระองค์ก็เลยประยุกต์ว่าเมื่อเมื่อฆราวาสบางคนที่ไม่ได้รู้ แม้อาตมาเองแต่ตอนเป็นเด็กเป็นเด็กก็เคยไม่ใช่แอบหรอกคือเราไม่รู้หรอกยายเขาทำอาหารไปให้พระแต่เราก็เอาไปกินก็เค้าทำให้พระอ่ะเนอะนิมนต์พระภิกษุสงฆ์ไม่แน่ใจว่าพระภิกษุสงฆ์ในเวลานี้จะเข้าใจวิธีการนี้หรือเปล่าแต่จะอธิบายไว้ตรงนี้ว่าถ้าเราไปแจ้งความต่อสงฆ์คือสงฆ์คือขอพระภิกษุสี่รูปเนี่ยมานั่งต่อหน้าแล้วทำการร้องขอต่อสงฆ์เพื่อให้สงฆ์เปลื้องโทษให้กับเราว่าข้าพเจ้าได้ละเมิดของสงฆ์โดยการหยิบอาหารที่จัดถวายแต่พระสงฆ์เนี่ยไปบริโภคด้วยความไม่ตั้งใจขอสงฆ์จงเปลื้องโทษอันเกิดจากการที่ข้าพเจ้าได้นำของสงฆ์นั้นไปบริโภคด้วยความไม่รู้นั้นด้วยเถิดคือไปร้องขอต่อสงฆ์อย่างนี้ทีนี้ขอให้สงฆ์เนี่ยรับเรื่องมาพอสงฆ์รับเรื่องแล้วเนี่ยพระสงฆ์สี่รูปก็จะเขาเรียกว่าทำทำไม่เชิงว่าเป็นพิธีกรรมและเป็นสังฆกรรมแหละว่าขอสงฆ์ท่านทั้งหลายขอสงฆ์จงฟังข้าพเจ้าบัดนี้มีญาติโยมผู้นี้ได้มาร้องขอต่อสงฆ์ในเรื่องนี้เรื่องนี้จากที่เขาแจ้งเมื่อกี้เนี่ยสงฆ์เห็นสมควรในการที่จะเปลื้องโทษโยมผู้นี้ให้พ้นจากพวกเป็นผู้ไม่มีโทษปราศจากโทษในการบริโภคของสงฆ์หรือไม่ หากสงฆ์เห็นชอบคุณนี่หากสงฆ์ไม่เห็นชอบคัดค้านสงฆ์ถ้านิ่งอยู่ก็คือไม่คัดค้านใดใดก็ถือว่ายอมรับว่ายอมที่จะเปลื้องโทษให้กับบุคคลผู้นี้ในการละเมิดของสงฆ์ม่ให้มีโทษในเรื่องนี้ถ้าสงฆ์นิ่งก็คือว่ายอมรับกันในหมู่ยอมรับกันแล้วก็มองเห็นชอบเมื่อสงฆ์ไม่เห็นชอบของนักการสงฆ์นิ่งอยู่ข้าพเจ้าจัดส่งความนี้ไปด้วยอย่างนี้คือประกาศให้เป็นที่รับค่ากัน แล้วก็หันมากล่าวกับโยงคนนี้บอกว่าส่งได้เบื้องญาติโยมผู้นี้ให้พ้นจากการเป็นผู้บริโภคหลังสูงด้วยความไม่รู้ในครั้งที่ผ่านมาเรียบร้อยแล้วฉะนั้นโยมผู้นี้ก็เป็นผู้พ้นโทษไม่มีข้อตามจากโทษใดใดทั้งปวงในการที่เป็นผู้บริโภคของคนคือต้องต้องทำไงเนี่ยเขาเรียกว่ามันจะมีอยู่ในข้อกำหนดในภาพวินัยข้อที่เรียกว่าประกาศทำของส่งของส่งไม่หวงแหนไว้เพื่อที่จะให้เกิดโทษกับบุคคลผู้เข้าไปใช้แต่บางบางพื้นที่ญาติโยมหลายท่านไม่เข้าใจบางพื้นที่บางวัดบางสำนักเนี่ยที่ไม่ได้เข้าใจหลักการตรงนี้แล้วไม่ได้ประกาศหัถกรรมคือไม่ได้ทำหัตถกรรมและประกาศของส่งให้หัวแขนไว้เนี่ยถ้าญาติโยมว่าชาวบ้านเข้าไปในวัดแล้วใช้อะไรก็ตามอยู่ในวัดที่เป็นอันนี้เขาเรียกว่านี่มันเลยเกิดมีการปิดที่สองในกรณีแต่นี่ผมไม่ได้ไปเอาเงินไปชำระนะการเอาเงินไปทำให้ส่งมันไม่ถูกต้องวิธีการคือไปแจ้งต่อสงค์แล้วบอกให้ส่งมากดเครื่องโทษแล้วส่งในอาวาสแต่ละอาวาเนี่ยควรจะลงตามประชุม
การประกาศไว้ว่าสิ่งของใดใดก็ตามอันควรแก่การบริโภคของผมนี้เราไม่ควรหวงแหนไว้จำเพาะบริโภคของสมโดยส่วนเดียวแต่ควรที่จะเป็นของบริโภคแก่ชาวบ้านที่เข้ามาขายในอันนี้ด้วยคือการประกาศแล้วอย่างนี้เพื่อป้องกันไม่ให้เกิดโทษสำหรับคำว่ายานยนต์ที่เข้าไปในอาวาสนั้นหยิบผลไม้มากินบางทีไปเอาอะไรมาก็ไม่รู้ฝีมือไปด้วยอย่างนี้เราสมมุติเราไปทำค่าที่วัดวัดนึงแต่เราไปขอขมาจากสงฆ์ที่วัดอื่นก็ได้ใช่ไหมคะพระจันทร์ค่ะ จริงจริงคนมีพิธีกรรมนี้สังฆกรรมนี้ทุกปีให้คนว่าคนบางทีก็พลาดแบบนี้กันนะคะขอบคุณวินวินมากที่ถามมาก็เป็นความรู้ของครูไปด้วยเลยนะคะ",00:45:42,00:52:37,,
คุณศรีสุดาถามว่ากราบนมัสการพระอาจารย์ค่ะอยากทราบว่าถ้าเกิดตัณหาขณะปฏิบัติควรพิจารณาอย่างไรดีคะ,ปัญหาที่เกิดขึ้นเราต้องมาพิจารณาว่าปัญหานี้เป็นปัญหาโดยเจตนาหรือไม่เจตนาปัญหาเวลามันเกิดขึ้นมันจะมีสองประสาทลักษณะแรกคือเกิดเองโดยตัวของปัญหาอันนั้นเพราะมีเหตุปัจจัยต่อตัวให้มันเกิดขึ้นมา พอมัoเกิดขึ้นมาแล้วเนี่ยถ้าเราไปเจตนาต่อต่อปัญหาอันนั้นมันก็จะเป็นปัญหาใหม่ ถ้าอาจารย์จึงบอกว่าปัญหามันจะมีอยู่สองสองวาระสองช่วงเสมอถ้าเราพิจารณาดูว่าเราขณะที่เราปฏิบัติจู่จู่เนี่ยเราไม่ได้ต้องการให้มันเกิดมันเกิดขึ้นมาด้วยปัจจัยบางอย่าง ซึ่งเราก็ไม่รู้ว่าปัจจัยอันนั้นมันคืออะไรแต่มันเกิดขึ้นมาแล้วเนี่ยเขาเรียกว่าอันนี้คือปัญหาอันเกิดจากสมุทัยแต่บางออกคือสมุทัยที่มันสืบเนื่องมาในระบบของขันเนี่ยให้ปฏิบัติอย่างนี้,00:52:37,00:54:14,,
คุณสุนีย์ค่ะสอบถามว่าสนใจเรื่องพญานาคและมนุษย์ต่างดาวพอพอกันค่ะอยากทราบว่าสองสิ่งนี้มีจริงไหมคะจะได้เลิกสงสัยค่ะ,อยากมีอยู่จริงพระองค์ก็เคยเคยใช้ชาติเกิดเป็นพระเหมือนกันปัจจุบันนี้ก็ยังมีอยู่จริงพญานาคแต่ต้องเข้าใจแล้วคำว่ายาน่าเสียใจไม่ได้รวมถึงคำว่าหน้าทั่วทั่วไป พญาหมายถึงผู้เป็นเจ้าเห็นเจ้าแห่งนั่นคือมีอาณาเขตในการปกครองแต่ละเขตลุ่มน่านน้ำบ้างปกครองเขตในนาคพิภพบนดินบ้างมีนาคดินนาคน้ำนาคอากาศมันมีหลายหลายจำพวกคือถ้านาคตัวไหนที่มีอำนาจวาสนาเป็นถึงขั้นพญายาคือผู้เป็นเจ้าของหน้าที่ปกครองในเขตนั้นนั้นอันนั้นคือเป็นเจ้าพระยาเป็นพญานาคหน้าทั่วไปเขาเรียกว่านาคที่เป็นบริวารหน้าบริวารนาคนี้จะไม่ว่าไม่ใช่เจอเจอบริวารนาคก็จะเข้าใจเป็นพญานาคเสมอไปไม่ใช่ความแตกต่างก็คือถ้าหน้าที่เป็นพยานเนี่ยจะไม่มีทางเข้ามาแทรกสีหรือเขาเรียกว่าโทรมในร่างกายจะไม่เข้าส่วนมากจะเป็นหน้าธรรมดาเพราะหน้าที่มีเป็นเป็นพญานี่เป็นผู้มีอำนาจวาสนาเพราะเสวยสุขอยู่ในพวกหมู่ของเขาก็ไม่มายุ่งเกี่ยวกับมนุษย์เพราะเขาเป็นพยาน ส่วนมากหน้าที่มาเกี่ยวข้องกับมนุษย์คือหน้าธรรมดาธรรมดาทั่วไปนี่แหละแต่อยากจะมีฤทธิ์มีเดชมีอำนาจอยากจะพยายามแสดงตนเองให้คนเคารพรังษีศักราชอันนี้อันนี้ไม่ควรค่าแก่การที่มนุษย์จะต้องไปเคารพนับถือศักราชแล้วยังทำให้รัตนไตรด้วยในเรื่องของอำนาจให้เข้าใจซึ่งจะมีอยู่สี่ตระกูลตระกูลวิรูปักษ์ตระกูลวิรูตระกูลเวลาปหาดรูปน่ากลัวที่รูปอยู่ในขันทินาตระกูลเอลปราบหน้าตระกูลตหารโกตอกตัญหาคือพวกหน้าดำนาคตระกูลที่เป็นเฉาพะเยาเสพยาคือประเภทนี้อ่อนตัวเหมือนกับแสงดวงอาทิตย์อย่างนี้เรื่องเรื่องส่งตัวก็จะเรืองแสงคือหน้าสีสกุลที่เป็นพญาใหญ่ใหญ่นั้นพญารองก็คืออยู่ในโลกมนุษย์พญาใหญ่จะอยู่บนสวรรค์ชั้นจาตุมหาราชิกาส่วนวงอะไรอะไรมามีอยู่จริงแต่มนุษย์ต่างดาวมีอยู่จริงไม่ได้มีอยู่จริงตามตามภาพที่เราเห็นที่ที่ปรากฏและไม่ได้มีอยู่จริงจากความเชื่อแม้มีอยู่จริงในลักษณะที่วิทยาศาสตร์เชื่อว่ามีอยู่จริงในสิ่งที่เขาคิดว่าจะเป็นแบบนั้นแบบนี้คือมนุษยต่างเรามีอยู่ด้วยความที่เป็นมนุษย์แบบเราหรอกเดี๋ยวมนุษย์เรานี่แหละแต่อยู่คนละอยู่คนละจักรวาลนะต่างจักรวาลต่างดาวที่ต่างจักรวรรดิไม่สามารถไปมาหาสู่กันได้ เพราะการไปมาหาสู่ระหว่างมนุษย์ในโลกนี้กับมนุษย์ต่างดาวอื่นไปมาหาสู่กันได้ด้วยอิทธิฤทธิ์เท่านั้นนอกนั้นจะไม่สามารถที่จะไปมาหาสู่กันได้แต่ถ้าเราจะจำกัดคำว่าหรือว่าใช้ความหมายคำว่าริทเนี่ยอยู่ตรงที่อุปกรณ์ที่มีอนุภาคเช่นยานอวกาศที่สามารถเดินทางไปสมาสกันได้อันนั้นก็ถือว่าเป็นฤทธิ์ยาก็ได้ถ้าจะไปอย่างนั้นแต่ขณะนี้ยังไม่สามารถที่จะทำได้ขนาดนั้นเขาเคยอ่านในในพระไตรปิฎกพระพุทธเจ้าก็ตรัสไว้เรื่องจักรวาลทั้งสี่แล้วก็มีแต่ละจักรวาลก็จะมีมนุษย์ที่อยู่แตกต่างกันไปตามลักษณะของแต่ละที่อะไรอย่างนี้ใช่ไหมคะพระอาจารย์แสดงว่ามีอยู่จริงถ้าท่านได้เห็นแต่ว่าท่านก็ไม่ได้เอามาสอนไม่ใช่เรื่องที่จะทำให้ให้พวกเราพ้นจากทุกข์ได้ท่านก็แค่เล่าให้ฟังว่ามีอะไรให้ใครสงสัย,00:54:15,00:58:39,,
มีคนถามมาสั้นสั้นว่าอาตานาติยปริทสวดกี่รอบดีค่ะแทบจะต้องสวดทุกวัน,ส่วนหนึ่งรอบก็ได้ส่วนภาพส่วนปกติในส่วนหนึ่งรอบแต่ถ้าหากสวดเพื่อต้องการแก้ไขอะไรบางอย่างที่เกิดจากความไม่หวังดีของดวงจิตดวงมีจัดการดวงมีการบังดวงที่มุ่งร้ายประสงค์ร้ายต้องการเบียดเบียนต้องการก่อกวนต้องการทำให้เราเกิดปัญหาอะไรด้วยหรอหลายด้านในชีวิตพัดสวนเพื่อแก้ไขต้องการป้องกันจัดการสิ่งเหล่านี้อย่างน้อยต่างรอบอย่างมากเจ็ดรอบแต่ผู้สวดต้องมีภาระไกลอย่างมั่นคงด้วย,00:58:39,00:59:29,,
คุณกาญจนาถามว่าอยากทราบว่าจิตแรกเริ่มก่อนที่จะกระทำทั้งกรรมดีและกรรมไม่ดีนี่มันเกิดมาได้ยังไง,พระองค์บอกว่าสิทธิ์ที่จะก่อเกิดขึ้นมาเนี่ยมันก่อเกิดก่อเกิดจากระบบของเจตสิกเจรสิทธิ์เนี่ยมันเกิดโดยมีเหตุปัจจัยเข้ามาเกี่ยวข้องเพื่อที่จะทำให้จิตนั้นมุ่งไปสู่การกระทำกรรมธรรมชาติทั้งจิตเนี่ยเวลามันถูกก่อตัวขึ้นมาแล้วมันจะมุ่งไปสู่เอาหมายถึงว่าในระหว่างนั้นหรือขณะนี้เราผสมกับอารมณ์อะไรอยู่เช่นเราประสบกับการรับฟังธรรมะจากเขตครูเงาะอยู่ในเวลานี้เราฟังอยู่ปั๊บเนี่ยนี่คือเหตุปัจจัยที่จิต  ก็จะได้รับการก่อตัวมาจากระบบของเจติเพื่อให้โน้มมาเพื่อการฟังแล้วจึงปิดตัวนั้นก็เลยหน่วงเหนียวอยู่กับการฟังทำให้เรานั่งฟังแล้วสามารถรับชมอย่างนี้อยากติดต่อเนื่องกันเพราะว่าจิตเราให้ความสนใจจิตมีน้ำชาในการมุ่งไปสู่อารมณ์น้องไปสู่อารมณ์โอนไปสู่อารมณ์เป็นไปสู่อารมณ์ระบบของเจตสิกนี้แหละเป็นการก่อตัวขึ้นมาเพื่อให้เกิดการรับรู้กินมันไม่รู้เรื่องแต่ระบบเจรกิจเนี่ยมันมีธรรมชาติที่จะต้องสร้างการรับรู้ต่อสิ่งที่เกิดการสัมผัสเพราะอะไรเพราะอายตนะมีในชีวิตมนุษย์เมื่อมี a b เหล่านี้จะส่งผลมาเขาเรียกว่าเป็นปัจจัยไปทำให้ระบบเจตสิกในชั้นนามธรรมในภายในเนี่ยสร้างจิตนึกต่อตัวจิตขึ้นมาเนี่ยแรกเลิกเนี่ยเพื่อมารับอารมณ์นักเพราะถ้าระบบเศรกิจไม่สร้างจิตขึ้นมาละอารมณ์นั้นจะไม่เกิดการรับรู้ในตัวบุคคลบุคคลนั้นก็จะไม่ไม่ไม่ไม่ไม่รู้อะไรเลยไม่ทราบอะไรเลยอย่างนี้เพราะไม่มีผิด,00:59:32,01:01:24,,
พระอาจารย์ฉันมีคนถามว่า พระอาจารย์ครับบางคนเมื่อเขาไปบวชเป็นพระเขาไม่กลัวผิดพระวินัยเกี่ยวกับเรื่องของการจับเงินใช้เงินเลยครับเขามองข้ามไปเลยไม่ได้ให้น้ำหนักเลยเกี่ยวกับเรื่องนี้ยังมีบางคนพูดว่าการจับเงินนั้นไม่ผิดหรอกเขาบอกว่าพระพุทธเจ้าทรงตรัสไว้ว่าเงินมันเปรียบเหมือนงูมีพิษแค่นั้นเองเขาก็เลยเอาเรื่องนี้มาเป็นตัวอย่างแล้วก็คิดว่ามันไม่ผิดเท่าไหร่หรอกที่ถือแบบนี้ถือเงินนะคะอยากให้พระจันทร์ช่วยเล่าเรื่องวิธีคิดแบบนี้แล้วมันความผิดแบบนี้ในชาดกเขารับโทษอย่างไรครับ,"คือมันเป็นอย่างนี้การที่เขาบอกว่าการรับเงินไม่ผิดนะไม่ควรที่จะพูดอย่างนั้นเพราะการพูดไปกี่คำก็ตามก็เป็นการพูดเพื่อขัดแย้งกับคำสอนของพระพุทธเจ้าคือถ้าถ้าพิสูจน์นั้นทำผิดก็ไม่ทำผิดไปเลยก็ไม่ได้ว่าอะไรแต่อย่าบอกว่าการรับเงินไม่ได้เป็นความผิด อันนี้จะขัดแย้งกลับเข้าไปในโดยตรงเพราะเราก็ได้ถ้าพิสูจน์เราเองเนี่ยเราต้องเข้าใจนะถ้าเราเนี่ยพวกเราเนี่ยฟังภาพปฏิโมกข์ทุกสิบห้าวันแล้วการฟังภาคปริโภคจะมีบทบาลีทุกคนต้องได้ยินนะหรือถ้าทำเป็นหูพรมนั่งอยู่ในบาทของการฟังสิบหกก็ต้องได้ยินว่าโยปาทิชาตรูปราชการภูมิกันเทวาภูมิกันห้าพยวาอุปลิติตามมาซาดายันทิสุดรักดีให้ผู้อื่นรับวดีซึ่งคองเงินหรือยินดีทองเงินที่เขาเก็บไว้ให้เพื่อผ่อน
ต้องสละสีน้ำเสียแล้วต้องโทษในอาบัติปาจิตติยคือเป็นการทำความดีให้ตกไปท่านอยากจะรับเงินรับไปเพราะมันเป็นส่วนที่ท่านไม่ได้เลือกซื้อต่อพระธรรมวินัยที่ท่านได้เข้ามาอาศัยธรรมวินัยอันนี้อยู่เป็นพระภิกษุก็ไม่เป็นไรนั่นคือเรียกว่าเป็นโทษส่วนตัวของท่านแต่ถ้าจะกล่าวว่าการรับเงินไม่ผิด อันนี้เป็นการกล่าวขัดแย้งกับคำสอนของพระศาสนาโดยตรงว่าบุคคลใดก็ตามมีวาจาอันเป็นข้าศึกต่อคำสอนของพระศาสนาโดยตรงเนี่ยหากไม่ละวาจานั้นเสียย่อมไปสู่นรกแม่แน่นอนเหมือนสะดุดดันเอาไปวางไว้ในรูปถ้าไม่รับมาตายกันนะไปตกนรกแน่นอนโดยไม่ต้องสงสัยแต่ทรวาจาแล้วเปลี่ยนใหม่ตนเองทำผิดก็ทำผิดแต่บอกต้องบอกด้วยว่าการรับเรือก็เป็นความผิดด้วยอย่าไปบอกว่าไม่ผิดจะได้ไม่ต้องรับกฎของหรือทำผิดก็ผิดไปจะไปเปลี่ยนแปลงคำสอนเนี่ยนี้แล้วโทษหนักกว่าเดิมถ้าบอกว่าไม่ผิดหรือว่าเปลี่ยนแปลงคำสอนเปลี่ยนแปลงเลยนะอันนี้ใช้ไม่ได้เลยทานหลักศาสนาก็ถือว่าถ้าภิกษุที่ทำผิดในวงของตนเองผิดจากพระทำวินัยเขาเรียกว่าประพฤติตนให้วิปริตจากพระธรรมวินัยอย่างไรถือว่าเป็นโทษน้อยน้อยในตัวของท่านแต่ถ้าไปเปลี่ยนแปลงคำสอนที่ผิดบอกว่าไม่ผิดอันนี้ถือว่าเป็นเรื่องใหญ่เรื่องหนักที่แม้แต่พระภิกษุเองก็ไม่ควรจะยอมรับแล้วก็พุทธามุกเองก็ไม่ควรจะยอมรับในคำพูดคำพูดนั้นต้องเข้าใจเรื่องนี้ให้ดี",01:01:30,01:04:52,,
มีคนมานิถามน่าจะเพิ่งเข้ามาใหม่แล้วถามว่าขออนุญาตถามเจ้าค่ะมนุษย์ก่อนที่จะมาเกิดเป็นคนทำบาปทำบุญเราเป็นอะไรกันมาก่อนหน้านั้นถ้าเราไม่เกิดก็ไม่ต้องทำบุญทำบาปทำไมเราต้องมาหาทางหลุดพ้นในวัฏสงสารนี้ด้วยค่ะ,"จุดเริ่มแรกในก่อนที่จะมีการกำเนิดขึ้นของมนุษย์จักรวาลนี้วิวบ้างว่างเปล่าไม่มีมนุษย์มีแต่ดวงจิตเท่านั้นที่ดำรงอยู่ในจักรวาลนั้นดวงจิตนี้มีลักษณะนี้แผ่ซ่านภายในตนเองดำรงอยู่อาศัยอยู่ในจักรวาลนี้ด้วยบริโภคปีติเป็นภักษาเขาเรียกว่า bb เป็นอาหารกลุ่มซีซีเหล่านี้จะเป็นเกีรติในชั้นของเวทนาเวทนาสัญญาสังขารระบบเกจิเหล่านี้เจตนากันรังฐานวิญญาณประกอบรวมกันทำให้เกิดจิต จิตดำรงอยู่ในจักรวาลนี้ก่อนที่จะมีมนุษย์เนื่องจากว่าในจักรวาลเกิดการเปลี่ยนแปลงระบบของจักรวาลด้วยเหตุปัจจัยที่จักรวาลนี้ไม่สามารถดำรงคงอยู่ในสภาพเดิมได้อย่างอย่างบ้านบ้านเปล่าอย่างนี้อย่างตลอดกาลนานใช่ไหมคือจักรวาลนี่จะหมดอยู่อย่างแบบเมืองบางภาคฝ่าไม่มีดวงดาวดวงจันทร์ดวงอาทิตย์มีแต่ความวางเฉยเฉยกับจิตอยู่คู่กันจิตเนี่ยมีรัศมีแผ่ซ่านไปในตนเองดังนั้นแสงสว่างที่จะปรากฏอยู่กับจักรวาลในช่วงเวลานั้นก็มีแต่แสงสว่างของจิตนี้เท่านั้นติดปัญหาจะไปที่แห่งใดก็จะหายจากที่แห่งนี้ไปปรากฏอีกที่แห่งหนึ่งแต่กระพริบตากระพริบตาเดียวก็ไปได้แต่จะไปที่ไหนก็ตามเมื่อมีแต่ความมั่นกับความมืดอะไรเนี้ยในทุกที่มันเป็นมันเป็นธาตุตามธรรมชาติอย่างนี้ในระยะการระยะเวลาเวลาอันยืดยาวนานแต่การยืดยาวนานของกาลเวลานี้ไม่สามารถที่จะคงอยู่ในสภาพเดิมอย่างนี้ได้ตลอดไปก็ย่อมเกิดการเปลี่ยนแปลงในระบบของจักรวาลคือเขาบอกว่าเกิดการหมุนรวมกันของธาตุทั้งสี่คือดินน้ำไฟลมมันเกิดการหมุนเหมือนกับคลื่นน้ำบนหมุนเป็นเกลียวเป็นเกลียวเป็นเกลียวไปเกลียวอย่างนี้หมุนด้วยระยะเวลาที่ยืนยาวนานหมุนไปจนไม่รู้ว่าระยะเวลาที่หมุนนานนานเท่าไหร่หมุนเป็นอย่างนี้โดยไม่จิตเองก็ยังดำรงอยู่ในจักรวาลนั้นทำเหมือนเดิมแล้วก็มันก็หมุนหมุนหมุนในอภัยสูตรอธิบายว่าการที่หมุนอย่างนี้แบบยืดยาวนานโดยไม่ทราบระยะกลางของการหมุนนกไปเท่าไหร่พอถึงจุดหนึ่งจังหวะที่หมุนนั้นน่ะเกิดการกระจายออกจากกันจักรวาลนี้ก็มีแต่น้ำใส่อยู่จิตก็เริ่มเอะใจแล้วว่าก่อนหน้านี้ไม่เคยมีอันนี้ปรากฏขึ้นมาทำไมมันดีก็สงสัยว่าแล้วไอ้ที่ปรากฏขึ้นมาที่มีน้ำเต็มไปหมดเนี่ยมันคืออะไรกันแน่อยากจะรู้อยากจะรู้อยากถ้าอยากจะรู้ปั๊บเนี่ยแต่ตนเองเนี่ยยังไม่มีรูปร่างกายไม่มีอายตนะที่จะล็อคดูได้เพราะเป็นนางส่วนน้ำที่เต็มไปด้วยจักรวาลทั้งหมดเนี่ยมันเป็นระบบของธาตุที่เขาแปรปวนเปลี่ยนแปลงด้วยรวมตัวกันเนี่ยโดยที่จิตเองไม่มีอายนะพอบอกว่าอยากจะรู้ว่ามันคืออะไรแต่ตัวเองสัมผัสไม่ได้ก็คิดว่าน่าจะดีถ้าเราสามารถทำสิ่งเหล่านี้ได้ก็เกิดมีนามกายลุกขึ้นมาด้วยความคิดเรื่องนั้นอันนี้นึกจิตในเรื่องแรกที่มีอนุภาพแบบนี้เกิดมีนามกายขึ้นมาเป็นรูปร่างคล้ายมนุษย์นี่แหละแต่ไม่มีเทพาอาการถูกมีรูปร่างกายขึ้นมาเพื่อเป็นอจนะทางกายให้สัมผัสกับธาตุที่เป็นน้ำเนี่ยได้พอต้องผัดปั๊บก็เลยสงสัยว่าไอ้ไอ้น้ำเนี่ยทำไมมันมีความข้นอยู่บนผิวน้ำเนี่ยที่เอามือไปแตะเอามือไปจับเอามือไปซ้อมแล้วเนี่ยมันซึมซากซากเข้ามาในร่างกายแล้วรู้สึกดีรู้สึกพึงพอใจพอเกิดความรู้สึกพึงพอใจเนี่ยในอภัยอธิบายว่าจิตที่มีนากเนี่ยขณะที่มีกรรมการเนี่ยก็จะเป็นลักษณะของคำว่าเป็นปมขึ้นมาเกิดเป็นสรพงษ์คือธรรมชาติของจิตมีความแผ่ซ่านในตัวมันเองเขาเรียกว่าจิตแต่ด้วยความที่มีนามกายเกิดขึ้นก็เลยเป็นวัตรใช่ไหมเนี่ยจึงมาสัมผัสกับมุดดินมุดดินก็เลยไอ้ที่ที่ว่าเป็นน้ำและมีแผนของคนนี่เขาเรียกว่าดินดินก็เลยแผ่ซาบซ่านเข้าไปในไกลปกคลุมอยู่ในนามการอันนั้นเมื่อง้วนดินนั้นเข้าไปเกาะกุมอยู่ในนามกายอันนั้นตามประการนั้นก็เริ่มเกิดความหนาแน่นขึ้นเพราะมีดินเข้าไปเกาะสืบสานไปพรมตอนนี้ก็เลยเห็นว่าดินเนี่ยมีรสชาติเอร็ดอร่อยมากก็เลยพยายามเอามือเนี่ยอายตนะที่ที่มีรูปร่างคล้ายมนุษย์ปันปันปันปันปันเอามาบริโภคเป็นข่าวสัญลักษณ์ทั้งหมดก็ตอบสนองต่อการรับทราบในการที่จะบริโภคพระองค์ตรัสไว้ว่าด้วยความโลภของคนคมเหล่านั้นเป็นเหตุคือการที่เอาดินมาบริโภคเนี่ยเขาก็คือความโลภความโลภเริ่มแรกเกิดจากนี้โลกที่จะปั้นมันมีมาเติมเป็นข่าวบริโภคพอกินเข้าไปปั๊บเนี่ยง้วนดินก็เลยทำให้ตายระนาดเนี่ยเริ่มแข็งขึ้นถูกปากปมหนาแน่นขึ้นเรื่อยเรื่อยเรื่อยเรื่อยรัศมีเฉพาะตัวก็เริ่มหายไปหายไปความโลภเหล่านี้ที่คงปั้นบริโภคด้วยความเอร็ดเอาไว้คืออยากจะกินกันมาไม่เคยเจออันนี้มาก่อนในจักรวาลนึกเรื่องมากของวิชาคือความรู้อันดับแรก
คือความอยากและสุดของโลก
นี้เป็นเหตุทำให้ดินหายไป
กลายเป็นแผ่นดินหนาสองแสนสี่หมื่นโลก
ก็เลยเกิดเป็นก้อนลงขึ้นมา
ระยะ
พ่อก็เลยบอกว่าเมื่อ
วันดินหายไปก็เลยเกิดกระบิดินมีลักษณะคล้ายเหตุบริโภคมีรสชาติคล้ายคันดินทุกประการอะเร็ดอร่อย
ด้วยความโลภก็แยกกันกินกระบิดินพอกติดินหายไปด้วยความโลภอันนั้นก็เกิดเป็นเครือดินคล้ายลูกมะพร้าวอยู่ใต้ดินก็แยกกันไปกินอีก
เกลือดินต้อง
หายไปก็เกิดมีข้าวสาลีฝึกบังเกิดขึ้น
พอมีค่าคดีคุณต้องเกิดขึ้นก็บริโภคข้าวสาลีบริโภคคาพาลีปุ๊บเนี่ยตรงนี้แหละ
เทพภาวะของ
พระเหล่านี้ก็เลยปรากฏสี
โฟมตอนนี้มีระบบของนามธรรมอันเป็นตัวเจตสิกเนี่ย
ที่
มีความเป็นภาวรูปด้านความเป็นชายเพศก็ความเป็นเพศชาย
ดูจิตไดตอนมีเจตสิกที่ปรุงแต่งภาวรูปที่เป็นเพศดี
ร่างกายก็เกิดมาเป็นเพศ
อันนี้ก็บทความเป็นตรงนะ
เกิดเป็นมนุษย์เริ่มแรกมนุษย์เริ่มแรกอันนี้เรียกว่าเป็นมนุษย์เกิดขึ้นด้วยกระบวนการอย่างนี้มนุษย์รุ่นต่อมาเป็นมนุษย์สืบเชื้อสายคือต้องอาศัยมาตามบิดาต้องคลอดออกมา
เหตุนี้มันเลยต้องมาหาทางออกออกจากการเวียนว่ายตายเกิด
เพราะเดิมทีมนุษย์ไม่ได้มีอยู่จริงและไม่ได้มีอยู่ก่อนเลยในจักรวาลนี้
มันมีแต่ระบบธาตุตามธรรมชาติคือธาตุดินธาตุน้ำธาตุไฟธาตุลมแล้วก็นามธาตุก็คือเป็นธาตุสัญญาธาตุสังขารถ้าไม่กินยา
มันเป็นภาพประจำจักรวาลอันนี้ในด้านสังขตะบอกว่าถ้ายังอยู่ในสังขตะจะพ้นไปจาก
การเกาะเกี่ยวในธาตุเหล่านี้ไม่ได้จึงต้องออกไปสู่ทางที่เป็นภาษากะคือ
ไม่มีการปรุงแต่ง
แล้วก็ไม่มีธาตุทั้งหมดไม่มีดินไม่มีนะไม่มีไฟไม่มีลมไม่มีอาการสามัญใจเยอะมากคือกลุ่มนามธรรมทั้งหมดกลุ่มเจติทั้งหมดอาการกำลังใจเยอะนัก
วิญญาณัญจายักษ์อากิญจัญญายนะเนวสัญญาละสัญญายตนะนี่คือกลุ่มธรรมธาตุทั้งหมด
แต่ไม่มีอยู่ในที่ผ่าน
ถ้าเราไม่ถึงนิทานเราก็ยังถูกนิสัยของสากเนี่ยปรุงแต่งให้เรียนว่ายตายเกิดแก่เจ็บตายแก่เจ็บตายแก่เจ็บตายอย่างนี้
ไปอย่างนี้ไม่ดีที่ที่สุด
ดังนั้นนี่คือเหตุผลในการที่เราจะต้องหาทางออกไปจากภาษาเพื่อที่จะไม่มาสู่การวิวาทอะไรเกิด
เพราะการเกิดนำมาซึ่งความทุกข์ทั้งปวงคน
สองพันหกร้อยกว่าปีที่แล้วพระพุทธเจ้าได้อธิบายบิ๊กแบงค์ซีรีส์ไว้เรียบร้อยแล้วนะคะที่ฝรั่งเพิ่งมาพูดกันเรื่องการแลงเหวียดแล้วก็ระเบิดออกมาพึ่งพระพุทธเจ้าได้อยู่ในพระสูตรด้วยนะคะ
พระอาจารย์ค่ะแล้วพระพุทธเจ้าไม่ได้บอกไหมคะคือ
ว่าดวงจิตที่มันล่องลอยอยู่ในสภาวะอันเวิ้งว้างนั้นน่ะมันมายังไงอยู่ดีดีมันมีไอ้ดวงจิตเหล่านี้ขึ้นมาได้ยังไงอะไรเงี้ยค่ะอาจารย์
ด้วยความที่ระบบธรรมชาติมันจะมี
ลูกกับนามรูปธาตุคือดินน้ำไปลงตอนนั้นอยู่ในรูปของธาตุอยู่ในสภาพที่เรียกว่าทาทาก็คือข้อมูลเดิม
ข้อมูลเดิมนี่คือสิ่งที่ไม่มีใครทราบ
เป็นเป็นธรรมชาติที่เป็นอย่างนั้นอยู่แล้ว
แต่ไม่ใช่ก้อนดินที่ล่องลอยอยู่นั้นคือมันไม่มีสภาวะของความเป็นจีนเป็นน้ำเป็นปมหรอกมันอยู่ในรูปของธาตุถ้าคืออยู่ในรูปของธรรมชาติที่ทรงไว้โดยตัวมัน
เช่นปัทมิธาตจะทรงไว้ซึ่งความเข้มแข็ง
อาโปธาตุจะทรงไว้ซึ่งความเหลวและ
โทหาจะทรงไว้ซึ่งความร้อนและ
กลุ่มอุตุคุณภูอุณหภูมิเท่าไหร่น
วาโยธาตุจะส่งไปซึ่งการคัดไปมา
ถ้าตอนที่มันจำเป็นตัวชาติเนี่ย
มันยังไม่เกิดการรวมตัวกันหรือยังไม่เกิดปฏิกิริยาทางระบบธรรมชาติเนี่ย
มันก็จะกระจายกันอยู่โดยโดยส่วนโดยโดยกลัวมัน
ไม่ป่าเปิดเผยตัวเพราะอยู่ในรูปของท่าน
สัญญา
จิตก็คือนามฮาสเป็นทาสหาหรือเป็นท่าพนม
ถ้ามารวมกัน
ทีนี้ทาทานามานีที่เป็นนามธาตุอันนี้คือเวทนาทาทาที่แสดงออกถึงความรู้สึก
สูงท่านทุกบ้านไม่ทุกข์ไม่สูงว่าแต่ความรู้สึกในเวลานั้นมันมีปีสี่
มีปีติเป็นเวทนาฆาต
ปิติมันไม่ได้มีความทุกข์นะมันคือความเอิบอิ่มมีติเพราะมันมีมันมีความเอิบอิ่มอยู่ในตัวมันน่ะ
มันเป็นทาสที่แสดงออกถึงความเร็วในตัวมันเอง
มันเลยไม่ต้องการขนิษฐานในระยะแรกพอมันยังไม่เจอความทุกข์เพราะมีปีติเป็นหล่อเลี้ยงอยู่ปีที่มันหล่อเลี้ยงเนี่ยปีสี่โดยมีเวทนาฆาตโดยมีปีติมีสัญญาทาสโดยการจดจำปีสี่
ภาวะปิติที่มันกำหนดหมายเพื่อดำรงอยู่หรือประกอบหรือการปรุงแต่งกันอยู่เนี่ย
มันมันเป็นการจดจำประกอบคุณแต่งกันโดยการกำหนดหมายเพื่อ
อยู่ร่วมกัน
มา
สัญญาณภาพมาปรุงแต่งให้เวลาภาพสัญญากับตัวมันเองอยู่ด้วยกัน
พระพุทธเจ้าตรัสว่าคำว่าสังขารก็คือพ่อปรุงแต่งเวทนาปรุงแต่งสัญญาปรุงแต่งสังขารตัวมันเองด้วยแล้วปรุงแต่งวิญญาณด้วย
เรียกว่าสังหารคือปรุงแต่งให้มันอยู่ด้วยกัน
แล้วก็วิญญาณธาตุก็เป็น
ภาพที่ประกอบเข้ามาสู่การรับรู้ในนามธาตุนานาทั้งทั้งนามธาตุนี้อิงอาศัยกันโดยที่ไม่แยกจากกัน
และไม่เคยแย่งจากกัน
และจะไม่มีทางแยกจากกัน
อาศัยมีเวลาก็มีสัญญาภาพก็จะมีสังขารทาสแล้วก็มีปัญญาประกอบ
เล่นขึ้นระบบเศรษฐกิจที่ประกอบข้อมูลเมื่อไหร่เนี่ยมันพร้อมมูลกันคืออยู่ด้วยกันพร้อมองค์ประกอบเมื่อไหร่จะเกิด
รวมกันข้อมูลเมื่อไหร่จะเกิดการเกิดลูก
มันออกไปจากการลูกจะหายไปนะ
นำต่างชาติดีมากัน
พอได้ปรุงแต่งเกิดร่วมกันได้เมื่อไหร่พอ
จะเกิดภาวะที่เรียกว่าจิตขึ้นมาดังนั้นคำว่าจิตก็คือเรียกสามภาค
เหมือนกับโรงเรียนลูกคือเรียกอาสิ
รูปก็คือมีห้าอยู่ถ้าพูดถึงจิตก็คือมีการท้าสี่ซ่อนอยู่
เวลาพระพุทเจ้าเกียแจงเรื่องลูกกับนามเนี่ยว่าลูกเวนาสัญญาทหาวิญญาณ
ผมจะพูดถึงรูปแบบภาพสี่เสมอเวลาสัญญาทหารยามเป็นระบบของจิตแต่ไม่พูดถึงจิตเลยนะ
เสาเขาถึงจิตก็คือธาตุสี
พอเกิดมีขึ้นมาก็จะมีนะขึ้นมา
เรื่องของมหานาคนใจทางจิตเนี่ย
โกคูก็อ่าน
ยังไงหนูหนูคิดว่าถ้าฟังนี้แล้วว่า
ก็คิดอีกว่าตัวจิตที่มันล่องลอยอยู่นี่มันมายังไงอะไรเงี้ยค่ะที่ก่อนที่มันจะเกิดความอยากที่จะมาแตะน้ำ
ด้วยความที่มัน
เกิดจากความข้อมูลของนามธาตุทั้งสี่และความข้อมูลเหล่านี้ทำให้จิตดำรงอยู่แทนท่านมีลักษณะ
โดยตัวของเวทนาภาคสัญญาภาคสังสารภาพวิญญาณพาทย์เนี่ยมันไม่มีรัศมีมันเป็นระบบเกสี
ประกอบกันเนื่องจากว่าสาขาเนี่ย
มันจะไม่ให้สิ่งที่เป็นสัตตะดำรงอยู่โดยที่ไม่ได้ยิงอาศัยประกอบรวมกันเพราะสากะคือธรรมชาติที่ต้องประกอบรวมกัน
จึงไม่มี
ธรรมชาติอะไรอยู่โดยโดดโดด
มันมันไม่อยู่โดยโดด
คุณพุทราจึงตัดเรื่องของสังขารทั้งหมดเราเรียกว่าเป็นเป็นปฏิจสมุบาทคือเป็นสิ่งที่จริงอาศัยกันเกิด
ถ้าเราเข้าใจว่าสิ่งที่จริงอาศัยจนเกิดก็คือมันไม่ได้มีตัวมันเองอยู่โสดโสดโดยตัวมันมันอาศัยกันเกิดขึ้นจึงมีตัวนั้นขึ้นมาดี
นั้นพุทธศาสนาจึงกล่าวชี้ชัดอย่างตายตัวแล้วว่า
ตัวคนแท้แท้ของสิ่งสมัยทั้งปวงไม่ได้มีอยู่จริง
ที่มันมามีปรากฏอยู่เนี่ยแล้วให้รู้ว่ามันถูกประกอบกันขึ้น
เขาเรียกว่าเป็นปฏิบัติคืออิงอาศยก็คือ
ข้อมูลเกิดเป็นจิต
อย่างอย่างที่ว่า
แล้วในจิตนั้นก็มีปิติหล่อเลี้ยงอยู่ด้วยเวทนาฆาตสัญภาพสังฆาตวิญญาณภาต
มันดำรงอยู่โดยที่มันยังไม่ทราบอะไรทั้งที่มันอยู่ในความวางเฉยเฉยมันก็ไม่รู้อะไร
แล้วมันก็ดำรงอยู่เนี่ยคนจิตเองก็ไม่ได้รู้ว่าจิตเนี่ยมันทำไมต้องอยู่อย่างนี้
เราก็ต้องมองดูว่า
ธรรมชาติอันหนึ่งที่มันก็ไม่รู้ตัวมันว่ามันจะต้องอยู่ทำไมมันจะต้องอยู่อย่างนี้ได้ยังไงแล้วมันมีอะไรปรุงแต่งตัวมันเรื่องการดำรงอยู่อย่างนี้มันดำรงอยู่เพราะอะไรมันก็มันก็ไม่รู้ตัวมัน
มันเป็นกระบวนการของกะจะควบคุมระบบการปรุงแต่งเหล่านี้ทั้งหมดเลย
เป็นระบบของธรรมชาติเป็นระบบของจักรวาล
ค่ะ
คือบางทีก็
มันก็เป็นแค่สนองความอยากรู้นะคะแต่เอาจริงจริงแล้ว
ฝ่ายทางหิวเจ้าชี้ก็มีทางที่พาให้ออกจากตรงนี้ไป
เราได้ได้ทำแล้วอาจจะได้เป็นคำถามสุดท้ายค่ะ
เพิ่มเติมอีกนี้อีกนิดนึง
ได้เหมือนกับการที่เราถ้าอยู่ตรงหน้าเราเนี่ยมันจะมี
หมดเลยนะดีนำไปลงแต่เราจะไม่เห็นสิ่งที่อยู่ต่อหน้าเราเนี่ยบางบ้านว่าอะไรคือดีอะไรคือเราไม่เห็นก็ยังไม่มีการประกอบการรวมตัวกันขึ้นแต่มันมีอยู่
ค่ะ
แบบไหนแต่ถ้าถูกจุดขึ้นมาเมื่อไหร่ใช่ไหม
การหาเหตุปัจจัยเนี่ย
ขึ้นมาไปถึงจะปรากฏให้เราได้เห็นด้วย
เร็วไปก็ไม่รู้ด้วยว่าทำไมมันต้องถูกเกิดขึ้น
แล้วมันหยุดขึ้นมาเนี่ยเปลวไฟมันมันจะต้องทำหน้าที่อะไรมันก็ไม่รู้แต่มันมันจะทำหน้าที่ตาม
ภาพเดิมคือ
ภาระของความร้อนและอก
แม้เอาไปจุดไฟเผาอะไรมันก็เลวไปก็ไม่รู้หรอกว่ามันจะต้องเผาอะไรแต่ไม่รู้ว่ามันมีความร้อนอบอุ่นแล้วอะไรไปอยู่ใกล้มันนั้นก็ต้องละลายหรือไม่ไป
ก็แทนอีก
เข้าใจเลยค่ะตา",01:04:58,01:22:40,,
น่าจะได้เป็นคำถามสุดท้ายนะคะของคุณมีนี่บอกว่าหนูฟังคำของพระอาจารย์ท่องเท่ากรรมฐานพิจารณาขันธ์และเรียนปรมัตธรรมสี่ควบคู่ไปด้วยจากถามพระอาจารย์ว่าถ้าเราพิจารณาปรมัตธรรมสี่ของจิตแต่ละดวงที่มีเจตสิกไปประกอบตามสภาวะที่เกิดขึ้นกับเรา เช่นเราเห็นคนอื่นถูกหวยแล้วเราเกิดความอิจฉาเราสามารถพิจารณาว่าจิตกำลังถูกสังขารปรุงแต่งสังขารกำลังเข้าปรุงแต่งจิตเราจำเป็นต้องลงรายละเอียดพิจารณาถึงความอิจฉาที่เป็นหนึ่งในโทจศุสะเศศิกสี่ของโทสะด้วยไหมคะหรือแค่พิจารณาสภาวะขันห้าก็พอ,เรื่องนี้เราไม่ได้มีความจำเป็นอะไรต้องเป็นละเอียดขนาดนั้นนะการเข้าใจว่ามันจะมีสองแบบนะมันมีพระองค์แสดงธรรมอย่างจากปรารภบุคคลสองจำพวกนี้เสมอก็คือหนึ่งกลุ่มที่ยังพึงพอใจยินดีในวตะสองกลุ่มที่มีความประสงค์อยากจะออกจากปากสองพวกนี้เขามีมูลเหตุมาจากสองเรื่องก็คือเรื่องสุขเรื่องทุกข์ได้ด้วยความที่มนุษย์เราเนี่ยอยู่ในอาศัยอยู่ในโลกเนี่ยจะเจอสุขภพกับถ้าหากว่าโลกนี้มีความสุขโดยส่วนเดียวก็คงจะมีบุคคลอยากจะอยู่ในโลกนี้ตลอดไปไม่มีใครอยากบอกโลกสักคนแต่เนื่องจากว่าโลกนี้ไม่ได้มีความสุขตลอดไปไม่มีความทุกข์ด้วยคนที่อยากจะออกจากโลกนี้ไปสู่ที่มันไม่มีความทุกข์แต่โรคนี้ก็ไม่ได้มีความทุกข์โดยส่วนเดียวเพราะถ้าโลกนี้มีความทุกข์โดยส่วนเดียวคนทั้งก็คงอยากจะหนีออกจากโลกไปทั้งหมดเหมือนกันแต่ก็มีหลายคนที่ยังอยากจะอยู่ในโลกเพราะอะไรก็หลงเพลิดเพลินในความสุขดังนั้นหลักการทางพนาเนี่ยการคงแสดงธรรมจะแสดงเพื่อบุคคลสองจำพวกนี้เราก็มาแบ่งบุคคลสองจำพวกนี้ว่าจำพวกที่ยังยังอยู่ในวัดตัดเนี่ยถ้าหากเขาเห็นคนถูกหวยน้องอิจฉาเปลี่ยนจากความอิจฉานี้มาเป็นอนุโมทนาริวทิตาไฟดีเพื่อเขาจะไม่ให้จิตที่สร้างความอิจฉานั้นไปลดทอนสิ่งดีดีที่ตัวเองควรจะได้รับเพราะการอิจฉาคือการปิดกั้นความดีที่ตัวเองจะได้รับเนี่ยส่วนเนี่ยเมื่อเขายังอยู่ในตาเขายังต้องอาศัยความดีหรือสิ่งดีดีหลายอย่างมาตอบสนองให้เขาดำรงอยู่หรือเป็นได้ใช้เวลาจำพวกที่ออกจากมาตาแน่นอนก็ต้องมาพิจารณาว่าตัวอิจฉาที่กำลังปรุงแต่งจิตหรือสังขารกำลังปรุงแต่งจิตจิตกำลังถูกสังขารที่ปรุงแต่งสังขารปรุงแต่งจิตเราอยู่เราถูกสังขารปรุงแต่งอย่างนี้เราก็จะสามารถรู้เท่าทันแล้วก็เห็นมันดับไปพอเรารู้เท่าทันแล้วเห็นมันดับไปเนี่ยส่วนการที่จะไม่รู้ว่ามันเกิดจากสีชนิดไหนดวงอะไรยังไงเนี่ยอันนั้นเป็นเรื่องของความรู้แต่เพิ่มตัวปฏิบัติจริงจริงคือรู้เท่าทันตามปรุงแต่งและเห็นการเกิดแล้วกันนี่คือตัวเท่านั้นเป็นเพียงแค่ความรู้ที่ให้รู้จักโทรศัพท์มูลจิตโมหะมูลจิตและโลภะมูลจิตสีมันเป็นแค่ความรู้ที่ชี้ให้เราได้เห็นเหตุปัจจัยหรือมูลเหตุแห่งการนำมาของตัวสังหารที่ทราบมาเป็นความอิจฉาว่าวิชาเกิดขึ้นมาได้ยังไง,01:22:40,01:26:03,,
"ถามเรื่องการแสดงความจำนงบริจาคร่างกายหรืออวัยวะเป็นเพียงการแสดงเจตนาแต่การกระทำยังไม่เกิดคือจะเกิดเมื่อเราเสียชีวิตแล้วแบบนี้ถือว่ายังไม่ครบองค์คือกายกรรวจีกรรมนกรรมหรือเปล่าคะแต่
อันนี้เราได้บุญหรือยังคะ",การตั้งเจตนาคือการแสดงออกถึงการที่จะสลัดร่างกายนี้เพื่อเป็นประโยชน์ในการเรียนรู้การตั้งเจตนาเขาเรียกว่าเป็นการรวบรวมบุญกุศลแต่ยังไม่เกิดบุญคือมันกำลังเริ่มก่อตัวเป็นบุญเริ่มเริ่มมีบุญเกิดกระแสบุญเริ่มรวมตัวกันแต่ยังไม่ได้เกิดแบบเต็มรอบของบุญเพราะการให้ยังไม่ได้เกิดขึ้นการสมัครออกนั้นยังไม่เกิดขึ้นเป็นแสดงเจตจำนงค์เพื่อที่จะบริจาคหรือที่จะให้ในร่างกายของเราฉะนั้นเวลาทำบุญเนี่ยเวลาทำบุญเนี่ยเราหากขึ้นอย่างนี้ขอบุญทานที่เราเตรียมไปให้เรายกขึ้นสามลูกขึ้นมาเหนือหวยบอกขอบุญนี้ให้สนใจตราบใดที่ของนั้นยังไม่ได้ถูกสลากออกเนี่ยบุญมันยังไม่อุทิศยังอุทิศไปไม่ได้หรือยังไม่เสร็จเพราะว่าเจตนาที่จะให้น่ะมันเกิดเป็นเจตนาในด้านนั้นน่ะมันเป็นบุญส่วนหนึ่งที่กำลังก่อตัวเป็นบุญแต่มันยังไม่เกิดเป็นบุญเต็มที่มันจะเกิดเป็นบุญเต็มที่ก็สามารถได้สลัดของนั้นออกไปแล้วที่จริงบุญถึงจะรวมตัวกันเต็มที่แล้วเกิดอาการประมวลผลพร้อมที่จะอุทิศสุกุศลได้ก็คืออธิบายตรงนี้ให้เทียบเคียงในกรณีเดียวกันกับการบริจาคร้าหายมันเป็นการแสดงออกถึงเจตจำนงที่ดีแต่ตัวคุณจริงจริงมันยังไม่เกิดขึ้น,01:26:04,01:28:18,,
,,,,,
,,,,,
,,,,,
,,,,,
,,,,,
,,,,,
,,,,,
,,,,,
,,,,,
,,,,,
,,,,,
,,,,,
