question,answer,start_time,end_time,Unnamed: 4,Unnamed: 5,Unnamed: 6,Unnamed: 7,Unnamed: 8,Unnamed: 9
พระภูมิเจ้าที่เจ้าที่จีน เจ้าแม่กวนอิม พระญี่ปุ่น รูปหล่อหลวงพ่อต่าง ๆ ที่มีอยู่ เนื่องจากเป็นบ้านของอาม่า เราควรต้องบูชาของเซ่นไหว้ไหมคะ ที่กล่าวมาทั้งหมด มีองค์ไหนที่อยู่ในภพภูมิที่รับของเส้นไหว้ น้ำ ของกินไหมคะ? เนื่องจากตั้งแต่ศึกษาธรรมจากพระอาจารย์มา เราก็เน้นทําบุญ แล้วอุทิศให้ตลอด แต่ก็ยังไม่แน่ใจว่าเราทําถูกต้องทั้งหมดไหมคะ?,เรื่องนี้พระอาจารย์อยากจะให้เราทําความเข้าใจกันจริง ๆ นะ การทําความเข้าใจกันจริง ๆ ก็คือต้องเข้าใจตามหลักคําสอนของพระพุทธศาสนา หมายถึงว่า การที่ จะถามมาเนี่ย ต้องเป็นการถาม อยู่บนหลักการของพระพุทธศาสนาคือคําตอบที่จะได้รับ ก็ต้องเป็นคําตอบตามหลักการทางพุทธศาสนา ถ้าอาจารย์จะไม่ได้ตอบตามหลักการของศาสนาอื่น เนื่องจากว่าพระพุทธศาสนา เนี่ย เกิดขึ้นมาจากผล จากการตรัสรู้ของพระสัมมาสัมพุทธเจ้า ก็คือมีการตรัสรู้ความจริง คือตรัสรู้ธรรมอันเป็นความจริง ว่าอะไรที่มีอยู่จริง ตั้งอยู่จริง ดํารงอยู่จริง และเป็นไปตามความเป็นจริง อย่างไรก็ได้นําเรื่องที่มีอยู่จริงนั้นมาบอก และก็ แนะนําวิธีการปฏิบัติ ให้กับพวกเราปฏิบัติต่อสิ่งนั้น อย่างถูกต้อง ในกรณีของการที่เราจะต้องสร้างการอนุเคราะห์ สงเคราะห์ หรือกระทําประโยชน์ใด ใด ก็ตามกับ บุคคลผู้รัก ชีวิตไปแล้ว มีการกระทําอยู่สอง หลักการก็คือ หนึ่งทักษิณาธาน เค้าเรียกว่าถวายทานแล้วอุทิศส่วนกุศลไปให้ นี่คือสิ่งที่เราพึงกระทํา การที่เราอุทิศส่วนกุศลไปให้นี้ ได้ชื่อว่ากระทําประโยชน์ต่อบุคคลผู้ล่าชีวิตไปแล้ว ส่วนฐานะของบุคคลผู้รอดชีวิตไปแล้ว จะได้รับบุญจากเราหรือไม่ได้รับบุญจากเรานั้น อย่าไปวิตกกังวล เมื่อพระพุทธองค์ตรัสไว้ว่า บุคคลผู้ละชีวิตไปแล้วจะได้รับผลบุญที่มนุษย์ทําบุญอุทิศส่วนกุศลให้ ให้เราตั้งศรัทธาเชื่อมั่นในหลักคําสอนของพระพุทธองค์ ตรงนี้ได้เลยว่า ท่านเหล่านั้นที่ละชีวิตไป ได้รับบุญจากเรา แน่นอน อย่าพยายามหาข้อประเด็น หรือเรื่อง มาสร้างความไม่แน่นอนใจ สร้างความสงสัย สร้าง ลดทอนความมั่นใจในใจของตัวเองว่าจะได้รับหรือไม่ได้รับ ได้รับแน่นอน ทีนี้คําว่าได้รับคือได้รับ อยู่ภายใต้ฐานะของบุคคลชีวิตไปนั่นน่ะ อยู่ในฐานะที่รับได้คือได้รับแน่นอน อะ อยู่ในฐานะที่รับได้ ยังไงก็รับได้แน่นอน ทีนี้เราก็มามองว่า เมื่อบุคคลผู้รอดชีวิตไปที่อยู่ในฐานะที่สามารถรับบุญได้ ได้รับแน่นอนเราก็ทําบุญอุทิศส่วนกุศลให้ อัน เนี้ย ไม่เป็นปัญหา ได้แน่แน่ แต่ถ้าหากว่าญาติ บางจําพวกเหล่าใดที่ไม่ได้อยู่ในฐานะของผู้รับส่วนบุญกุศลจากมนุษย์ได้ อันนี้เราจะต้องจัดแจงอาหารการกิน ไปตั้งไว้ ไปวางไว้ ไปอันเชิญหรือว่าเรียกให้มากิน หรือมาบริโภค ทีนี้เราลองมาขดคิดกันว่านะ บุคคลผู้รักชีวิตไปแล้ว เนี่ย ถ้าเขาไปได้อยู่ดีมีสุข ด้วยบุญกุศล ที่เราทํามา หรือที่ ที่เราทําอุทิศส่วนกุศลไปให้ และที่ท่านเองก็ทําด้วยตัวของท่านเอง ขณะที่มีชีวิตอยู่ คือได้ดีมีสุข คือได้ภพภูมิที่ดีนะ และภพภูมิที่ดี เขาจะไม่มาบริโภค อาหารของมนุษย์ ที่มนุษย์จัดวางไว้ให้กิน พูดง่ายง่ายว่าไม่มากินของเซ่นไหว้นั่นเอง ยังไงก็ไม่มาเพราะเขาอยู่ในภพภูมิที่อยู่ดีมีสุข นะ มันยังไงก็ไปมา แต่ถ้าอยู่ในภพภูมิ เอ่อ ที่ไม่ได้รับบุญ แล้วถ้าหากว่าเป็นภพภูมิชั้นต่ํา เช่น เอ่อ ภพภูมิของเศรษฐีปีศาจที่จะต้องหากินของที่คนอื่นโยนทิ้ง เททิ้งสาดทิ้ง หรือของที่เป็นขยะแล้ว ต้องต้องทิ้งแล้วเพราะบุพกรรมเพราะ ไม่สะสมบุญมาแต่ปางก่อน เพราะเหตุปัจจัยอะไรก็ตาม เนี่ย อัน เนี้ย เราวางของเซ่นไหว้ได้ ทีนี้เราก็มาไล่เช็คด้วยนะว่าบรรพบุรุษเราทุกคน เนี่ย มันคือเรา เราคิดว่าท่านเป็นผู้มีบุญน้อย อยู่ในฐานะของเปรตผีปีศาจที่รอรับกินของเซ่นไหว้อย่าง งี้ หรือ หรือถ้าหากเราเชื่อว่าอย่างนั้นก็จัดของเซ่นไหว้ได้ ก็ไม่เป็นไรนะ จัดของเซ่นไหว้ได้เลย ก็ไม่เป็นไร ถ้า ถ้าเชื่อว่าท่าน ดํารงอยู่ในภพภูมิอย่าง งั้น ถ้าท่านดํารงอยู่ในการชดใช้กรรมวิบาก นะ เช่น กําเนิดสัตว์เดรัจฉาน นรก และเอ่อ อะไร? อสูรกาย อ่า เพราะว่าภูมิชั้นต่ําที่มีก็คือ ปิติวิสัยภูมิแห่งเปรต อ่า อสุโลกายะคือภูมิของอสุรกาย อ่า เดรัจฉานคือสัตว์เดรัจฉานแล้วก็นรก นรกกับ กับอสูรกาย เนี่ย จะรับบุญจากมนุษย์ ไม่ได้ และก็ แม้รับบุญก็ยังไม่ได้แล้ว ของเซ่นไหว้ก็ ไม่สามารถรับได้เหมือนกัน นะ คือเขาไม่เปิดโอกาสมาให้กิน นะ ในของเซนต์ใบนั้นจะได้ก็ต่อเมื่อ อ่า เป็ดผีปีศาจวางจําพวกที่ อยู่ในฐาน เอ่อ อยู่ในสภาพที่กินของที่เขาสาดทิ้ง เททิ้ง อัน เนี้ย มันเป็นฐานะอีกฐานะหนึ่ง อัน เนี้ย เราตั้งของเซนต์ไหว้ไว้ให้กินได้แล้วถ้าเราบอกว่า เราทําไว้ตามแบบแผนที่บรรพบุรุษพาทํามา ก็ได้ จะทําอย่าง งั้น ก็ได้การไหว้หรือการสักการะ ตั้งของเหล่า เนี้ย ไว้ นะ เราไม่ได้ตั้งไว้เพื่อการยึดผึ้ง แต่เราตั้งไว้เพื่อ อ่า เป็นการสลับ หรือการเซ่นไหว้ของเหล่านั้นให้กับบรรพชน อะ ที่ละชีวิตไป ก็ถือว่าเป็น อ่า แบบแถมอันหนึ่ง และวิธีการอันหนึ่ง นะ แต่ขอให้ใจเราระลึกถึงพระรัตนตรัยยึดพระรัตนตรัยเป็นที่พึ่งทางใจ อย่ายึดสิ่งศักดิ์สิทธิ์อย่างอื่น นะ ให้เข้าใจอย่างนั้น,00.01.18,00.08.20,,,,,,4.0
ร่างกายนี้ไม่ใช่ ของตัวเรา กําเนิดมาจากดิน น้ำ ไฟ ลม ประชุมรวมกัน เมื่อถึงวาระ จะเกิดเป็นคนหนอนในขยะ คุณกรรมที่กําหนดในแต่ละชีวิตทุกทุกสิ่งมีชีวิต มาจากการกระทําของแต่ละชีวิต ใครเป็นคนควบคุม,สิ่งที่ชาวพุทธควรจะรู้และควรจะเข้าใจโดยเป็นพื้นฐาน หลักหลักเลย พื้นฐานคือเป็นเรื่องที่พื้นพื้นที่เราต้องเข้าใจเลยว่า ระบบกรรม เป็นระบบทางธรรมชาติที่เกิดจากการกระทําของกายกับจิต คือ จิตก็คือมโนกรรม กายก็คือสิ่งที่ลงมือกระทํา แล้วก็ วาจาคือวจีกรรม ก็คือกรรมทั้งสามคือกายกรรม วจีกรรม มโนกรรม เนี่ย กรรม เนี่ย คือมนุษย์เรา เนี่ย เกิดขึ้นมาแล้วจะต้องคือมันอยู่เฉยเฉยไม่ได้ต้องมีการกระทํา เมื่อมีการกระทําก็ต้องมีผลที่เกิดจากการกระทํา อันนี้เป็นกรดตายตัว ในเมื่อมีกรรมก็ต้องมีผลของการกระทํา ฉะนั้นแล้ว กฎหรือธรรมชาติของกรรมกําหนดไว้ว่า ใครทําสิ่งใดย่อมได้รับสิ่งนั้น ทีนี้เราก็มามองว่า ใครทําสิ่งใด เนี่ย แน่นอนว่า ร่างกายอันประกอบไปด้วยดิน น้ำ ไฟ ลม ดิน เนี่ย ทําไม่ได้ทําอะไรก็ไม่ได้ ทํากรรมไม่ได้ น้ำก็ทํากรรมไม่ได้ ไฟก็ทํากรรมไม่ได้ ลมก็ทํากรรมไม่ได้ ดินเป็นเพียงสัตว์แต่ว่าเป็นที่ตั้งให้ธาตุเกาะกุมกันอยู่ โดยอาศัยน้ำเป็นตัว เอ่อ เกาะกลุ่มอาศัยไฟเป็นตัวหล่อเลี้ยงให้เกิดไฟธาตุไออุ่นในร่างกายและอาศัยลมในการไหลเวียนของระบบธาตุทั้งหมดเขาเขาทํากรรมไม่ได้ กรรมมันเกิดจากเจตนาจงใจที่จะกระทําเจตนาจงใจที่จะกระทําสิ่งใดใดลงไป แล้ว ทําสิ่งนั้น ไม่ว่าจะเป็นการพูดหรือคิด เป็นวจีกรรมแล้วก็มโนกรรม การกระทําด้วยเจตนาใดใดก็ตามที่กระทําแล้วด้วยอํานาจของอวิชชาคือ จิตทุกดวงมีอวิชชาอยู่แล้ว คือคือทุกทุกเจตนา เนี่ย ที่อยู่ในส่วนของปุถุชน เนี่ย หรือสกัดอาคาร โสดาบัน สกัดอาคาเมียร์นาคามี เนี่ย ทุกทุกเจตนา เนี่ย มันมีอวิชชาประกอบนะ และเพราะมีอวิชาประกอบ เนี่ย อวิชชาส่งผลให้เกิดปัญหา ปัญหาก่อให้เกิดอุปถัมภ์ อุปทาน เนี่ย ก่อให้เกิดการกระทํากรรมด้วยแรงยึดนั้น กรรมนี้คือกรรมภพ กรรมที่ก่อให้เกิดภพคำว่ากรรมที่ก่อให้เกิดผล เกิดพบก็คือการกระทําที่เรากระทําทุกทุกการกระทํานั้น ผลักดันชีวิตให้บังเกิดขึ้นในภพ อย่าง เงี้ย เมื่ออวิชชา ทําให้เราหลงผิดในดิน น้ำไฟลมคือกาย เนี่ย ด้วยทิฐิที่ความเห็นที่ตั้งไว้ในกายสังขารและจิตตังสังขาร คือกายกับจิตว่าเป็นตนเวลาดินน้ำไฟลงกระทํากรรมใดใดลงไปก็ตาม คือตัวดินน้ำไฟลงจะทําไม่ได้เป็นเพียงแค่ผู้รับผลทางการกระทํา ฮะ แต่ตัวกระทําคือเจตนา แต่เจตนาแค่เจตนาเฉยเฉย ถ้าไม่มีผู้กระทําออกไปทาง กาย วาจา เรียกว่า อ่า กิริยาแห่งการกระทําเหล่า เนี้ย คือไม่ ไม่พูดออกไป ไม่มีกิริยาของการพูด ไม่มี ไม่มี เอ่อ การลงมือในการกระทํามันมันก็ไม่สามารถกระทํากรรมได้ เพราะว่า ลําพังเจตนาเป็นมโนกรรมก็จริงแต่เป็นมโนกรรมที่ให้ผลในขณะที่ทํา การให้ผลในขณะที่ทํานั้นน่ะ มันก็ตอบสนองต่อใจในขณะนั้นแล้ว แต่เมื่อตอบสนองต่อใจในขณะนั้นแล้วคือคิดนะ ก็เป็นมโนกรรมเกิดแล้วก็ดับไป แต่ทีนี้การประชุมรวมกัน ที่จะนําบุคคลผู้กระทํากรรมนั้นน่ะ ไปสู่การเกิดเป็นคน เป็นหนอนในขยะ เป็นอะไรต่าง ๆนานาทั้งหมด เนี่ยมันเกิดจากการที่บุคคล เนี่ย มีอวิชชาคือความไม่รู้ในการในใจ และหลงผิดยึดถือ ตัวผู้กระทํา อะ คือว่าตัวเราเป็นผู้กระทํา สําคัญนั่นหมายในกายสังขารว่าเป็นตน เมื่อสําคัญ มั่นหมายในสังขารว่าเป็นตนน่ะเป็นผู้กระทํากรรมเลยตกอยู่กับบุคคลผู้ สําคัญมั่นหมายหน้าว่าตน เมื่อกรรมตกอยู่กับผู้นั้น กรรมจึง มีวิบากก็คือส่งผลต่อบุคคลผู้ยึดถือนะ การกระทําอันนั้น เพราะกรรมมีกําหนดไว้ว่า ใครกระทําสิ่งใดใดลงไป ย่อมได้รับผลแห่งการกระทําอันนั้น อย่าง เงี้ย แต่ทั้งหมดนั้นน่ะ จะต้องมีมูลฐานมาจาก มโนกรรมเป็นหลัก นั่นหมายความว่า เจตนาคือความจงใจดําริที่จะกระทําใดใดก็ตามนะครับ ตัว เนี้ย เกิดขึ้นก่อน แล้วกลาย กายกรรมมันก็คือกิริยาแห่งการพูด และ กิริยาแห่งการลงมือทํา เนี่ย จะเกิดเป็นกรรมสําเร็จรูป ก็ต่อเมื่อมีเจตนา เป็นที่ตั้งเมื่อมีเจตนาเป็นที่ตั้งแล้ว การพูด ย่อมเป็นกรรมวจี อ่า วจีกรรม การกระทําย่อมเป็นกรรมที่ว่ากายกรรม การกระทําทางกาย แต่ถ้าเจตนานั้นปราศจากอวิชชา คือเจตนาใดใดก็ตามที่มีปโนกรรม อันปราศจากอวิชชา การกระทํานั้นนั้นเป็นเพียงแค่กิริยา ไม่ใช่กรรม นะเป็นแค่กิริยา คือดับเอาวิชาได้แล้ว เหลือเพียงแค่กิริยาของความเป็นอยู่ของกายกับใจ ไม่มีกรรม เมื่อไม่มีกรรมก็ไม่มีผลของกรรม นะ กรรมกรรมก็ดับ ดับไปได้ ด้วยการดับเอาวิชา คือการดับกรรม แต่ถ้าแต่ถ้ายังดับเอาวิชาไม่ได้ ทุกทุกเจตนานั้นก็นําไปสู่การพูดและการกระทํา ก็จะเป็นกายกรรมวจีกรรมแล้วก็นําเกิด นะมันจะนําเกิดเป็นกรรมภพ ทุกทุกชีวิต นะมีการนําเกิด ให้เข้าใจอย่าง งี้,00.08.25,00.14.33,,,,,,
เวลาไปกราบไหว้ พ่อแม่ครูอาจารย์แล้วทํา ทําไมรู้สึกตื้นตันใจร้องไห้? และเวลาแผ่เมตตาให้พ่อแม่ปู่ย่าตายายที่ล่วงลับไปแล้ว ก็ร้องไห้,มันจะมีอยู่สองอย่าง อย่างแรกก็คือ จิตดวงท่านน่ะมีปีติหล่อเลี้ยงมากเกินไป จริง ๆแสดงออกถึงการร้องไห้ อย่างมีปิติหล่อเลี้ยง อ่า อย่างที่สองก็คือมีภาวะบางอย่าง ที่ส่งผ่าน การกระทําของเราให้เราได้รู้สึกแบบนั้น อ่า ขอแนะนําให้สวดบท อาตานาติยปริต วันละสามรอบทุกทุกวัน แล้วก็เทียบเคียงว่าเมื่อสวดแล้ว ติดต่อเนื่องกันอย่างน้อยเจ็ดวันนะคือคือต่อไปเรื่อยเรื่อยทุกวันทุกวันอย่าขาด ก็ก็ลองทดลอง ลองสังเกตว่า อาการอย่าง เงี้ย ตื้นตันใจร้องไห้ หายไปหรือไม่ ถ้าหายไปก็ ก็ถือว่าดี ก็หายไป นะ แต่ถ้าแต่ถ้าไม่หายก็เข้าใจว่า จิตเรามีปิติหล่อเลี้ยง นะ มาก ก็เลยทําให้เกิดภาวะอย่าง งี้,00.14.38,00.15.53,,,,,,
วัดป่าจําเป็นต้องสร้างโบสถ์ไหมคะ มีหลายวัดบนป่าเขาที่หนูเคยศรัทธาหาเงินสร้างกันค่ะ ทั้งทั้งที่มีศาลาปฏิบัติธรรมมีวิหาร มีศาลาการเปรียญแล้วค่ะ,"มันมีอยู่สองประเภทก็คือหนึ่งวัดป่าธวัชนั้นเป็นวัดที่ได้รับอ่าพระราชทานวิสุงคามสีมา อันนี้ต้องสร้าง คือถ้ามีวิสุงคามสีมานะ ต้องสร้าง สร้าง สร้าง สร้างเป็นโบสถ์ แต่ไม่จําเป็นต้องสร้างโบสถ์อะไรให้มันเยอะแยะมากมาย อ่า ด้วยทุนทรัพย์ที่เกินความจําเป็นต่อการที่จะสร้าง ยึดเอาความมั่นคง แข็งแรงทนทาน และการใช้งานเป็นหลัก
อัน เนี้ย นอกเสียจากว่าจะมีเหตุอะไรอย่างอื่นที่จะ สร้างหลังจากนั้น คือถ้ามีวิสุงคามสีมานะ มันมันต้องสร้าง เพราะเป็นข้อกําหนด นะ ตาม ตามกฎหมายเขากําหนดไว้อย่าง งั้น แต่ถ้าไม่มีวิสุงคามสีมา คือไม่ได้รับพระราชทาน วิสุงคามสีมา เนี่ยไม่สร้างโบสถ์ก็ได้ ก็คือสร้างอาคารไว้เพื่อทํา เอ่อ อะไร? สังฆกรรมของสงฆ์ในแง่ของการสวดพระปฏิโมทย์ เฉยเฉยธรรมดา เนี่ย ได้อยู่ อย่างที่สํานักพระอาจารย์ก็มีแค่อาคาร อ่า หาอาคารไว้ สวดพระปฏิโมทย์ธรรมสังฆกรรม อ่า ที่เป็นกิจ ที่ต้องกระทํากันทุกทุกสิบห้าวัน อันนี้ก็คือ ความจําเป็น เอ่อ แล้วถ้าไม่มีอุโบสถ ถ้าไม่มีอุโบสถ เนี่ย อะไรนะ? ทําสังฆกรรมในเรื่องของ กฐิน อันนี้คือภิสุงครามสีมานะ คือกฐิน และก็กระถิน การอับทาน การ อุปสมบท พระภิกษุ อัน เนี้ย ไม่ได้ ต้องต้องอยู่ในเขตสีมา อ่า ใน ในส่วนของที่ที่มีวิสุง คางสีมาถ้าวัดป่านะฮะ ห่างจากหมู่บ้านในระยะหนึ่งกิโลเป็นต้นไป ก็สามารถกําหนดเขตป่านั้น เป็นอรัญญสีมา โดยที่ไม่สร้างอุโบสถคือโดยวัดที่ไม่มี อ่า วิสุงคามสีมานะ ก็ไม่ต้องสร้างอุโบสถ ก็มีอาคารสิ่งปลูกสร้างที่สามารถทําศัลยกรรมนั้นได้ เนี่ย ก็กําหนด อรัญญสีมานั้น เป็นที่ทําสังฆกรรมได้เลย นี่นี่คือความต่างที่เราต้องเข้าใจ และต้องเข้าใจด้วยว่า วัดไหนที่จะสร้างอุโบสถต้อง มีความสามารถในการที่จะอ่า ได้มาซึ่งทุนทรัพย์ในการสร้างนั้นน่ะ ในทางที่ถูกต้อง แล้วมีความ การแสวงหา ทุนทรัพย์เพื่อสร้างอุโบสถนั้นน่ะ ด้วยความที่ไม่
เขาเรียกยังไง? ไม่ไม่ แสวงหานอก จากธรรมและวินัย ที่ควรจะแสวงหาได้ ที่เปิดโอกาสให้เกิดการแสวงหากัน ถ้านอกเหนือจากนั้นละก็ ก็จะไม่ดี คือถ้านอกจากความถูกต้องตามหลักธรรมหลักวินัยแล้วก็จะไม่ดี ถ้าอยู่ในหลักขอบเขตหลักธรรมของวิทยาลัยจะดีที่สุด",00.16.00,00.19.21,,,,,,
เกี่ยวกับประเพณีออกพรรษาแห่ปราสาทผึ้งค่ะ ยายหนูบอกให้นําเงินมาซื้อของ สร้างปราสาทผึ้งเพื่อแห่ไปทําบุญที่วัด ยายบอกว่าอุทิศให้กับญาติที่ล่วงลับไปแล้ว เพื่อจะได้เป็นปราสาทที่อยู่อาศัย เลยขอถามพระอาจารย์ว่าเป็นจริงอย่างที่เขาว่ากันไหมคะ? เป็นสิ่งที่พระพุทธเจ้าให้ทําตามกันมาไหมคะ? หนูเข้าใจว่าทําบุญทหารว่าถวายอาหารแด่พระสงฆ์ แล้วค่อยอุทิศให้กับญาติญาติจึงจะได้บุญนั้นค่ะ,เรื่องนี้มีมูลเหตุมาจาก ภิกษุรูปหนึ่ง มีญาติ มาปรากฏ ให้เห็น อย่างนี้เป็นเปรต อ่ามาบอกกับพระภิกษุว่า พวกข้าพเจ้าละชีวิตไปแล้วเป็นเปรต ขาดแคลนอาหารมากอ่า พวกข้าพเจ้าต้องการอาหาร ภิกษุรูปนี้ก็เลยไปบิณฑบาต แล้วนําอาหารนี้มาถวายแก่สงฆ์ แล้วอุทิศบุญไปให้ญาติเหล่านั้น ปรากฏว่าญาติเหล่านั้นก็มีอาหาร ปรากฏขึ้นในภพภูมิของเปรตนั้น เปรตก็บริโภคอาหารนั้นมีสภาพร่างกายที่ เอ่อ ประดุจดั่งเทวดาจากนั้น เปรตเหล่านั้น น่ะ มีร่างกายเอิบอิ่มดีแล้วแต่ไม่มีเสื้อผ้าใส่ ก็มาหาพิสูจน์อย่าง งี้ บอกว่า อ่า พวกเราได้บริโภคอาหารเต็มอิ่ม อิ่มหนําสําราญกันแล้ว นะ ร่างกายสุขภาพ ร่างกายสมบูรณ์แข็งแรงขึ้นมาแต่ไม่มีเสื้อผ้าใส่ ขอให้ท่านจง เอ่อ อุทิศบุญเป็นเสื้อผ้าให้พวกเราด้วย พระภิกษุนี่ก็ไปแสวงหาผ้ามา แล้วนําผ้านั้นมาเย็บ มาย้อมมาซัก อ่า ถวายผ้า เนี้ยกับสงฆ์ แล้วอุทิศบุญให้กับเปรตที่เป็นญาติ พระอาทิตย์ก็บังเกิดขึ้นห่อหุ้มร่างกายเปรตเหล่านั้น ไอ้เปรตเหล่านั้นน่ะ ใช่ นะ แต่มีรูปร่างคล้ายคล้ายเทวดาแล้วนะ นะ แต่ แต่ก็ยังในภพภูมิของเปรตพระอาทิตย์ก็บังเกิดขึ้นโดยอัตโนมัตินะ เปรตเหล่านั้นก็บอกว่า พวกเราได้อาหารได้ผ้าแล้ว แต่ขาดที่อยู่อาศัยขอให้ท่านช่วยส่ง ที่อยู่อาศัยมาให้เราด้วย ภิกษุที่ อ่า มีญาติมา เป็นเปรตมาญาติมา ก็ไปชักชวนหมู่พระภิกษุด้วยกัน ไปร่วมกันสร้างกุฏิ กุฏิพอสร้างกุฏิเสร็จ นะ ก็ยกกุฏิ เนี่ย ถวายแด่สงฆ์ คือไม่ใช่ของภิกษุรูปใดรูปหนึ่ง คณะสงฆ์เป็นของกลาง ให้ ให้ ให้สงฆ์ ให้ผู้ที่ไปบริเวณอาวาสนั้นน่ะได้ใช้สอย นะแล้วก็พอถวายแด่สงฆ์ก็อุทิศไปให้กับ เปรตที่เป็นญาติ ก็ปรากฏว่า วิมานทิพย์บังเกิดขึ้นจากเปรตทิพย์เป็นญาติ ตรงนี้ทําให้เรา ต้องเข้าใจและแยกแยะให้ออกว่า การทําปราสาทผึ้ง เนี่ย กับการทํากุฏิถวายแด่สงฆ์และอุทิศไปให้ญาติเนี่ย การทําปราสาทผึ้งไม่ได้มีความหมาย ที่จะทําให้ ญาติที่ละชีวิตไป ได้รับวิมานทิพย์ ปราสาทพึ่ง มันเข้าอยู่อาศัยไม่ได้ มันเลยแค่เล็กเล็กเอง อะ เป็น เป็นอะไร? กระต๊อบเล็กเล็ก กระต๊อบนี่ไม่ใช่ ไม่ใช่กระต๊อบกันอยู่คล้ายคล้ายกับศาลอย่าง เงี้ย มันเป็นความเชื่อ แต่ความเชื่อเหล่า เนี้ย ปลูกฝังในความรู้สึกของคนรุ่นเก่า ที่ไม่เคยค้นคว้าหลักคําสอน เอาความรู้สึกที่ผูกติดอยู่กับการกระทําแบบนั้น เป็นเกณฑ์ในการที่จะทํากันสืบเนื่องมา จนกลายเป็น จารีต ประเพณี นะ แต่ยังไม่ใช่ความถูกต้อง จารีสก็คือจารีต ประเพณีก็คือประเพณี ความเชื่อก็คือความเชื่อ แต่ยังไม่ใช่ความถูกต้องพุทธเจ้าไม่ได้สอนอย่างนั้น พระองค์บอกว่า ถ้าต้องการจะ ให้ ญาติมี ที่อยู่อาศัย ไปร่วมทําบุญที่ไหนก็ได้ที่มีการสร้าง กุฏิ สร้างศาลาสร้าง โบสถ์ สร้างสิ่งที่เป็นวิหารทานเหล่า เนี้ย แล้วอุทิศส่วนกุศลไปให้ญาติ อันนั้นน่ะวิมานทิพย์บังเกิดขึ้น แน่นอน,00.19.25,00.23.26,,,,,,
เคยได้ยินว่าพระพุทธเจ้าทรงทราบล่วงหน้าไว้เกี่ยวกับ ชาติของสรรพสัตว์ทั้งหลาย และรู้ว่าพระเทวทัตจะมีการกระทําผิดต่อพระพุทธเจ้าแล้วตกนรก ถ้าพระพุทธเจ้าไม่รับเป็นลูกศิษย์หรือบวชให้เป็นพระภิกษุ ถ้าพุทธเจ้าไม่บวชให้เทวทัตน์เป็นลูกศิษย์ในการ พระพุทธเจ้าเทวทัตก็จะตกให้มันโผล่ออกมา นรกนั่นจริงไหมครับ แล้วถ้าเป็นเรื่องจริงแล้วส่วนมนุษย์เรานี่แหละครับที่ เราได้มาเป็นมนุษย์และกระทําผิด บางอย่างในชาตินี้ และมันเกี่ยวกับชาติที่แล้ว นั่นไหม? ที่เราได้กระทําผิด ชาตินี้ พระพุทธเจ้าทราบว่า  พระพุทธเจ้าทรงทราบว่า ทราบไว้ใช่ไหมครับ? และที่นี่ผมก็อยากทราบเกี่ยวกับการกระทําผิดของเหล่าชาตินี้มันเกี่ยวกับชาติที่แล้วไหมครับ ว่าที่เราจะได้กระทําผิดชาตินี้พระพุทธเจ้าทรงทราบไว้แล้วไหม เมื่อไหร่จะพ้นจากการกระทําผิดนั้นไหมครับ,พระเทวทัตไปตกนรกเพราะกระทําผิดต่อพระสัมมาสัมพุทธเจ้า นะ การตกนรกนั้น พระองค์ทราบดีว่า นะ พระองค์จะทําให้เทวทัต ไม่ไปตกนรกตลอดอนันตกาล เนี่ยได้ด้วยวิธีการเหล่าใด นะ พระองค์ก็เลย เมตตาเทวทัตอยู่ตลอด จนพระเทวทัตเรา เอ่อ สํานึกได้ถึงพุทธเมตตาของพุทธองค์มาโดยตลอด ก่อนใกล้ตาย พอสํานึกได้ปั๊บท่านก็ขอขมาโทษพระพุทธองค์แล้วก็ถวายคังเป็นพุทธบูชา จึงทําให้ภพชาติที่จะต้องชดใช้ในอยาบายภูมิ เนี่ย เป็นแบบยืดยาวนานน่ะ ยุติลง พอเขาพ้นจากนรกแล้ว กรรมนั้นก็เสร็จสิ้นแล้ว แล้วพอพ้นจากนรกแล้วหนึ่งแสนกลับ เนี่ย คือพ้นจากนรก กํานั้นก็เสร็จสิ้นแล้ว มาเกิดเป็นมนุษย์ พอมาเกิดเป็นมนุษย์ เขาจะ เป็นพระพุทธเจ้าพระนามว่า อะ พระปัจเจกกับพระพุทธเจ้า พระนามว่า อัฐิสละ อย่าง เงี้ย อติสละ ก็คือได้หลุดพ้นในเบื้องหน้า เป็นเพราะเจ๋งกับพระพุทธเจ้าด้วย ส่วนพวกเราที่ได้เกิดขึ้นมา มันมีกรรมตั้งแต่ปางก่อน ด้วยกรรมทั้งปัจจุบันนี้ด้วย ทําให้เราได้รับผลกรรมเหล่า เนี้ย พระพุทธองค์ตรัสไว้ว่า ตัวกรรมเองแต่ละคนทํา เนี่ย มันเป็น มันเป็นพุทธวิสัยเท่านั้นที่สามารถล่วงรู้ สําหรับตัวพุทธองค์ ระดับสาวกเองก็รับรู้เพียงแค่หลัก พื้นฐาน กรรมที่เป็นพื้น พื้นพื้นพื้นพื้นว่า ใครทําสิ่งใด ยอมรับสิ่งนั้น อันนี้แค่เวรกรรมพื้นพื้น แต่การให้ผลของกรรม เนี่ย เป็นพุทธวิสัย เหตุที่พระองค์ล่วงรู้โดยพุทธภาวะหรือพุทธญาณ หรือสัพพยุทธญาณของพุทธองค์เอง นะที่ว่าเป็นกรรมวิสัยที่ไม่มีใครสามารถเข้าใจได้ นอกจากพุทธองค์ ฉะนั้นขอให้เข้าใจว่า ตัวเราในขณะนี้ เนี่ยที่มาเกิดเป็นมนุษย์ ถือว่ากรรมที่เราเคยทําไว้ แต่บางก่อนนั้นน่ะ เบาบางแล้วแหละ ท่านจะได้รับก็ได้รับเพียงแค่เศษกรรม ไม่ใช่จะได้รับตัวกรรมนั้นเต็มเต็ม จะได้รับจริง ๆก็เพียงแค่เศษกรรม จะไม่ได้รับกรรมหนักก็ต้องระวังว่า กรรมที่เราจะกระทําในขณะ เนี้ย จะเป็นกรรมหนักที่ส่งผลให้เราได้รับโทษในอบายภูมิ อ่า มากหรือน้อย ก็อย่าไปประพฤติหรือละเมิดในกรรมเหล่านั้น อ่า พอเบาเบาบางบาง ก็ทําไปพอได้ แต่ต้องยึดถือพระรัตนตรัยนะไว้เป็นสําคัญ เพราะจะห้ามไม่ให้ทําเลย เนี่ย มันก็คงไม่ใช่วิสัยปกติที่มนุษย์ทั่วไปจะ เอ่อ สามารถ ไม่ไปสู่วิถีแห่งความผิดพลาดเลยในชีวิต เพราะมนุษย์เรามีความผิดพลาดโดยปกติแต่เมื่อผิดแล้วรู้จักแก้ไขความผิดนั้นก็คือนิสัยของบุคคล อ่า ผู้ที่ได้ เอ่อ เชื่อว่าผู้มีปัญญาหรือผู้รับผิดชอบตัวเอง ให้ไปในทิศทางที่ถูกต้อง อัน เนี้ย ก็ให้เข้าใจอย่าง งั้น,00.23.33,00.27.30,,,,,,
"เวลาท่องพุทโธ ธัมโม สังโฆ, มีนาโถ แล้วง่วงหลับทุกครั้งค่ะ",ขอแนะนําให้สวดอาฏานาฏิยปริด้วยสามหน เอ่อ สวดสามรอบติดต่อเนื่องกันแล้วก็ ทุกวัน อาการเหล่านี้ก็จะค่อยค่อยหายไป,00.27.33,00.27.51,,,,,,
ปัจจุบันนี้จะมีรายการทีวีรายการหนึ่งลักษณะ รายการจะแบ่งเป็นสองฝ่ายฝ่ายหนึ่งจะต้องพูดโกหกหลอกล่อให้อีกฝ่าย ทายไม่ถูกหากไม่ได้คิด อะไร รูปแบบรายการก็จะมีความสุข สนุกสนานดีค่ะ แต่ลักษณะแบบนี้ ผู้เข้าร่วมรายการคือบาปไหมคะ? และคําถามคือตัวเราในฐานะ คนดูสื่อพวก เนี้ย จะมีส่วนในบาปที่พูดโกหกนั้นไหมคะ,ทุกเรื่องมันมีบาปอยู่ในทุกทุกการกระทํา แต่บาปอ่อนอ่อน บาปกลางกลาง บาปหนัก มันก็ขึ้นอยู่กับเจตนา ถ้าเราจะตีกรอบของบาปในส่วนการพูดนี้ก็จะอยู่ในส่วนของ เอ่อ สัมผัส ปาก โกหก พูดเพ้อเจ้อพูดอะไรไปประมาณ เนี้ย มากหรือน้อยหนักหรือเบาอยู่ที่ เจตนาที่เราทํา ว่าทํามันก็ไม่มีเจตนารุนแรง ก็กรรมก็จะเบาเบา เจตนารุนแรง อ่า ทําให้คน เอาเอาแค่ให้คนทําสนุกสนาน ก็ไม่มีรุนแรงมาก แต่ถ้ามุ่งการสร้างความโกหกและเป็นความเสียหายและเป็นความเดือดร้อนในคําโกหกนั้นน่ะ มุ่งการสร้างความเสียหาย เสียหาย มุ่งการสร้างความเดือดร้อน มุ่งสร้างความทุกข์ให้กับคนอื่น แล้วเป็นการสร้างความเดือดร้อน ที่ขยายไปในวงกว้างมาก อันเนี้ย หนัก รุนแรงจนบางคนโกหก อ่า จนทําให้อีกฝ่ายหนึ่งรับไม่ได้ แล้วก็ถึงการ ฆ่าตัวตายก็มี ค่า ถึงแก่ชีวิตอย่าง เงี้ย อัน เนี้ย ถือว่าหนักมากมาก ก็ ก็ต้องแบ่งแยก แต่จะไม่ให้มีกรรมเลย ไม่ได้ แล้วเราไปร่วม รับรู้ ร่วมสนุกสนาน ก็มีกรรมอ่อนอ่อนในนั้นด้วย เล็กเล็กน้อยน้อยก็ไม่เป็นไร อยากสนุกกันก็ ก็ทํากันไป ก็นั่นมนุษย์เราก็อยู่อย่าง งี้ แหละ ต้องอยู่กันด้วยความสนุกสนานอะไรกันอย่างเงี้ย เมื่อมันหลีกเลี่ยงไม่ได้ คือจะห้ามไม่ให้ทําเลย ก็ห้ามไม่ได้หรอก มัน มันไม่ใช่วิสัยที่จะห้ามกันได้ พุทธเจ้าก็รู้ดี พระองค์จึงบอกว่า บางคราวก็เจตนางดเว้น อาการที่เจตนางดเว้นได้นั่นแหละ ก็จะคุ้มครองเราเอง ไม่ให้รับโทษ รับผลกรรมที่ทําไปนะ,00.27.55,00.30.57,,,,,,
คุณพ่ออายุแปดสิบห้าปี แล้วสุขภาพก็ไม่ค่อยแข็งแรงท่านเครียดและวิตกกังวลกับลูกลูก ที่ยังมีหนี้อยู่ จึงพูดกระแทกแดกดันเลยทําให้ลูกลูกอยู่ ใกล้ลําบากใจ ดิฉันสามารถสวดบทเผื่อแผ่บุญให้ท่าน ดิฉันเป็นห่วงพ่อ แม้กระทั่งเสียชีวิต จิตท่านจะไม่ไปทาน สุขคติ,สวดรัตนปริตรได้ นะ บทรัตนปริตรนี้สวดได้เลย,00.30.16,00.30.56,,,,,,
คนไม่รักเราเป็นคนที่ไม่มีใครรัก จริงบ้างไม่จริงบ้าง และทําให้เกิดความน้อยใจ และเสียกําลังใจได้ง่าย เมื่อพิจารณาแล้ว ทําให้รู้ว่าตัวเองมีจุดนี้แทบจะเป็นเรื่องเดียวกัน แทบจะเป็นเรื่องเดียวที่เป็นปัญหาในชีวิตเลยค่ะ จะปัญหาอะไรอย่างอื่นมา ไม่เป็นไรเลย สิ่งนี้เป็นเพราะอะไร? และควรทําอย่างไรกับความคิดนี้?,เราต้องหมั่นฝึกฝนตัวเรานะ ทําตัวเราให้ดี ในตัวเราเอง เมื่อเราทําตัวเราให้ดีไม่ได้เกี่ยวอะ ใครจะรัก ใครจะไม่รัก และอย่าเอาความรักหรือไม่รักของใคร มาสร้างความน้อยใจ หรือไม่น้อยใจกับตัวเรา ทําตัวเราให้ดี และยืนยันอยู่กับความดีที่เราทําเราทําดีแล้ว ใครจะรัก ใครจะชัง มันไม่ได้เป็นปัญหา มันไม่ได้เป็นปัญหา แน่นอนเราอาจจะมีความคิดอยากให้คนอื่น มีความสนใจในตัวเรา เราก็ต้องมา กําหนดดู ไอ้ความรู้สึกลักษณะอย่างเนี้ยคิดว่าคนไม่รักเรา นี่แหละความรู้สึกอย่าง เงี้ย ทักมัน ถ้าว่า อ๋อ นี่คือความรู้สึกเฉยเฉยในความรู้สึกนี้กําลังเกิดขึ้นกับเรา เรากําลังมีความรู้สึกนี้ ความรู้สึกนี้กําลังปรุงแต่งจิตเรา จิตเรากําลังถูกความรู้สึกนี้ปรุงแต่ง เนี่ย ให้ ให้ ให้ทักอย่าง เงี้ย แล้วก็ เราก็ทําดีของเราไป มันก็จะได้ถูกแก้ไขปัญหาตรง เนี้ย เพราะว่าปัญหาอื่นเราไม่มีเลย เรามีแต่ปัญหาตรง เนี้ย ทักตรงนี้แหละ ให้มีสติเข้าไปรับรู้ในสิ่งนี้ ก็จะแก้ไขได้นะ ,00.31.15,00.33.10,,,,,,
ลูกสาวหนูเสียชีวิตไปแล้วหนึ่งปีโยมทําบุญทุกครั้ง ลูกสาวหนูได้รับไหมคะ?,ทําบุญไปเลย และก็สร้างความเชื่อมั่นว่า เขาได้รับแน่นอนนะแล้วอุทิศไปไว้เรื่อยเรื่อยได้รับแน่นอน,00.33.47,00.33.59,,,,,,
อยู่กับลูกชายสองคนด่าว่าแม่ตะคอกแม่ตลอดเวลา จนแม่เป็นซึมเศร้าต้องทําอย่างไรดีคะ? ,ระลึกถึงพระรัตนตรัย นะ ระลึกถึงพระรัตนตรัย ด่ามาหนึ่งครั้งก็พุทโธ มีนาโถ พระพุทธเจ้าเป็นที่พึ่งอันประเสริฐของข้าพเจ้า ธัมโมเมนาโถ พระธรรมเป็นที่พึ่งอันประเสริฐของข้าพเจ้าสังโฆเมนาโขนผสมกันในพึ่งอันประเสริฐข้าพเจ้า ดาอีก็พุทโธมีนาโถพระพุทธเจ้าเป็นที่พึ่งอันประเสริฐของข้าพเจ้า ทําโบเบนาโผ พระธรรมเป็นที่พึ่งอันประเสริฐของข้าพเจ้า สังโฆมีนาโถพระสงฆ์เป็นที่พึ่งอันประเสริฐของข้าพเจ้า ระลึกไว้ในใจ ย้ำย้ำซ้ำซ้ำอย่าง เงี้ย ได้ตลอดทั้งกลางวันกลางคืนระลึกให้ได้มากที่สุดเท่าที่จะทําได้ ไม่ได้หมายถึงว่าจะต้องให้ติดต่อเนื่องกันจน ตลอดเวลานะ เดี๋ยวมันจะเป็นการควบคุมบังคับมันเกินไป ระลึกได้เมื่อไหร่ก็ตั้งการระลึกไว้อยู่เรื่อยเรื่อยอยู่เสมอเสมอ เอ่อ หน่วงเหนี่ยวที่จะระลึกถึงพระรัตนตรัยย้ำย้ำซ้ำซ้ำ อยู่ในจิต จะตะคอกยังไงก็ตาม พุทโธ มีนาโถ พระพุทธเจ้าเป็นที่พึ่งอันประเสริฐ ข้าพเจ้า ดาม้าก็พุทโธมีนาโถ พระพุทธเจ้าเป็นที่พึ่งอันประเสริฐของข้าพเจ้า ดาอีกก็พุทโธมีนาโถอย่าง เงี้ย พระอาจารย์ว่า ไม่ซึมแน่ นะ ต้องหายนะ ก็เป็นกําลังใจให้ทําให้ได้,00.34.02,00.36.20,,,,,,
รบกวนถามครับ พี่เขยเสียชีวิตกะทันหัน ในบ้านทําใจไม่ได้ อายุหกสิบเอ็ดปี เป็นเหมือนพี่ชายในบ้านครับ ขอคําแนะนําครับ,แจ้งต่อ เจ้าหน้าที่ทางทะเบียนว่าได้เสียชีวิตแล้วภายในยี่สิบสี่ชั่วโมง จากนั้นก็ทํากิจ ต่อผู้ตายก็คือทักษิณาฐานะกิจทําบุญอุทิศส่วนกุศลไปให้ แล้วก็ฌาปนกิจก็เตรียมการเผา นี่คือสิ่งที่เราควรทํา ในความหมายก็คือทําใจไม่ได้ใช่ไหม?ขอคําแนะนํา ทําใจไม่ได้ ก็ให้เข้าใจว่า นี่แหละคือความพลัดพราก นี่แหละคือมันจะต้องมีความเศร้าโศกอย่างนี้ มี มันต้องมีความพลัดพรากอย่างนี้แหละ และความพลัดพรากก็ต้องมีความเศร้าโศก มีความเสียใจ มีการประสบกับความทุกข์ภายในใจอย่างนี้ ให้เข้าใจ อาการความรู้สึกเรื่องราวที่เกิดขึ้น ว่ามันก็เป็นอย่างนี้แหละ มันมาจากความพลัดพรากแบบกะทันหันมันก็เตรียมใจไม่ทัน ตั้งใจไม่ถูก ทําใจไม่ได้ ก็ต้องเศร้าโศกเสียใจ พี่ลี้พิลัยล่ําพัน แล้วก็ทําใจไม่ได้ มันก็ต้องเป็นอย่าง เงี้ย นี่คือความจริง นี่คือความถูกต้อง อันนี้เป็นสัจจะ ให้เข้าใจเลยว่านี่คือสัจจะนี่คือความจริง ความจริงนี้เกิดขึ้น ได้โดยปกติ คือเป็นสิ่งที่เกิดขึ้นได้ ไม่ใช่เป็นสิ่งที่เกิดขึ้นไม่ได้ เอ่อ วิธีการคือไม่ต้องไปทําใจ เมื่อทําใจไม่ได้ก็ให้เข้าใจว่าทําใจไม่ได้ แล้วก็พยายามทําความเข้าใจอย่าง เงี้ย ไปเรื่อยเรื่อย นะ นี่คือคําตอบ ที่อยากจะให้เข้าใจจริง ๆ ว่ามันจะต้องเศร้าโศก มันจะต้องเสียใจ พระพุทธองค์ตรัสไว้แล้วว่าสิ่งนี้คือความจริง คือสัจจะที่ทุกคนจะต้องเจอ ต้องเจอความพับพากย์ ต้องเจอความเศร้าโศก ต้องเจอความเสียใจ ต้องเจอสิ่งที่ไม่ได้ดั่งใจหมาย ต้องเจอสิ่งที่บีบคั้นทางจิตทางใจต้องเจอ มันเป็นสิ่งที่ต้องเจอ หมายถึงว่า ไม่มีใครหลีกพ้นได้ ได้เจอแน่นอน ไม่เจอในรูปแบบนี้ก็เจอในรูปแบบอื่นไปเจอในรูปแบบอื่น ก็ต้องเจอในรูปแบบอื่น ๆ อีก แน่นอน อย่างเงี้ย ให้เข้าใจอย่างนั้น,00.36.31,00.38.52,,,,,,
ผมสงสัยว่าผู้ที่เป็นสงฆ์ แล้วจําเป็นต้องถอดจีวรใส่ชุดขาวด้วยเหตุผลทางโลกแต่ไม่ได้กล่าวคําราสิกขาถือว่าขาดจากการเป็นพระสงฆ์หรือไม่ครับ,อันนี้ไม่ขาด อ่า เพราะว่าไม่ได้กล่าวคําลาสิกขา เพราะว่าการที่จะขาดจากความเป็นพระสงฆ์ได้ก็ต้องกล่าวคําราสิกขา,00.38.56,00.39.16,,,,,,
ตอนที่เราเป็นผู้เห็นจิต ไม่ใช่เป็น เช่น เราเห็นว่าเกิดความโกรธ แล้วเราจะทําอย่างไรเราไม่เป็น เมื่อเรารู้ตัวแล้ว,ต้องเข้าใจอย่างนี้นะว่า อาการเป็น มันเป็นเรื่องของความโกรธ ไม่ใช่เราเป็น มันเป็นเรื่องของความโกรธเมื่อมันเป็นเรื่องของความโกรธ เราไม่ต้องไปทําอะไรกับมัน นะ คือจะทําอย่างไรให้เราไม่เป็น ไม่ต้องทํา เพราะความโกรธมันเป็นอาการที่แสดงออกมาตามปกติมาตามธรรมดา มันไม่ได้เป็นเราตั้งแต่แรก เพราะก่อนที่ความโกรธจะเกิดขึ้น ความโกรธก็ไม่มี เมื่อความโกรธไม่มี เราเป็นอะไรอยู่ตอนนั้นน่ะ เรา เราก็เป็น ยังเป็นเราอยู่ เมื่อเราประสบกับสิ่งที่ขัดแย้งนั่นน่ะมาซึ่งความโกรธ ความโกรธก็คือความโกรธไม่ได้เป็นเรา เราก็ยังเป็นเราอยู่ แต่ความโกรธมาอิงอาศัยเราเกิดขึ้น เราก็อย่าหลงว่าเราเป็น อย่า อย่าหลงว่าความเราเป็น เราจะต้องบอกว่านี่คือความโกรธ ความโกรธกําลังเกิดขึ้นกับเรา เรากําลังมีความโกรธ ความโกรธกําลังปรุงแต่ง จิตเรา จิต เรากําลังถูกความโกรธปรุงแต่งบอกตัวเราตรงตรงอย่าง งี้ คือบอกไป ต่ออารมณ์ที่เกิดขึ้นต่อความโกรธที่เกิดขึ้นอย่างนี้แหละว่า นี่คือความโกรธ ความโกรธกําลังเกิดขึ้นกับเรา เรากําลังมีความโกรธ ความโกรธกําลังปรุงแต่งจิตเรา จิตเรากําลังถูกความโกรธปรุงแต่ง บอกอย่าง เงี้ย ไปเรื่อยเรื่อยอะ มันก็จะไม่เป็นเอง เพราะมันมีผู้เข้าไปรู้ความโกรธนั้นอยู่ มันจะไม่เป็น,00.39.24,00.40.55,,,,,,
ที่บ้านพ่อมีความเชื่อว่าการนําพระเครื่องแจกจ่ายให้กับบุคคลอื่นเป็นการสืบสานพระพุทธศาสนา บอกว่าภายในปีนี้จะปรากฏ พระเครื่องที่หลวงปู่โตได้สร้างไว้ เลยยิ่งรีบไปหามาซึ่งเป็นพี่ชายที่หามาให้ตอนนี้แม่ก็รู้สึกไม่พอใจว่าเหมือนพี่ชายพ่อเอาเปรียบ พ่อออกเงินให้ทุกครั้งที่ได้ของมาตอนนี้รู้สึกทุกข์ใจมากค่ะ ไม่รู้จะบอกกับพ่อยังไงดี ที่ท่านมีความคิดความเชื่อแบบนั้นค่ะ,พระอาจารย์อยากจะให้ชาวพุทธเราทุกคนได้เข้าใจว่า นะ พุทธองค์ ตรัสไว้ว่า การที่จะสืบสานพระพุทธศาสนานั้น ให้สืบสานด้วยการประพฤติปฏิบัติธรรม ไม่ใช่สืบสานด้วยการแจกพระเครื่อง พระเครื่องไม่ใช่ ตัวพระพุทธศาสนา ศาสนาไม่ใช่พระเครื่อง พระพุทธองค์ตรัสว่าบุคคลผู้ประพฤติธรรมสมควรแก่ธรรม นั้นนั่นแหละ จะได้ชื่อว่าเป็นผู้สืบสาน พระศาสนา อย่างถูกต้องการประพฤติธรรมสมควรแก่ แก่ธรรมก็คือปฏิบัติ ประพฤติตน ตามหลักทางแห่งอริยมรรค ถ้าเราไม่ประพฤติตนตามหลักทางแห่งอริยมะ เราก็ไม่ได้เชื่อว่าเป็นผู้สืบสาน พระพุทธศาสนา หรือใครก็ตามที่ได้ชื่อว่าเป็นชาวพุทธไม่ได้ประพฤติตนตามหลักการของอริยมรรค ก็ไม่ได้ชื่อว่าเป็นผู้สืบสาน พระพุทธศาสนา และยิ่งแล้วใหญ่เลยก็คือการ ทําพระเครื่องแล้วไปแจก เนี่ย ซึ่งพระเครื่องไม่ใช่ตัวของพุทธศาสนา เนี่ย เมื่อไปทําอย่าง งั้นยิ่งจะเป็นการขัดแย้งกับหลักการทางพระพุทธศาสนา เมื่อเป็นการขัดแย้งหลักการ ก็เชื่อว่าเป็นการทําลายพุทธศาสนาโดยที่เราไม่รู้ตัว นี่คือความจริงนะ นี่คือพระอาจารย์พูดตามหลักการพระพุทธศาสนานะ ส่วนความเชื่อในรูปแบบของการแจกพระเครื่องกัน มันเป็นรูปแบบของความเชื่อจาก ความเชื่อที่ ที่มีการปลูกฝังและให้ความรับรู้ การเข้าใจ การยอมรับผิดผิด นอกจากหลักคําสอนมาก่อน แล้วเรายึดถือมาปนเปกับตัวพุทธศาสนา จึงทําให้เกิดปัญหาในการที่จะ ยึดถือหรือเชื่อว่าพุทธศาสนากับพระเครื่องเป็นสิ่งเดียวกันนะ อาจจะเห็นภาพของเกจิอาจารย์ทํามา จึงเชื่อว่า พระธรรมก็คือกิจของสงฆ์คือกิจของศาสนา ซึ่งก็ไม่ใช่อย่าง งั้น นะ ศาสนาคือตัวหลักคําสอน เรามีหลักคําสอน ถ้าไม่ปฏิบัติตามหลักคําสอน มีพระเครื่องเต็มแผ่นดินอยู่ก็ไม่ได้ทําให้ศาสนาดํารงอยู่ นี่คือความจริง นี่คือสัจจะ ขอให้พวกเราเข้าใจกันอย่าง งี้ พยายามทําความเข้าใจกันให้ถูก,00.41.00,00.43.38,,,,,,
ถ้าไปปฏิบัติธรรมแล้วต้องถือศีลแปด เราสามารถทาครีมได้หรือไม่ อย่างไรบ้างคะ?,ครีมถ้าจะทาก็ทาในแง่ของการใช้เป็นเภสัช นะ ในการที่เราคิดว่า เราอาจจะมี พยาธิสภาพเกี่ยวกับผิวที่ไม่ดีอะไรอย่าง เงี้ย ผิวที่มันมี อ่า อาพาธ มีความเจ็บป่วย เราก็ทาได้ ทาครีมทาแป้ง แต่ไม่ใช่ทาเพื่อตกแต่ง ร่างกายให้เกินกว่าความเป็นจริงอะไรอย่าง เงี้ย คือตกแต่งเกินไปอัน เนี้ย มันมันก็ไม่ดี อย่าอย่าอย่าพยายามทําอย่าง งั้น นะ เพราะว่ามันมัน สินค้าบทบัญญัติไว้ เนี่ย แสดงว่าข้อนั้นมีโทษ พระองค์จึงบัญญัติให้เราเจตนาก็เว้นเพื่อเพิ่มพูนกําลังจิตใจ ใจของเรา เนี่ย ให้เกิดคุณค่าทางด้านการปฏิบัติมากขึ้น นะ เมื่อมันมีโทษก็อย่าทําในสิ่งที่มันเป็นโทษ นะ แต่ถ้ามันจําเป็นจริง ๆเกี่ยวกับ ทาครีมในการที่เกี่ยวกับโรค ที่จากผิวหนังกัน เนี่ย ทาได้ไม่เสียหาย แต่ต้องกําหนดให้ถูกว่า เราทาเพื่อ อ่า ปกป้องร่างกายที่เกิดจากอาพาธหรือโรคภัยไข้เจ็บ ไม่ได้ทานเพื่อต้องการประดับตกแต่งร่างกาย ให้ดี ให้เกิน เกินงาม เกินความเป็นปกติอะไร เงี้ย,00.43.43,00.45.00,,,,,,
ใจร้อน บุคลิกการพูด เหมือนไม่ค่อยถูกหูคนฟังแต่จริง ๆแล้วเราไม่ได้คิดอะไรเลยนอกจากอยากให้งานที่ได้ออกมาดี แต่กลายเป็นว่าผู้ที่สนทนาด้วยเกิดความกลัว ไม่กล้าคุยด้วย จะมีวิธีแก้เรื่องนี้อย่างไรคะ? หรือเกี่ยวกับกรรมอะไรหรือเปล่าคะ? เคยแก้ไขก็ได้บ้าง ไม่ได้บ้างค่ะ,คืออาการใจร้อน เนี่ย มันมีมันเกิดขึ้นได้เราก็ต้องมาดูอาการใจร้อนของเรา เวลาเกิดอาการใจร้อนเกิดขึ้นก็ให้บอกว่า ตอนนี้เรากําลังใจร้อน นะ อาการใจร้อนกําลังเกิดขึ้นกับเรา เรากําลังมีอาการใจร้อนอยู่ อาการใจร้อนกําลังปรุงแต่งเราอยู่เรากําลังถูกอาการใจร้อนนี่ปรุงแต่ง ให้บอกอย่าง เงี้ย การบอกอย่าง เงี้ย มันจะค่อยมีสติเข้าไปรับรู้ เมื่อมีสติเข้าไปรับรู้ เราก็จะค่อยค่อยเปลี่ยนคําพูด จากการต้องใช้คําพูดด้วย ด้วยความรุนแรงด้วยความใจร้อนมันก็จะเบาลง นะ ก็จะเป็นคําพูดที่เบาลง อย่าง เงี้ย ไม่ต้องไปแก้กรรมที่ไหนนะ นี่แหละแก้โดยการเข้าไปทัก เข้าไปรับรู้อาการใจร้อนที่เกิดขึ้นกับตัวเองเนี่ยให้ได้,00.45.09,00.46.31,,,,,,
ขอถามเกี่ยวกับสังขารขันธ์ค่ะ ความคิดที่เจตนาคิดคือสังขาระขันธ์ ส่วนความคิดที่ผุดขึ้นมาในที่ไม่ได้เจตนาคิดคือสังขารเจตสิทธิ์ใช่ไหมคะ?,จะว่าเป็นสังขารเจตสิทธิ์ก็ใช่ ก็ใช่ แต่ว่า อันที่ผุดขึ้นมาเอง เนี่ย ขอให้เข้าใจว่ามันเกิดจากสัญญาที่เคยเป็นสังขารมันเป็นอย่างงี้นะสังเกตได้ง่ายง่ายว่า ความคิดใดอันเกิดจากการคิดปรุงแต่งจากเราคือตัวเจตนา เนี่ย คือสังขารละขันล้วนล้วน แต่ความคิดที่ผุดเกิดขึ้นเอง เนี่ย มันคือสัญญาขันธ์ ในส่วนของการจําเรื่องราวดังนั้น อัน เนี้ยแต่ถ้าไปเจตนาตอบก็จะกลายเป็นสังขาร อย่าง เงี้ย ถามว่าเรื่องที่บุดขึ้นมาเป็นสังขารเจตศิลป์ได้ไหม? สังขารเจตสิทธิ์ เนี่ย มันก็ต้องไปมองในแง่ของว่า เอ่อ เป็นกุศลเจตสิก อกุศลเจตสิกในสาขาเหล่านั้น กุศลเจรสิทธิ์และอกุศล กุศลเจรสิทธิ์ เนี่ย มันไม่ใช่เรื่องราว นะ แต่มันเป็นเรื่องตัวของ ของ คุณสมบัติ คุณ คุณภาพ ยังไงอารมณ์ อารามณะ เนี่ย อารัม อารามณะของจิต ที่มันปรากฏและตั้งอยู่ พวก เนี้ย กลุ่มอารามณะทั้งหลาย เนี่ย จะจะเป็นกลุ่มเจตสิก ทั้งกุศลเจตสิก อกุศลเจตสิก ที่ประกอบไปด้วยสังขาร คําว่าประกอบไปด้วยสังขาร ถ้าเราจะบอกว่า สังขารเจรสิก เนี่ยมันทําหน้าที่ สร้างสิ่งที่เป็นกุศลและอกุศล ก็ยังไม่ใช่ คือเอาส่วนที่เป็นกุศลอกุศลมาปรุงแต่งแต่ยังไม่เกิดเป็นเจตนา แต่กําลังเอามาเป็นการปรุงแต่ง ให้จิตเรา เนี่ย เป็นกุศลและอกุศล เอ่อ สังขารจะทําหน้าที่ลักษณะอย่างงี้ คือดึงเอากุศล กับอกุศลมาปรุงแต่งจิตนะ นี่คือสังขารเจรสิน แต่ถ้าสังขารขันธ์คือเจตนา ทําตอบต่อสังขาร เจตสิทธิ์นั้น อ่า ให้เข้าใจอย่าง งี้,00.46.35,00.48.40,,,,,,
หนูเพิ่งพิจารณาธาตุค่ะ แต่พอถึงกระดูกผุสลายกับดิน หนูนึกภาพไม่ออก นึกเท่าไหร่ก็ไม่เห็นเจ้าค่ะ ควรทําอย่างไรดีเจ้าคะ,ครั้งแรกที่พระอาจารย์พิจารณากระดูกผุสลายไปกับดิน พระอาจารย์ก็นึกไม่ออกเหมือนกันพระอาจารย์ก็เลยนึกถึงคําว่าผูก กับคําว่าสลาย ผุ กร่อนสลาย นึกถึงคําว่าผุกร่อนสลาย กระดูกผุ กระดูกกร่อน กระดูกสลาย กระดูกผุ กระดูกป่อง กระดูกสลาย นึกถึงคําคํา เนี้ยพอนึกถึงคําทําเนียบ ย้ำย้ำซ้ำซ้ำ มันจะค่อยค่อยอธิบายคําว่าผุและกร่อนและความสลายออกมา อาจจะไม่อธิบายเป็นภาพ อาจจะไม่อธิบายเป็น เป็นเป็น อะไร? เป็นสิ่ง สิ่งที่เราต้องคิดไปเห็นจริง ๆ แต่ แบบ แต่มันจะอธิบายเป็นความหมาย คําว่าผุกกร่อนและสลาย ให้เราได้เข้าใจและเกิดเป็นความรู้ เอาแค่นี้ก็พอ ไม่จําเป็นต้องเห็นภาพก็ได้ แต่ขอให้มันเกิดเป็นความเข้าใจและความรู้ในนั้น ก็สามารถใช้ได้นะ พอนานนาน พิจารณาไปมากเข้ามาเข้า ถึงจุดที่มันจะเป็นมโนภาพขึ้นมาก็ ก็ได้ ก็ ก็จะเป็นเอง ไม่ใช่เราไปสร้างมันขึ้นนะ,00.48.45,00.49.57,,,,,,
ความคิดไม่ดีที่เกิดขึ้นมาต่อผู้ทรงคุณเราควรกล่าวคําขอขมาต่อท่านหรือไม่คะ?,ถ้าไม่มีเจตนานะ ไม่มีความจงใจที่จะคิดอย่างงั้น แต่มันผุดเกิดขึ้นมาด้วย ด้วยระบบของขันที่มักจะโน้มเอียงไปใน การตอบสนองต่อเรื่องที่มันไม่ดีโดยปกติของขันเอง ของความคิดเองของจิตเอง เนี่ย คือจิตเรา เนี่ย มันจะมีการคํานวณหรือการตอบสนองหรือหาเรื่องราวอะไรบางอย่างในด้านลบไว้ก่อน เนี่ย เป็นข้อมูล คือมันจะ มันมองอะไรเป็นเรื่องลบอยู่แล้วโดยปกติ แต่เมื่อมันเกิดขึ้นแล้ว เรามีสติรับรู้ สิ่งเหล่านั้น และแยกให้ออกว่า อันนี้ไม่ใช่เกิดจากเจตนาของเรา เป็นเพียงแต่ความคิดก็เลยบอกว่านี่คือสิ่งที่จิตคิด นี่คือความคิดของจิต ความคิดนี้กําลังเกิดขึ้นกับจิต จิตกําลังถูกความคิดนี้ปรุงแต่ง ความคิดนี้กําลังปรุงแต่งจิต ให้บอกอย่าง เงี้ย เพื่อบอกอย่างงี้น่ะ ไม่ต้องคอยขอขมา เพราะมันไม่ได้เกิดจากเจตนาที่จะทํา นะ,00.50.01,00.51.01,,,,,,
เรื่องสังขารที่หนูเห็นได้ตลอดเวลา เพราะทุกอย่างเกิดจากสังขาร ซึ่งพระอาจารย์บอกว่ามันคือสังขารสังฆตะแล้วความนิ่ง ความเฉยที่แสดงออกไม่มีความคิด หนูเข้าใจว่าเป็นสังขารขัน ที่แสดงออกถึงความนิ่งความเฉยถูกต้องไหมคะ หรือเป็นสังฆตะ,คําว่าสังขาร ขันพุทธองค์บอกว่าเจตนาดําริ คือความจงใจดําริในรูป ความจงใจดําริในเวทนา ความจงใจดําริในสัญญา ความจงจงใจดําริในสังขาร ความจงใจดําริในวิญญาณใดใดเกิดขึ้น นั่นแหละคือสังขาระขันธ์เราก็มาดูว่าความนิ่งความเฉย เนี่ย เกิดมันมีแรงจูงใจดําริ คือเจตนาปรุงแต่งหรือไม่? นะ พูดได้ เจตนาปรุงแต่งให้มันเฉยไหม? เจตนาปรุงแต่งให้มันนิ่งไหม? เจตนาปรุงแต่งให้มันเป็นกลางไหม? เจตนาปรุงแต่งให้มันบีบ มีอยู่อย่าง งั้น ไหมถ้าไม่มีเจตนาปรุงแต่งมันเป็นสังขารของสังฆตะ คือมันไปเข้าไปรับรู้สังขารของสังฆตะ นะ มันก็เลยเป็นพวกกลุ่มสังขาร แบบสังฆตะ แต่ไม่ใช่สังขาระขันธ์ให้เข้าใจอย่าง งั้น,00.51.10,00.52.20,,,,,,
ถ้าเราทํากรรมแล้ว เราได้ทําบุญแล้ว กรรมจะลดลง เบาบางลงใช่ไหมครับ และมีวิธีการใดบ้างที่พอจะแก้ไขได้ครับ, กรรมที่เราทําแล้วเราได้ทําบุญแล้วต้องมา แยกแยะอีกล่ะว่าทําบุญอะไร อะ? ทําบุญชนิดไหน? ทําบุญแบบไหน? แล้วกรรมที่เราทําเป็นกรรมแบบไหนกรรม ก็คือกรรม บุญ สมมุติว่าเราทํากรรมโดยการฆ่าสัตว์ อ่า ฆ่าสัตว์มา แล้วไปทําบุญให้ทาน มันมันไม่ไปลดกัน อ่า ถ้าเราฆ่าสัตว์เราต้องไปสมาทานศีล อย่าง เงี้ย มันถึงจะอ่า ศีลจะคุ้มครองเรา แต่ไม่เป็น ไม่ได้ไปลดกรรม แต่จะคุ้มครองเรา ไม่ให้ไปผู้รับผลของกรรม เพราะศีลจะคุ้มครองให้เราไปสู่สุขคติ แต่จะว่าไม่ได้ ไม่ได้รับเลย คือไม่ได้รับแบบผลอัน นําไปสู่อบายภูมิ แต่ จะได้รับผลเมื่อเกิดมาเป็นมนุษย์ นะ ก็อาจจะฆ่า ถ้าฆ่าสัตว์มาก็อาจจะมีโรค เบียดเบียน เอ่อ อะไร อายุสั้นอะไรอย่าง เงี้ย ก็แค่นั้นเองแต่อายุสั้นก็ ถ้าในยุคนั้นสามารถทํากรรมใหม่ได้อีก ทํากรรมดีได้อีก ทํากรรมที่เป็นมหากุศลได้อีก ก็สืบต่อไปได้อีก ก็ไม่เป็นไร เพราะกรรมมีไว้ให้ทํา ในทางที่ดี ก็ได้ ทําที่ไม่ดีก็ได้ แต่เมื่อรู้ว่ามันมีกรรมตามมา กรรมให้ตรงกับเหตุ ใหม่ อ่ากรรมใหม่ เนี่ย ต้องเป็นกรรมชนิดดี ที่สามารถแก้ไขที่ตรงกับเหตุเดิม เช่น ถ้าปาณาติบัติมาก็ทํากรรมใหม่ โดยการสมาทานงดเว้นจากการฆ่าสัตว์ นะ ถ้าเอาที่นาทานมา นามาก็คือลักขโมยมาก็ งดเว้นจากการลักทรัพย์ รักษาศีลนี่แหละ คือแก้กันให้ถูกกับกรรมที่ทํา นะ ประพฤติผิดในกรรมก็เจตนางดเว้นจากกาเมสุวิชาจันทร์ กรรมใหม่ เนี่ย สามารถนําเราไปสู่ผลที่ใหม่ขึ้น และไม่วกกลับมา ทุกข์ใจกับกรรมเดิมที่ทํา และเมื่อไม่วกกลับมาทุกข์ใจกับกรรมเดิมที่ทํา มันก็ไม่ได้ไปเอาความเศร้าหมองของกรรมที่ทําในกรรมเก่านั้นน่ะมาสร้างปัญหาในข่าวปัจจุบันนี้ ขนาดปัจจุบันนี้ คือขณะปัจจุบันนี้ไม่ใช่ขนาดก่อนหน้านี้ ปัจจุบันนี้เราสามารถทําสิ่งใหม่ใหม่ได้เสมอ และสิ่งใหม่ใหม่ถ้าเป็นมหากุศล ก็จะนําเราออกจากสิ่งเก่าเก่านั้นไปได้ แต่ไม่ได้ลดเบาบางนะ แต่มันออกมาได้คือไม่ให้ไปล็อกการชดใช้ ดีกว่าอีกนะ,00.52.38,00.55.05,,,,,,
ผมโอนเงินทําบุญถวายสังฆทานแล้วอุทิศบุญนี้ให้ญาติที่ล่วงลับไปแล้วได้หรือไม่ครับแล้วจะได้บุญเหมือนกับที่เราไปทําสังฆทานที่วัดไหมครับ,ถ้าเราตั้งใจที่จะทําบุญผ่านการโอน โดยการทําบุญนั้น เจตนาถวายเป็นของสงฆ์ คือสังฆทานได้บุญเท่าเท่ากับไปวัด เพราะเจตนาคือ ตัวกําหนดบุญ ไม่ใช่วัดเป็นตัวกําหนดบุญ ไม่ใช่พระภิกษุ แต่เจตนา เฉพาะสังฆทานนะ เจตนานี้เป็นใหญ่ เป็นสําคัญ เป็นหลักพระไม่ได้เป็นใหญ่ วัดไม่ได้เป็นใหญ่ นะ พระจะสวดมนต์ให้ ไม่สวดมนต์ให้ ไม่ได้เป็นใหญ่ พระจะให้พร ไม่ให้พร ไม่ได้เป็นใหญ่ แต่เมื่อเจตนาตั้งใจจะให้ในสังฆทาน แล้วได้ได้ให้โอนเงินน่ะ จังหวะที่กดโอน เนี่ย ปึ๊งนี่ ขอบุญนี้จงสําเร็จแก่ญาติของข้าพเจ้าผู้ล่วงลับไป ทันทีเลยนะ ขนาดนั้นเลย สําเร็จแล้วใจเป็นใหญ่ นะคือเจตนาที่ทํา ให้เข้าใจอย่าง งั้น,00.55.11,00.56.21,,,,,,
ถ้าเราสร้างกุฏิหรือศาลาหรือห้องน้ำถวายวัด เพื่อเป็นที่อยู่อาศัยให้ญาติทิพย์ที่ล่วงลับไป แล้วเมื่อตัวเราตายไปเราก็จะได้ผลบุญนั้น จะได้ ที่อยู่อาศัยทิพย์นั้นเหมือนกันไหมคะ?,ได้ วิหารทานใดใดก็ตามที่เราทํา มันจะสะสม อยู่รวมเป็นวิหาร หลังเดียว ของเรา ไม่ว่าจะวิหารราคาที่เกิดจากการสร้างศาลา สร้างกุฏิ สร้างห้องน้ำ จะรวมอยู่ในหลังเดียว ซึ่งจะส่งผลกับเราหลังละชีวิตไปแล้ว ตราบเท่าที่สาระนั้นยังคงอยู่ ตราบเท่าที่กุฏินั้นยังคงอยู่ ตราบเท่าที่ห้องน้ำนั้นยังคงอยู่ บุญนั้นยังสืบต่อกับตัวเราในภพภูมิที่เราได้ไปเกิด สืบต่ออยู่ตลอดเวลานะ จนกว่ากุฏิที่สร้างพังสลาย ไม่เหลือชิ้นดีแล้ว กระแสบบุญถึงจะขาดตอน ขาดช่วงที่จะส่งผล ศาลาเหมือนกัน ห้องน้ำเหมือนกัน นะ,00.56.28,00.57.32,,,,,,
ก่อนหน้าที่จะเข้าใจเรื่องแก้วไม่ใช่เรา หนูกําหนดรู้เวทนาที่เกิดขึ้นตามที่พระอาจารย์บอกแต่เวทนามันแรงมาก จึงมาระลึกถึงพระรัตนไตรแทน จากนั้นไม่กี่วันหนูก็ฟังธรรม ถึงข้อธรรมนี้ เกิดความเข้าใจขึ้นมา การรู้เวทนาขนาดนั้น และครั้งนี้เป็นครั้งที่สอง ครั้งแรกคือข้อธรรมที่ว่าการงานใดไม่เป็นอํานาจของเรา,สภาวะเช่นนี้เกิดจากความ เข้าใจ เกิดจากความเข้าใจ เกิดจากความ รู้ความเข้าใจ เมื่อรู้ความเข้าใจ เมื่อรู้เมื่อเข้าใจแล้ว มันก็แก้ไขปัญหาของตัวเองได้ ก็ไม่ยาก ,00.57.40,00.58.15 ,,,,,,
คนรอบข้างสันนิษฐานว่าลูกถูกสามีทําสิ่งไม่ดีใส่ลูก ทําให้ลูกมีจิตใจไม่หนักแน่น และยังไม่เลิกกับเขา ตอนนี้ลูกสวดพระประริษและอุทิศส่วนกุศลให้ ตั้งเวรกรรมระหว่างลูกกับสามี พอช่วยได้หรือไม่คะ ขอพระอาจารย์เมตตาให้คําแนะนําด้วย เจ้าข่าวว่าทําถูกหรือไม่,ระลึกถึง พระรัตนตรัยให้เยอะเยอะก่อน นะ ระลึกถึงพระธาตุไตรพุทโธมีนาโถ ธัมโมมีนาโถ สังโฆ มีนาโถให้เยอะเยอะ แล้วก็สวดบทรัตนปริต เฉพาะรัตนปริตนะ อย่างเดียว บทเดียว สามรอบ รัตนปริตสามรอบ แล้วก็ ระลึกถึงพระรัตนตรัยแค่นี้แหละ สองอย่างนี้เอาอยู่ ,00.58.33,00.59.18 ,,,,,,
ขอคําอธิบายเกี่ยวกับ การแผ่เมตตาตามความเข้าใจการแผ่เมตตาคือแผ่ให้คนที่ยังมีชีวิตอยู่ ส่วนการอุทิศส่วนกุศลคือการนําบุญที่ได้ตั้งใจทํา อุทิศให้กับผู้ที่ล่วงลับไปแล้ว อย่างนี้เข้าใจถูกต้องไหมคะ,ขอให้เข้าใจอย่างนี้ว่าการแผ่เมตตาคือ การแผ่เมตตาคือการ ทําจิตของเราให้ปราศจากเวร การทําจิตของเราให้ปราศจากเวร เนี่ยไม่ได้มีจุดมุ่งหมายในการที่จะแผ่ให้ใคร แต่การแผ่ออกไป เนี่ย เพื่อไม่ให้ใจเรามีเวรกับเขา ไม่ได้เป็นการแผ่ให้เขา แต่ทําใจของเราไม่ให้มีเวรกับเขา พอเข้าใจไหม? นะครับ คือไม่ให้จิตเกิดการเพ่งโทษ กล่าวโทษ ว่าร้ายกล่าวร้ายมุ่งหลายปรารถนาหลาย คิดร้ายต่อใครใคร เพราะการแพ้ เนี่ย เราย่อมไม่คิดร้ายต่อเขาแน่ อย่าง เงี้ย เช่น ขอให้เขามีความสุขความเจริญ นะ ขอให้ข้าพเจ้ามีความสุขความเจริญ และขอให้คู่เวรของข้าพเจ้าจงมีความสุขความเจริญขอให้ข้าพเจ้าพ้นจากความทุกข์ คอยคู่เวรของข้าพเจ้าจงมี พ้นเป็นผู้พ้นจากความทุกข์ อย่าง เงี้ย คือการแผ่ แผ่ออกไปอย่าง เงี้ย มันทําให้ใจของเราสงบระงับจากการเป็นเวรกับคนคนนั้น ส่วนการอุทิศส่วนกุศลคือการทําบุญอุทิศกับผู้รอดชีวิตไปนั้น ถูกต้องแล้วนะ,00.59.30,01.00.53,,,,,,
เจ้ากรรมนายเวรภูตผีสามารถมาแกล้งเราในการปฏิบัติธรรมได้ไหมครับ?,ถ้าเคยทํากรรมโดยการแกล้งผู้ปฏิบัติธรรมแต่ปางก่อนมาก่อน นะ นายเวรภูตูตผีก็สามารถแกล้งเราได้เหมือนกัน แต่ถ้าเราไม่ทํากรรมจากการแกล้งใครมาก่อน เราก็จะไม่ถูกแกล้ง นะ,0.1.01.01,01.01.17 ,,,,,,
คณะสวดรัตนปริตร อยู่ อยู่ดีดี เคลิ้มจะหลับ ตอนนั้นเกือบเที่ยงคืน ตั้งใจสวดทุกวัน เป็นกิจวัตรวันละสามจบ ระหว่างส่วนอยู่ ง่วงมากมากทำให้เคลิ้มใกล้จะหลับ แล้วปากพูดออกมา เองเสียงดังคล้ายอาการละเมอว่า เจอกันวันเผาไหม? จากนั้นเลยสะดุ้งกับสิ่งที่ตัวเองพูดออกมา ไม่รู้ว่าเป็นสิ่งไม่ดีมาแฝงเล้นหรือจิตใต้สํานึกเจ้าคะ ลูกกลัว ขอพยายามช่วยแนะนําเจ้าค่ะ สองสามปีที่ผ่านมาลูกทําดีที่สุดแล้ว คือถือศีลแปดส่วนมรรคถึงพระไทย ช่วยงานวัดและทําบุญทําทาน กับเนื้อนาบุญของโลก เท่าที่ กําลังจะมีพยายามพูด คิด ทําสิ่งดีดีอ่า ใส่บาตรทุกวัน ภาพบุพการี ปฏิบัติธรรมและพยายามเผยแพร่ธรรมทานให้ได้มาก ให้ได้มาก แต่กลับเจอเหตุการณ์ไม่ค่อยดีเลยเจ้าค่ะ ลูกคิดเอาเองว่าเจ้ากรรมนายเวรไม่อโหสิกรรมหรือเปล่า? ถ้าเขาไม่อโหสิต้องทําอย่างไร? ขอพระอาจารย์ได้โปรดชี้ทางเจ้าค่ะ,สวดพระรัตนปริตร ต่อไป เพิ่มจาก สามรอบเป็นเจ็ดรอบ เจอกัน พระรัตนปริตร  เนี่ย เป็นปริตร ที่จะคุ้มครองเราจริง ๆขอให้เราตั้งใจสวด ไม่ต้องกลัว จิตใดก็ตามยึดอยู่กับพระรัตนตรัยไม่ต้องกลัว นะ พระอาจารย์ก็เคยเจอ การมุ่งก่อร้ายด้วยอํานาจของเวชคาถาอาคมและอํานาจไสยศาสตร์ต่าง ๆก็ได้รัตนปริตร  เนี่ย ช่วยป้องกันทุกทุกด้าน ที่มาถึงตัว นะ ที่รับการกระทบ และ โดยเฉพาะการระลึกถึงพระรัตนตรัย เนี่ย ใช้ได้ทันท่วงทีต่อสภาพการณ์นั้น นะถ้าจะเจอหนักหนัก เนี่ย พระอาจารย์เจอมาหนักแล้ว นะ ไม่ต้องกลัว พระอาจารย์ยัง ยังอยู่ได้ เนี่ย ญาติโยมก็ต้องมั่นใจว่า อะ พระรัตนตรัยยังเป็นที่ยึดพึ่ง และเป็นเครื่องคุ้มครองเราได้อยู่ นะ เราตั้งใจว่าจะไม่เป็นเวรกับใครใครแต่ใครใครอยากเป็นเวรกับเรา มันคือกรรมที่เขาอยากจะสร้างขึ้นเพื่อตัวเขา ให้เขาเป็นผู้มีเวร ในตัวเขาเอง การทําตัวเองให้เป็นผู้มีเวร ไม่ได้ชื่อว่าเป็นสิ่งที่ดี สิ่งที่ประเสริฐ และไม่ได้เป็นสิ่งที่น่าสรรเสริญแต่ประการใดแต่เราทําสิ่งที่ดีดี ระลึกถึงพระรัตนตรัยสวดบทพระบริจาค ระลึกถึง เอ่อ พระพุทธเจ้า พระธรรม พระสงฆ์ นี่คือสิ่งที่ประเสริฐ เป็นสิ่งที่ แม้เทวดาและมนุษย์ทั้งหลายต่างก็สรรเสริญจริง ๆ มนุษย์ด้วยกันก็สรรเสริญ ถ้าเรามีพระรัตนตรัยยึดพึ่งจริง ๆพระรัตนตรัย เนี่ย เป็นสิ่งที่มีค่า และควรค่าแก่การยึดพึ่ง กับพวกเราชาวพุทธ นะ ขอให้ตั้งใจ ไม่ต้องกลัว นะ หรือถึงจะกลัวก็กลัวได้ แต่ก็ ให้ยึดมั่นหลักการการปฏิบัติตามหลักการที่พระอาจารย์สอน เราจะเห็นผลทางด้านการปฏิบัติแน่นอน,01.01.25,01.04.04,,,,,,
พระโสดาบันสกิตาคา อนาคา พระอรหันต์ ยังมีเจ้ากรรมนายเวรในโลกทิศ ที่ตามอาฆาตไม่ยอมอโหสิกรรมให้ท่าน ยังมีอยู่หรือไม่เจ้าคะเช่นการไม่พอใจที่ท่านเหล่านั้นบรรลุธรรม การไม่พอใจที่ท่านเหล่านั้นทําดี,มี ไม่ใช่ว่าไม่มี อะ ยังมีอยู่ พระอรหันต์ที่เห็นชัดชัดก็คือ นะ พระโมคคัลลานะ นะ คําก็ถูกตามทุกข์นะ จะตายเนี่ยแหละเสียกรรม อันนั้นคือเศษกรรม แต่ไม่เป็นไรหรอก พระอรหันต์ท่านไม่ได้ เสียดายธาตุขันธ์อยู่แล้ว บางท่านก็อย่าไปกังวลแทนท่าน นะไม่ต้องกลัว ยังไง ก็เป็นส่วนที่เป็นตัวอย่างให้เราได้รู้ว่ากรรม แม้จะเป็นเศษกรรมเหลืออยู่ก็ยังต้องได้รับการชดใช้ แม้เป็นพระอรหันต์เอง แม้แต่พุทธเจ้าเองก็หลีกไม่พ้น นะ ให้เข้าใจอย่าง งั้น แต่ คุณแห่งการเข้าถึง ทํายิ่งใหญ่กว่า เรื่องกรรมก็เป็นเรื่องธรรมดา เป็นเรื่องปกติ ไม่ใช่เรื่องผิดปกติอะไร,10407,10510,,,,,,
ขอเรียนถามว่ามีญาติสองคนฝันถึงคุณพ่อที่ล่วงลับ ล่วงลับไปแล้ว ในฝันคือคุณพ่อถามหาลูกตลอด เหมือนหาลูกไม่เจอ มองหาลูกไม่เห็น คุณพ่อนอนหลับแล้วเสียชีวิตไป ตอนรักษาตัวอยู่ที่โรงพยาบาลและพี่สาวฝันในช่วงแรกแรก ที่พ่อเสียว่าคุณพ่อยังอยู่ที่ห้องเก็บร่างที่โรงพยาบาล และในฝัน ท่านพูดว่าให้มาเยี่ยมท่านบ่อยบ่อยนะ สิบปีสุดท้ายก่อนที่ท่านจะเสีย จะมีลูกอยู่ใกล้ชิดด้วยตลอด หรือถ้าลูกไม่ว่างก็จะมีคนอยู่ด้วยตลอด ไม่เคยปล่อยให้ท่านอยู่คนเดียวเลยเจ้าค่ะ ลูกมีความรู้สึกกังวลใจและไม่สบายใจมากค่ะ ไม่ทราบว่าลูกควรมีวิธีคิด วิธีทําอย่างไรบ้าง?,เวลาเราทําบุญอุทิศส่วนกุศล นะ อันนี้เป็นกรณีพิเศษหน่อย ถ้าเป็นลักษณะความฝันอย่าง งี้ เมื่อเวลาเราทําบุญอุทิศส่วนกุศล ให้เราอุทิศส่วนกุศลไปให้พ่อโดยตรง เจาะจงไปให้พ่อ แล้วบอกว่าด้วยบุญกุศล อ่า ขอบุญนี้จงสําเร็จถึงแก่ พ่อของข้าพเจ้าที่ละชีวิตไป เมื่อ พ่อได้รับบุญแล้ว ขอบุญนี้ จงบันดาลให้พ่อสามารถรับรู้รับทราบ และเห็น พวกเราลูกลูกได้ด้วย ให้อธิษฐานอย่าง งี้ ในขณะทําบุญ ทุกครั้งที่ทําบุญให้อธิษฐานอย่างที่ว่า เนี้ย นะ เดี๋ยวความฝันนั้นก็จะดีขึ้นเองจะมีอะไรที่มาฝันบอกบ่งบอกให้เราได้ทราบเองว่า ท่านรับรู้ได้ และก็เห็นได้ นะไม่ต้องกลัว,01.05.15,01.07.11,,,,,,
กรณีที่จําเป็นต้องเป็นงานศพงานทําบุญถวายเพลทั้งที่มีการกราบพระพุทธรูปสมาทานศีลเจริญพุทธมนต์ อยากน้ำอุทิศส่วนกุศล เราควรวางใจและประพฤติตนตามหมู่กลุ่มหรือไม่อย่างไรคะ เมื่อทราบอยู่แล้วว่า อย่างไรคือสัมมานิติ ,ทําตามได้เลย ปาลีสันุตารู้จัก อ่า ประชุมชนที่เขาประพฤติปฏิบัติกัน ก็ทําตามไปแต่ใจเราไม่ได้ทําเพราะการยึดพึ่งแบบแต่ก่อน เราทําเพราะ ประชุมชนหรือกลุ่มคนที่เขาทํากันอย่างนั้น ไม่ได้เสียหายอะไร เพราะเราไม่ได้ทําเพื่อ เอ่อ ความเข้าใจผิดหรือหลงผิด ที่มีมิจฉาทิฏฐิ ประกอบอยู่ก็ไม่เป็นไร,01.07.16,01.07.49 ,,,,,,
ทําบุญ กับทําทานต่างกันยังไง? ,ทานคือการให้คือการเสียสละออก การให้ทาน ย่อมเกิดเป็นบุญจะเป็นบุญหรือไม่เป็นบุญ มันอยู่ตรงที่ เอ่อ ตรงที่ ความหมายของการทํา เช่น ถ้าเราให้ทาน ไม่ได้ให้ทานเพื่อชําระความตระหนี่ออกจากใจ ทานนั้นไม่ได้บุญแต่เป็นกรรม คือการให้ คือได้ให้ทานด้วยกุศลกัน กุศลกรรมหรือกุศลธรรมนั้น แต่ไม่เป็นบุญนะ ไม่ได้เป็นบุญเพราะบุญแปลว่าการชําระล้าง เมื่อได้ให้ทาน โดยเจตนามุ่งหมายชําระความตระหนี่ในใจคือความหวงแหน ความ ต้องการเก็บไว้ผู้เดียว การไม่แบ่งปันการเสียดาย สิ่งของข้าวของต่าง ๆ นะ เช่น ให้ทานไปแล้ว แล้วนึกเสียดายในภายหลังเอง พระองค์ก็บอกว่ามันไม่ได้ผลมาก ไม่ได้อานิสงส์มาก คือไม่ได้ชําระล้างความตระหนี่ คือให้แล้วอย่าตามนึกเสียดายในภายหลัง ไม่อย่าง งั้น ว่าตาหนี่ครอบงําทําทีหลัง เนี่ย ก็คือไม่ได้ชําระคําว่าชําระปุญญาแปลว่าการชําระล้าง เนี่ย ชําระล้างอะไร? ล้างความตระหนี่ คือถ้าทํา ทําบุญให้ทาน ไม่ได้ล้างความตระหนี่ มันก็ได้ทําทาน แต่ไม่ได้บุญ แต่ถ้าให้ทานด้วยชําระความตระหนี่ไปด้วย ก็ได้ทํา ทั้งนั้นให้ทานด้วย แล้วก็ได้บุญด้วย ให้เข้าใจอย่าง งี้ นี่คือความต่าง แต่ถ้าให้ทานเพื่อหวังว่า ให้เท่านี้จะได้รับผลตอบสนองอีกสิบเท่าร้อยเท่า อัน เนี้ย ได้ทาน แต่ไม่ได้บุญ เพราะไม่ได้ชําระความตระหนี่ ให้เข้าใจอย่าง งั้น,01.07.53,01.09.33,,,,,,
ถ้าเราปฏิบัติธรรมแล้วเกิดความสุขอิ่มใจปีติ เราแวะเสพอารมณ์นั้นสักพักชั่วคราวเป็นที่พักใจ แต่ไม่ใช่ถาวรเพื่อให้มีแรงปฏิบัติธรรมต่อแบบที่จับผิดไหมครับ? ,ไม่ผิดเลย  เป็นสิ่งที่พระองค์อนุญาตและก็ บอกว่า เป็นนิลามิสุข ที่เสวยได้ พึงทําให้มากเจริญให้มากด้วย,01.09.36,01.00.59,,,,,,
ถ้าเราเกิดตาย ถ้าเกิดเราตายตอนหลับ แล้วตอนหลับดันฝันอยู่เป็นฝันที่ไม่มีแก่นสาร ฝันเพ้อเจ้อ เช่น ฝันว่ากินขนม ฝันว่าเดินเล่นอย่าง เงี้ย จิตเราหลังตายจะไปอยู่ที่ไหนคะ?,ถ้าจิตนั้นมีพระรัตนตรัยรองรับไปสู่คติภูมิแน่นอน เพราะความฝันไม่เกิดเป็นกรรม ความฝันไม่ใช่กรรม ความฝัน ไม่มีกรรม ความฝันคือความฝัน ความฝันสามารถเกิดขึ้นได้ ต่าง ๆนานาหลากหลาย และไม่ได้เป็นปัจจัยนําเกิด และไม่มีเชื้อแห่งภพในการที่จะนําเกิด เพราะไม่สามารถตัดสินความผิดในความฝันได้ เช่นไปฆ่าคน ในขณะที่ฝัน ไม่มีกรรม ในขณะที่ฝัน ไม่มีโทษ นะ ให้เข้าใจอย่าง งั้น ยึดเกาะพระรัตนตรัยไว้ ไม่มีปัญหา,01.10.02,01.10.44,,,,,,
บุพการีชอบเอาเรื่องราว ความหลัง อดีตที่ไม่ดีเก่าเก่ามาพูด ย้ําย้ําทุกวัน อย่างนี้เขาจะเป็นกรรมหรือไม่แล้วจะมีวิธีให้เขาเลิกพูดได้อย่างไร เพราะเรื่องราวในวันที่ผ่านมาแล้ว เขาให้เหตุผลว่าต้องพูดย้ําย้ําจะได้จําไว้ว่า อย่าทําอีก ซึ่งเขาพูดทุกวันจนคนในครอบครัวเครียด ,เมื่อเขาพูดเพื่อเตือนตัวเองว่า อย่าทําอีก เนี่ยก็ถือว่าเป็นการย้ําเพื่อที่จะ ไม่ทํา ก็ถือว่าเป็นสิ่งที่ดี มองท่านใหม่ ถ้าถ้าเป็นการย้ําเพื่อ ไม่ให้เกิดการทําอีก อาจจะเป็นการเตือนใจ ไม่ให้เผลอเรอ ไม่ให้พลาด ไม่ให้เป็นความผิดอะไรอีก เนี่ย การพูด แค่พูดเฉยเฉย แต่ว่ามีเจตนาเพื่อที่จะ ป้องกัน คือมีสตินั่นเอง ป้องกันไม่ ไม่อยากจะทําผิดอย่าง งั้น อีก ก็ได้ คือคือต้องมองทางไหน? มองท่านใหม่นะ มองมองท่านใหม่ อย่าเครียดหรือถ้า บอกกับท่านว่า เราเข้าใจ คือคือมีความเข้าใจกันแล้วกับเรื่องนี้หรือพูดยากล่ะ คือถ้าท่านหยุดไม่ได้ เราก็อย่าพึง ไปหยุดท่าน เพราะถ้าไปหยุดท่าน เนี่ย มันจะ มันจะมีปัญหา กับความขัดแย้ง แล้วก็ความเครียดมีอยู่เดิมก็จะเพิ่มความเครียดหนักไปอีกพิธีการก็คือแนะนําให้ท่านระลึกถึงพระรัตนตรัย บ่อยบ่อย เมื่อท่านระลึกถึงพระรัตนตรัยบ่อยบ่อย เดี๋ยวค่อยค่อยจะถ่ายเทของเก่าออกไปเอง ขอให้ท่านระลึกถึงพระรัตนตรัยให้ได้บ่อยบ่อย น่ะ พระอาจารย์เชื่อว่าจะแก้ได้ ลองทําดู,01.10.48,01.12.33,,,,,,
เพิ่งย้ายบ้านเช่าใหม่ ซึ่งเป็นทั้งที่อยู่และที่ทํางานด้วย แต่เรารู้สึกว่างานค่อนข้างติดขัดควรทํายังไงดี? เพิ่งย้ายบ้านเช่าไป ซึ่งเป็นทั้งที่อยู่และที่ทํางานด้วย,แนะนําอุทิศบุญให้กับผู้สถิต บ้านที่เช่าใหม่ นะ อุทิศให้เขา คือผู้สถิตใดใดก็ตามที่อยู่บ้านเช่าใหม่ เนี่ย จะเป็นใครก็ได้อธิษฐานว่าขอบุญนี้สําเร็จแก่ผู้ที่สถิตย์บ้านเช่าใหม่หลังนี้ที่ข้าพเจ้าอาศัยอยู่ อุทิศอย่าง เงี้ย อยู่เรื่อยเรื่อยนี้ที่ทําบุญ ทําบ่อยบ่อย ,01.12.38,01.13.30,,,,,,
ขอคําแนะนําการปฏิบัติตนและการใช้ชีวิตสําหรับโมหะจริตค่ะ มักลืมในการท่องพุทโธมีนโถ และเมื่อความโกรธเกิดขึ้นมักทักไม่ทันว่าความโกรธเกิดขึ้นในจิต จิตมีความโกรธเกิดขึ้น,คือพุทโธมีนโถนี่เป็นพื้นฐานที่ จะแก้ไข คือปรับจิตของเราให้อยู่ในกุศลมหากุศลแล้วนะ ถ้าลืมนี่มันเหมือนกับว่า หมอให้ยากันลืม แต่ลืมกินยากันลืม มันก็แก้ไปได้อย่าง เงี้ย ก็ก็ลืมกินยารักษาโรคไม่ได้ เอา งี้ ก็แล้วกัน สวดรัตนปริตร สวดอาราธนาปริตรแล้วเวลาทําบุญ ก็ให้ทําบุญ อุทิศให้กับ อะไรก็ได้ หรือผู้ที่ทําให้เราเป็นคนขี้ลืมมันอาจจะมีอะไรบางอย่างที่ทําให้เราขี้ลืม อะ คือมัน มันมีการตัดสัญญาณการระลึกรู้ของเราอยู่ อ่า นายเวรบางจําพวกหรือดวงจิตดวงวิญญาณที่ต้องการก่อกวนเรา สวด แล้วทําบุญอุทิศให้กับบุคคลให้กับผู้ที่ทําให้เราขี้ลืมนะ ลองทําอย่าง งี้ ดู,01.13.36,01.15.10 ,,,,,,
การที่จิตไปเกาะเกี่ยวกับสิ่งศักดิ์สิทธิ์ ปาฏิหาริย์ เป็นมิจฉาทิฏฐิหรือเปล่าครับ? , ใช่ เป็นมิจฉาทิฐิ ไม่ตรงกับหลักทางแห่งอริยมรรค อะ สังเกตว่า พระพุทธเจ้าบัญญัติห้ามพระภิกษุแสดงปาฏิหาริย์หรือทําอะไรให้ก็ตามให้เป็นของศักดิ์สิทธิ์ อ่าเพราะว่านั่นชื่อว่าเป็นการขัดกับหลักการทางพระศาสนาโดยตรง นะ อันนี้คือสิ่งที่เป็นข้อห้ามเลยแหละ เป็นพระบัญญัติตามพระพุทธ พระสัมมาสัมพุทธเจ้า,01.15.12,01.15.40,,,,,,
ความคิดที่เรียบเรียงแล้ว ถือเป็นเจตนาได้ไหมคะ,ใช่ นะ เป็นเจตนาได้ทุกทุก ขณะที่เราเรียบเรียง อะ ก็เป็นเจตนา เพราะอะไร? เพราะการเจตนาคือการเตรียมใจเราเพื่อที่จะกระทําออกไปทางกายและวาจา,01.15.43,01.16.02,,,,,,
ถ้าลูก เราที่เกิดมามีความผิดปกติ แต่ยังแก้ไขได้ เราจะวางใจและส่งบุญให้ลูก เราได้อย่างไรคะ?, ก็อุทิศบุญให้กับเขาตรงตรงเลย เพราะว่าในขณะที่เขาเกิดขึ้นมา เนี่ย กรรมยังทําหน้าที่ในการปรุงแต่งเขาอยู่ ปรุงแต่ง ถ้าเราส่งผลบุญไปให้เขาก็ ตัวบุญก็จะถูกเลือกไปสู่การปรุงแต่งให้เขาได้ดีขึ้น อือ เนี่ย ลองทําดู,01.16.05,01.16.32,,,,,,
ถ้าคนที่เสียชีวิตไปแล้วมีความประสงค์ว่า จะไม่อยากจัดงานศพ ไม่ทราบการไม่จัดงานศพดวงจิตดวงวิญญาณของผู้เสียชีวิตจะไปสู่ สู่ภพภูมิที่ดีไหมคะ? หรือแค่ทําบุญสะบัดให้เพียงพอไหมคะ?,ใช่ ถ้าเราจะเอากันตรงตรงว่ากันตามหลักการทางพระพุทธศาสนาแล้ว เนี่ย ไม่ต้องจัดงานศพก็ได้กันตามหลักการทางพระพุทธศาสนาแล้ว ไม่ต้องจัดงานศพก็ได้ เพราะจิตที่พึงปฏิบัติต่อบุคคลผู้ละชีวิตไปมีอยู่สองอย่างคือหนึ่ง ทักษิณาธานกิจคือกิจของการทําบุญ อุทิศส่วนกุศลไปให้ สอง ฌาปนกิจคือกิจของการเผา แค่นี้เองทําบุญใส่บาตรก็พอ ก็ได้ นะ แต่ถ้าไม่ว่ากันตามหลักการทางพระพุทธศาสนา อันนี้ก็ ก็ว่ากันไป แล้วแต่เราจะใช้หลักการไหนแต่ถ้าอยู่ในหมู่ชาวพุทธ ไม่จัดงานศพเลย ไม่เป็นไร ถึงเวลา ก็ ทําบุญอุทิศแล้วก็เผากัน เท่านี้แหละ นี่คือความจริง,01.16.37,01.17.41,,,,,,
 ตั้งใจจะสวด พระปริตรวันละเจ็ดรอบแต่ตอนสวดมักจะฟุ้งบ้าง ง่วงบ้าง หลับบ้าง ใจไม่ได้อยู่กับประสวด ขอคําแนะนําจากพระอาจารย์ครับ,ไม่เป็นไร ขอให้ได้สวด ฟุ้งก็ไม่เป็นไร ง่วงก็ไม่เป็นไร หลับบ้าง ก็ไม่เป็นไร ใจไม่ได้อยู่กับการสวดก็ไม่เป็นไร แต่อันนี้ต้องเน้นนะสวดอาตานันติยะปริตบทเดียวนะ บทเดียว บทเดียวก่อน,01.17.45,01.18.12,,,,,,
ของหนูนับถือศาสนาอื่น ฝากเรียนถามพระอาจารย์ว่า เขาฝันว่าเพื่อนชื่อนายเอ มาฝากให้หนู เออ! มาฝากให้ดูแฟนกับลูกแทนเขาด้วย ผ่านมาวันหนึ่งนายเอตกดาดฟ้า เรือชั้นสองลงมา ดาดฟ้าเรือชั้นสองลงมา แต่ไม่เป็นอะไรมาก แบบนี้ถือว่าบทเคราะห์ ไหมคะ? และต้องแก้ไขอย่างไรบ้างคะ?,แนะนําให้ทําบุญตามหลักการของศาสนา ที่เขานับถือนะ แนะนําให้ทําบุญ บทเคราะห์ไหม? คือมนุษย์เรานะ ถ้ายังมีชีวิตอยู่ในโลก เนี้ย หรือโลกไหนก็ตามโลกนี้ โลกต่อไป โลกต่อต่อไปอีก ตราบใดที่ยังมีการเกิดอยู่ เนี่ยเคราะห์ไม่หมด ยังไงก็ไม่หมด เรามีแต่การป้องกันในแต่ละภพแต่ละชาติ เราจะดีมีอะไรมาป้องกันคอยแก้ไขคอยบรรเทา คอย อ่า มีหลักคําสอนที่ดีคอยบอก คอยสอนคอยแนะนําเรา ให้เป็นไปในทางที่ ที่ดีที่ถูกต้องหรือเปล่า? อันนี้คือ คือความสําคัญ แต่จะไม่หมดเคราะห์ไม่มีทางหมด ถ้ามียังมีการเกิดอยู่นะ พระพุทธเจ้า สิ้นอาศวะกิเลสแล้วไม่ ไม่กลับมาเกิดอีกแล้ว เพราะกรรมอะไร เนี่ย ถึงจะเป็นอันหมดจริง ๆแต่ถ้ายังเกิดอยู่ ยัง ยังไม่หมด ยังไงก็ไม่หมด เคราะห์นี้ใหม่ เอ่อ ข้อเก่าหมดไป เคราะห์ใหม่เกิดขึ้นมาแทน ข้อเก่าหมดไปก็ ใหม่เกิดขึ้นมาแทน อย่างนี้แหละ มันเป็นอย่างนี้แหละ นะ ให้ทําบุญตามหลักการทางศาสนาของเขาได้เลย ได้ไม่เป็นไร,01.18.15,01.19.47,,,,,,
ลูกดิฉันเป็นตุ๊ด ค่ะ คบเพื่อนที่นําพาไปไม่ดี ดิฉันต้องทําอย่างไรบ้างคะ,ทําบุญอุทิศส่วนกุศลไปให้เขา และก็ให้ตั้งจิต ตั้งจิตด้วยน้ำจิตน้ำใจอันงามต่อบุตรเสมอว่า ขอให้บุตรของข้าพเจ้าเข้าถึงความสุขความเจริญ ขอให้บุตรของพระเจ้าจงคบแต่เพื่อนที่ดี ขอให้บุตรของข้าพเจ้า จงแคล้วคลาดปลอดภัยจากสิ่งชั่วร้าย ขอให้บุตรของพระเจ้า จงได้รับสิ่งที่ดีที่เป็นไปเพื่อความสุขความเจริญของตน อยากได้เจอสิ่งที่ไม่ดีสิ่งที่ชั่วร้าย สิ่งที่เสียหายต่อเขาเลย คือตั้งจิต น้ำใจอันงามอย่าง เงี้ย ต่อบุตรอยู่เสมอ อย่าด่าอย่าว่า อย่าคิดในด้านลบกับลูก นะ ตั้งน้ำจิตน้ำใจอางามอย่าง เงี้ย ไว้เรื่อยเรื่อย กระแสของความคิดของมารดายังติดตามคุ้มครองรักษาบุตร และส่งผลต่อบุตรในทางที่ดี เอ่อ การทําบุญ ทําบุญอุทิศส่วนกุศลให้ก็ จะไปช่วยลดพรกรรมวิบาก ในด้านที่เขาเป็นอยู่ นะพระอาจารย์เชื่อว่า เอ่อ สิ่งที่เราทํา และสะสมเป็นความดี ในสองประการที่พระอาจารย์แนะนํา เนี่ย และก็รอช่วงกะระยะเวลาที่พอดิบพอดี ก็จะ เปลี่ยนแปลงแก้ไขตัวเขาได้เอง นะ ให้เข้าใจอย่าง เงี้ย,01.19.49,01.21.17,,,,,,
ขอพระอาจารย์โปรดเล่าถึงอารมณ์แห่งจิต ของพระอาจารย์ก่อน จิตตกกระแส เป็นอย่างไรเจ้าคะ,ก่อนมันจะตกกระแสก็เห็นความเกิดความดับ จิตจะแนบอยู่กับการเกิด การดับอยู่ตลอดเวลา ความคิดปกติก็คิดไปตามปกติ คือมันมีภาวะการแยกการทํางานระหว่าง จิตในภายในกับความคิดปกติ ในภายนอก ความคิดปกติในภายนอกก็คิดไปตามปกติ ไม่ได้มีอะไรในจังหวะนั้นยังคิดด้วยซ้ําว่า วันนี้ก็เป็นวันที่เจ็ดแล้วที่เราดูความเกิดความดับ แต่ก็ยังไม่เห็นอะไร เกินไปกว่านี้เลยกว่าการเกิด การเกิดการหลับ เนี่ย ยังไม่เห็นอะไรไปมากกว่านี้ แต่สิ่งหนึ่งที่สังเกตได้ก็คือหนึ่งจิตมีความเงียบมากขึ้นมันมีความวิเวกมากขึ้น จิตมีความแนบสนิทอยู่กับ สติ แนบอยู่ การเกิดดับได้ แบบ ไม่ไม่ขาด ไม่ขาดห้วง ไม่ขาดสาย แนบอยู่ตลอดยี่สิบสี่ชั่วโมง ประกบกันอยู่ตลอดเวลา แต่มันไม่เห็นอะไรเกินกว่านั้น ความคิดปกติก็ยังคิดเลยว่า เอ๊ะ! คงจะต้องได้ราสิกขาแล้ว เพราะตั้งสัจจะไว้ว่าจะดูเจ็ดวัน ก็คิดตามปกตินี่แหละ แล้วก็คิดด้วยว่า นะ งั้นถ้ามันครบวันที่เจ็ดแล้วไปเดินจงกรมคืนนี้ ไปเดินจงกรมคืนนี้ คืนสุดท้ายคือคืนวันที่เจ็ด ถ้าไม่รู้อะไรในหลังจากนี้ พรุ่งนี้ คือวันที่แปดก็จะลาสิกขาตามสัจจะที่ตั้งไว้อย่าง เงี้ย ก็ยังคิดอย่าง งี้ เลย แต่การดูการเกิดดับ คือการ การดูการเกิดดับ มันเป็นชั้นลึกชั้นใน มันคนละส่วนกัน ความคิดปกติเรายังสามารถคิดได้ตามปกติ แต่การดูการเกิดดับ มันแยกทําเองอัตโนมัตินะ พอออกไปเดินจงกรมก้าวเท้าเดียวเท่านั้นแหละ ก็เกิดเหมือนกับ อ่า อะไรขาดออกจากจิต มันมีอะไรบางอย่างขาดออกจากจิต จากการดูการเกิดดับนี่แหละ ขาด แบบสะบั้นเลยนะ ขาดไปกับกิจ แล้วก็ก็รับรู้รับทราบ สิ่งที่อยู่รอบตัวเรา เหมือนกับฟ้าดินถล่มทลายเลย มันเหมือนกับ เกิดสะท้านสะเทือน เรื่อลั่นขึ้น แต่มันเกิดจากข้างในก่อน มันรู้สึกจากข้างในก่อน แล้วข้างนอกมันเลยเลื่อนลั่น สะท้านลื่นลั่น แล้วก็ เหมือนกับฟ้าดินถล่มทลาย อย่าง เงี้ยก็รู้ว่าอะไรละได้ อะ อะไรที่ละไป อะไรที่กิเลสชนิดที่ละได้คืออะไร? กิเลส กิเลสที่เหลืออยู่คืออะไร? นะ กระแสปณิธานเป็นอย่างไร? อริยธรรมสี่คืออะไร? อย่างที่ไม่เคยรู้มาก่อนมันก็รู้ไม่เคยเป็นมันก็เป็น แล้วก็รู้ อะ การปิดอบายภูมิได้อย่างถาวรในจิต,01.21.20,01.23.55,,,,,,
คือลูกได้รับของตกทอดมาจากบรรพบุรุษคือชุดห้องพระพุทธรูปและเศียรพ่อแก่สองเศียรอายุเกือบหนึ่งร้อยปีเจ้าค่ะ ลูกควรทําอย่างไรเจ้าคะ พี่น้องคนอื่นไม่มีใครรักครอบครัวเจ้าค่ะ ก่อนญาติจะเสีย ท่านบอกให้ทําดีดีเพราะพ่อ แก่ท่านดีแต่ลูกสวดมนต์ก็เลยอุทิศส่วนกุศลให้พ่อแก่ด้วยเจ้าค่ะ ลูกสมควรทําอย่างไรดีเจ้าคะ,ที่ดีที่สุดก็คือ ให้พูดกับพ่อแก ในลักษณะของการตกลงกันว่า ขออํานาจ พระพุทธ พระธรรม พระสงฆ์ จงบันดาลสัญญาณของข้าพเจ้าให้รับรู้ถึงพ่อแก่ บัดนี้ข้าพเจ้าขอแจ้งเรื่องตอบพ่อแก่ว่า ข้าพเจ้าจะนับถือพระรัตนตรัยตลอดสิ้นชีวิตและจะทําบุญอุทิศส่วนกุศลให้กับพ่อแก่ และขอให้พ่อแก่อนุโมทนายินดีในบุญกุศล ในการเข้าถึงรัตนาไตรของข้าพเจ้า อย่าได้โกรธแค้นทําร้าย เบียดเบียน และทําสิ่งที่ไม่ดีให้เกิดขึ้นแก่ข้าพเจ้า ข้าพเจ้าก็จะทําบุญอุทิศส่วนกุศลให้แก่ท่านเรื่อยเรื่อย คือบอกกล่าวท่านอย่าง เงี้ย ว่าเราขอตัดสินใจในการที่จะนับถือพระธาตุไทย แล้วก็สละเซียนพ่อแก่ออกมา อ่า ใครต้องการอยากได้ก็ให้คนคนนั้นไป อย่าง เงี้ย ก็ ก็ให้เขาไป หรือถ้า หรือถ้าไม่มีใครเอาหรือไม่มีใครรัก พี่น้องใครก็ไม่ ไม่มีใครกล้ารับ พระอาจารย์ก็ยังคิดอยู่ว่า ถ้า มันเป็นอย่างนี้ เนี่ย ทางสํานัก เนี่ย จะ จะยังเปิดรับหรือไม่เปิดรับ หรือเปล่านี่ก็ถาม คณะสงฆ์ก็ยังไม่ลงมติกัน ว่าจะเปิดรับสิ่งเหล่านี้หรือไม่ เขาเปิดรับไม่ได้รับเอามาเพื่อเป็นอะไรในการรับพ่อแก่นะ คือเอามายังไง อะ? เป็นที่เป็นทาง มาจัดไว้เป็นที่เป็นทาง นะครับ ในแต่ละส่วน แต่ละส่วน อย่าง เงี้ย ก็ยังไม่ได้คิดกัน ก็ยังไม่ได้วางแผนกัน นะ แต่ให้เราบอกไปก่อน บอกอย่างนี้กับพ่อแก่ ว่าให้ท่านรับรู้รับทราบว่าบัดนี้เราจะนับถือพระรัตนตรัยระหว่างสิ้นชีวิต นะ โทษอันใดหรือการกระทําอันใดอันเป็นไปทางกายวาจา ใจที่ข้าพเจ้ากระทําผิดพลาดล่วงเกินพ่อแก่ขอให้พ่อแก่จงขอโทษอภัย ให้แก่ข้าพเจ้าด้วยเถิดนะ ข้าพเจ้าจะขอนับถือพระรัตนตรัยตลอดสิ้นชีวิต ให้ ให้ท่านได้รับรู้ แล้วถ้าพ่อแก่เป็นพ่อแก่ที่ดี เนี่ย ก็จะให้เรานับถือรัตนตรัย เพราะพระรัตนตรัยเป็นสิ่งที่ดี แต่ถ้าพ่อแก่ เนี่ย เป็นพ่อแก่ที่ไม่ดี เนี่ยก็ค่อยว่ากันไป ค่อยว่ากันไป แต่ถ้าพ่อแก่เป็นพ่อแก่ที่ดีก็ต้องให้เรารักถือรัตนไตรอยู่แล้ว อัน เนี้ย คือคือ ยังไง อะ? ขอให้เข้าใจในพื้นฐานตรงนี้ก่อน แต่ถ้ามันเกิดอะไรที่ไม่ดีขึ้นจากวิถีแห่งการที่พระอาจารย์แนะนํา คือคือมี ความไม่หวังดี จากพ่อแก่ มีความประสงค์ร้าย มีการเบียดเบียนกัน ก็แจ้งเรื่องมาในลําดับต่อไปในวิธีในการจัดการ ซึ่งพระอาจารย์ก็จะมีวิธีตามหลักการทางพระพุทธศาสนาในการจัดการ กับพ่อแก่เหมือนกัน ไม่ต้องกลัว,01.24.13,01.27.48,,,,,,
เรียนถามว่าเวลาหลับแล้วถูกผีทับ ดิ้นไม่หลุด เรียกใครก็ไม่ได้ยิน โบราณเรียกว่าผีอํา อยากทราบว่า ใช่ผีจริง ๆไหมคะ? แล้วทําไมต้องอํา? ทําอย่างไรถึงจะออกไวไวคะ,ผีอํามีอยู่ก็จริง คือคือมีจริงก็มี มีไม่จริงก็มี มีแบบทิ้งกับแบบหลอก แบบจริงก็คือมีวิญญาณเข้ามาสวมทับ อัน เนี้ย มีแน่นอน อันนี้มีอ่า ถ้ามันเป็นลักษณะอย่างนี้ เนี่ย ให้ระลึกถึงพระรัตนตรัย พุทโธมีนาโถ พระพุทธเจ้าเป็นที่พึ่งอพึงข้าพเจ้า อย่าอย่าพยายามขัดขืนนะ อย่าพยายามขัดขืน อย่าเกร็ง อย่าพยายามขัดขืน แล้วก็ระลึกถึงผ้าไตรช้าช้าว่าพุทโธ มีนาโถ พระพุทธเจ้าเป็นที่พึ่งอันประเสริฐของข้าพเจ้า ธัมโมเมนาโถ พระธรรมเป็นที่พึ่งอันประเสริฐของข้าพเจ้า สังคมมีนาโถ พระสงฆ์เป็นที่พึ่งอันประเสริฐของข้าพเจ้า นะ การที่เขามากดทับ หรืออํา เนี่ยมีอยู่สองสาเหตุ หนึ่ง เขาต้องการให้เราทราบว่ามีเขาอยู่ตรงนั้น นะ เขา เขา เขามีอยู่จริง ๆ สอง คือผี เนี่ย คําว่าเขาคือผี ผี เนี่ย มีอยู่จริง ๆ สอง นะ หวังผลบุญที่อ่า จากเราคือ เรา ที่เราต้องรอไปทําบุญแล้วเรา ควรที่จะอุทิศบุญไปให้เขา คืออาจจะมีการหวังผลบุญ อยากจะให้เราไปทําบุญและอุทิศมาให้เขาบ้าง อะไรประมาณนี้ ให้เข้าใจอย่างเงี้ยนะ ,01.27.53,01.29.17,,,,,,
โยมแม่เคยฆ่าแมลงสาบจํานวนมากที่มาจากท่อน้ำตอนน้ำท่วม ท่านฟังจากพระองค์หนึ่งว่า ให้ลูกทําบุญสวดมนต์ และแผ่เมตตา ให้เจ้ากรรมนายเวรแทนแม่ได้ด้วย เพราะท่านสวดมนต์ไม่ได้ โยมลูกสามารถทําแทนได้ด้วยหรือคะ? จะถึงเจ้ากรรมนายเวรของโยมแม่ ได้ด้วยเหรอคะ,คือ การทําบุญ สวดมนต์นี้แก้ไม่ได้ แผ่เมตตาแก้ไม่ได้ เจ้ากรรมนายเวรนะ แก้ไม่ได้ ทําบุญ แทนแม่ได้ไหม? ได้ อุทิศส่วนกุศลให้นายเวรของแม่ได้ไหม? ได้แต่สวดมนต์ไม่ได้ แผ่เมตตาก็ไม่ได้ เอ่อ วิธีการก็คือให้ลูก เนี่ย ขอขมานายเวรแทนแม่ด้วย แล้วก็เวลาทําบุญอุทิศส่วนกุศลก็ให้บอกว่า ขอบุญนี้จงสําเร็จแก่เรา สัตว์ทั้งหลายที่ตายเพราะแม่เคยฆ่าไว้ อุทิศไปอย่าง เงี้ย เรา ได้รับบุญจากลูก ได้ไหม? ได้ อัน เนี้ย ได้แต่สวดมนต์ไม่ได้นะ แผ่เมตตาไม่ได้ แต่ก็ ขอขมานายเวรว่า ขออํานาจพระพุทธ พระธรรม พระสงฆ์ จงบันดาลการขอขมาของข้าพเจ้าให้ถึงแก่นายเวรของแม่ข้าพเจ้าบัดนี้ข้าพเจ้าขอสํานึกผิดนึกผิดแทนแม่ของข้าพเจ้าที่ได้เคย ฆ่าสัตว์จํานวนมาก จนนํามาสู่ความเป็นเวรกรรมต่อกัน ขอให้ในเวรเหล่านั้นจงอดทนอภัยให้แก่แม่เขา ของข้าพเจ้าด้วยเถิด ข้าพเจ้าแต่ข้าพเจ้าจะอุทําบุญอุทิศส่วนกุศลให้ ให้บอกอย่าง เงี้ย แล้วเราก็ทําบุญอุทิศส่วนกุศลไป แค่นั้นเอง,01.29.22,01.31.10,,,,,,
หากพระอาจารย์นั่งสมาธิห้าสิบห้านาทีเกือบหนึ่งชั่วโมงมีความรู้สึกเมื่อย เมื่อยใช่ไหม? เมื่อยเท้าหนัก รู้สึกเมื่อยเท้าหนักมากมากเจ้าค่ะ บางครั้งไม่เป็น แต่ส่วนมากจะเป็นเจ้าค่ะ ขาข้างซ้ายหนัก ขาข้างขวา ขาขวา เบาค่ะ,ก็ถูกนั่งนานก็เป็นอย่าง เงี้ย แหละ นะ มันเป็นบ้างไม่เป็นบ้าง ก็ไม่เป็นไร ไม่เป็นก็ดี แต่ถ้าเป็นก็ให้เข้าใจว่านั่นคือเรื่องปกติ เพราะนั่งนาน นะ,01.31.14,01.31.48,,,,,,
กราบเรียนถามว่าอาจารย์ ว่าเคาะกับวิบากกรรมเหมือนกัน ไหมคะ,เคราะห์ เนี่ย มันเป็นภาษาของโหราศาสตร์ ส่วนวิบากกรรม เนี่ย มันเป็นภาษาของหลักธรรมะข้อคือเคราะห์ร้ายเคราะห์ไม่ดีนี่แหละ คือคือเคราะห์ อ่า มันเป็นการส่งผลจากดวงดาว ทําไมดวงดาวมันส่งผลอะไร? พวกดาวเคราะห์ดาว อะไร อะ? พวก เนี้ย มันส่งผลยังไง อะคือมันเป็นอย่าง งี้ ระบบการโคจรของดวงดาว การเคลื่อนตัวแต่ละครั้ง เนี่ย มันใช้กะพลังงานแห่งการเคลื่อนตัว สูงมาก ดาวเคราะห์นะทีนี้มันก็เลย เออ ตามหลักโหราศาสตร์นั่นแหละ ก็เลยว่า มันมีการเล็ง คือการเคลื่อนตัว เนี่ย มันตรงกับทิศทาง ชีวิตของคน มันมันส่งผลกับทิศทางชีวิตของคนน่ะ ที่เราเป็นผลกระทบ มาสู่สิ่งที่เขาเป็น เอาแค่ เอาแค่พระอาทิตย์ เนี่ย ถูกบดบังไปด้วยเบ้ ที่ปิด ปิดทึบ ถ้าต่อเนื่อง เนี่ย เมฆ ปิดทึบเลย ไม่มีแสงของดวงอาทิตย์ เล็ดลอดลงมาสู่พื้นดินเลย เนี่ย เอาอย่างน้อยสักเจ็ดวันนี่ มนุษย์อยู่ในโลก เนี้ย ชักจะลําบาก อะ นะ คือวิเคราะห์ เข้าใจไหม? เงินมีอะไรก็ตาม เอ่อ สิ่งเหล่า เนี้ย มันมีผลกระทบต่อชีวิตมนุษย์ คือสิ่งเหล่า เนี้ยมาจากคําว่าเคราะห์ ส่วนวิบากกรรมคือมันเกิดมาจากการกระทําของเรา เพราะ มาจากเหตุปัจจัยของระบบทางธรรมชาติ นะ แต่วิบากกรรม เนี่ย มันมาจากการกระทําของเรา เพราะไม่ได้นับรวมถึงรูปปีศาจดวงวิญญาณนายเวร อะไร? ที่ก่อกวนและเบียดเบียน น่าจะเป็นการระบบของทางธรรมชาติ ประมาณนี้แหละหรือเขาเรียกว่าปีชง ปีอะไรกันก็ว่าไป ก็ก็ใช่ส่วนหนึ่ง จะไม่ทราบว่าจะไม่มี แต่หลักการก็คือต้องเข้าใจ เข้าใจที่จะเป็นอย่างนี้ว่ามันมี ความเป็นไปได้ในการที่จะเป็น มันสามารถเกิดขึ้นได้ เอ่อ วิธีการก็คือทําบุญ ไว้หรือสวดพระปาริสต์ไว้ ใช้ได้เหมือนกัน การสวดพระปริตรอภิบากกรรม ก็คือผลแห่งการกระทํา คือความต่างมันจะต่างกัน และการให้ผลก็ไม่เหมือนกัน นะ,01.33.16,01.35.40,,,,,,
ลูกรบกวนขอถามเรื่องการดูอาการเจ็บปวดของร่างกายเจ้าขา เวลาเราเจ็บ หรือปวดมากมาก เช่น ปวดท้อง บีบมากมาก ในช่วงเวลา ในช่วงที่ในช่วงที่ปวดมากมาก ลูกพยายามดูเวทนาที่เกิดขึ้นกับร่างกายในขณะนั้น แต่เหมือนจิต แตกเช่น แตกสั้น เพราะมัว แต่ไปจดจ่อที่ความปวดทรมาน พยายามท่องธาตุก็ได้บ้างไม่ได้บ้าง แบบนี้ลูกต้องดูแบบไหน หรือต้องพิจารณาอย่างไร,เวลาปวดท้องบีบมากมาก เนี่ย เราเราเราก็ต้อง คือ พระอาจารย์แนะนํานะ แนะนําว่า อาการปวดท้องเกิดขึ้นเราจะมีภาวะการปฏิเสธคือปวดท้อง เนี่ย มันเป็นทุกข์เวทนา ทุกขเวทนา เนี่ย มันจะมีปฏิฆะ ปฏิฆะ เนี่ย คือตัวเขาออกมาปฏิเสธความเจ็บปวด เมื่อปฏิฆะออกมาปฏิเสธความเจ็บปวด เนี่ย จุดประสงค์ของการดูเวทนาก็เพื่อให้เห็นตัวปฏิฆะ เนี่ยตัว ปฏิเสธความเจ็บปวด อยากให้หาย อยากให้สงบระงับ ให้ให้เห็นตัว เนี้ย แต่ความเจ็บปวด อือ ไม่ไม่ต้องไปสนใจที่จะดูก็ได้ แต่ยังไง? ยังไงมันก็ต้องเกิด มันยังไงมันก็ต้องเจ็บอย่าง งั้นก็แค่บอกว่าเจ็บ เมื่อมันเกิดขึ้นแล้ว เราจะห้ามไม่ให้มันเกิดขึ้นก็ไม่ได้ มันเกิดขึ้นแล้วก็ให้มันเกิดขึ้น ให้ความเจ็บทําหน้าที่ของมัน ให้การรับรู้ของขัน ก็รับรู้ตามภาวะการของมันให้เราทําความเข้าใจว่า อ่า การที่ไม่อยากให้ความเจ็บเกิดขึ้น อยากให้ความเจ็บหายไป อยากให้ความเจ็บ เอ่อ ดับไปหรือไม่เกิดขึ้นกับเราอีก เนี่ย ให้ให้รู้ตัว เนี้ย ให้รู้ปฏิฆะตัวผลักออก แล้วกําหนดรู้ว่า ร่างกายนี้มีความทุกข์ความทุกข์มีอยู่ในร่างกายนี้ ถ้าไม่มีร่างกายนี้ ร่างกายนี้ก็ไม่มีทุกข์ พระพุทธเจ้าตรัสรู้ความจริงของร่างกายว่าร่างกายนี้มีทุกข์ เป็นความจริงอันจริงหนอ การตรัสรู้ของพระสัมมาสัมพุทธเจ้าเป็นการตรัสรู้อย่างถูกต้องจริงเหรอ? เพราะตอนนี้เรา ได้รับความทุกข์นั้นพระธรรมคําสอนสอนเรื่องความทุกข์ว่าเป็นสัจจะ ถ้าทํานี้ก็เป็นสัจธรรมจริงหนอ เพราะตอนนี้ความทุกข์นี้เราก็ได้รับแล้ว เพราะสงฆ์สาวกก็เป็นผู้ประพฤติปฏิบัติตามธรรมเพื่อความพ้นทุกข์ พระสงฆ์สาวก เนี่ย ได้ปฏิบัติถูกต้องจริงหนอ เพราะความทุกข์ เนี่ย ถ้าใครหลุดพ้นได้ ย่อม ย่อมเป็นสุขแน่นอน คือการปฏิบัติเพื่อความพ้นทุกข์ นี่คือการปฏิบัติโดยชอบ เป็นการปฏิบัติที่ดี ใครก็ตามที่ปฏิบัติ อ่า ไม่ได้ปฏิบัติเพื่อความพ้นทุกข์น่ะ คนคนนั้น ถือว่าไม่ ไม่ไปชื่อเชื่อว่าเป็นผู้ปฏิบัติชอบ ตามหลักการทางพระศาสนา เราพยายามโน้มเข้ามาสู่การพิจารณาให้เป็นธรรมะอย่าง เงี้ย นะ กระแสรัตนตรัยก็จะเกิดรองรับจิตเรา ไม่ให้เกิดความแตกซ่า ไป ไม่มีที่ตั้ง ไม่มีเครื่องรองรับ นะ เข้าใจอย่าง งั้น,01.36.22,01.39.03,,,,,,
 ลูกจะอุทิศบุญให้นายเวร ควรสวดพระปริตรบทไหน และกี่จบ อุทิศให้บุญให้นายเวรเป็นเวลานานเท่าไหร่เจ้าคะ เช่น ควรสวดติดติดกันกี่เดือนกี่ปี ,ขอแนะนําให้สวดบท อาราธนาปริตร เนี่ย เป็นสิ่งที่ควรสวด นะ ถ้าเราต้องการสวดแก้ไขนายเวร ให้สวดสามรอบ ต่อเนื่องกัน เจ็ดวัน แล้วก็อุทิศส่วนกุศลให้กับนายเวร ต่อเนื่องกัน เจ็ดวันนะ แต่เมื่อถึงวันที่แปด ยังต้องสวดอยู่ แต่สวดแค่รอบเดียวก็พอ นะ,01.39.05,01.39.57,,,,,,
ควรทําบุญอะไรเพื่อนายเวร โดยเฉพาะไหมข้าพระอาจารย์ เห็นมีคนบอกว่า บางบุญที่เป็นบุญละเอียด นายเวรจะรับบุญนั้นไม่ได้เจ้าค่ะ,ให้ทําบุญที่เกี่ยวกับสังฆทาน นะ การถวายทานในสงฆ์ คําว่าสังฆทานคือจะเป็นภัตตาหารทานก็ได้ แนะนําเป็นภัตตาหารทานนะ ภัตตาหารทานที่เป็นสังฆทานในสงฆ์ หรือเครื่องไทยทานสําหรับสงฆ์ ก็ได้สองประการ เนี้ย เลือกทําสังฆทานและอุทิศส่วนกุศลไปให้นายเบน โดยตรงเลย เจาะจงไปนายเวรโดยตรงเลย นะ ,01.39.58,01.40.30,,,,,,
ตอนนั่งสมาธิง่วงทุกรอบเลยครับ มีวิธีแก้ไหมครับ?,ให้สวดบทอาราธนาปริตร สามรอบก่อนนั่งสมาธิ,01.40.35,01.40.48,,,,,,
ช่วงนี้ การทํามาค้าขายไม่ดีด้วยเหตุปัจจัยหลายประการ สามารถสวดพระปริตรช่วยให้การค้าขายดีขึ้นได้ไหมครับ,แนะนําให้สวดรัตนปริตรนะ ช่วยให้การค้าขาย นะ รัตนปริตรนะ,01.41.57,01.42.12,,,,,,
,,,,,,,,,
,,,,,,,,,
,,,,,,,,,
,,,,,,,,,
,,,,,,,,,
,,,,,,,,,
