Unnamed: 0,question,answer,Start Time,End Time
,ทำไมเราต้องส่งบุญ หรือ อุทิศบุญให้เขา ขอกราบเรียนท่านอธิบายในเรื่องนี้ด้วยนะคะ,"เรื่องการทำบุญ เรื่องการให้ทานเนี่ยหรือว่าเรื่องการรักษาศีล เป็นสิ่งที่เราทำความรู้ความเข้าใจมาตั้งแต่เนิ่นนานแล้ว เป็นสิ่งที่เรารับรู้รับทราบมาตั้งแต่รู้จักพระพุทธศาสนา เพราะเรามีประเพณี มีวัฒนธรรมในการทำบุญบ้างทำทานบ้าง ตั้งแต่ปู่ย่าตายาย พ่อแม่ พาเราเข้าวัดฟังธรรม เราจะเจอคำว่า ""ทำบุญ"" และติดปากพวกเราว่า""ไปทำบุญ ไปทำทาน"" หรือบางทีอาจจะมี ""ไปรักษาศีล"" ประมาณนี้  ไปปฏิบัติธรรม แต่คำที่เราจะเจอมากที่สุดคือว่า ""ทำบุญ"" ไปทำบุญทำทาน ที่นี้คำว่า ทำบุญ มันคืออะไร ในศาสนา หรือว่าศาสนาสอนเรื่องวิธีการทำบุญยังไง บุญในที่นี้แปลว่า ""การชำระล้าง"" ชำระล้างในที่นี้หมายถึงการชำระล้างบาปนั่นแหละ พูดง่ายๆ บาปก็คืออกุศลธรรมทั้งหมดทั้งมวล เขาหมายเอา ""กุศล"" ทั้งหมดทั้งมวล ""บุญ"" นี้ก็คือ หมายเอา ""กุศลธรรม"" ทั้งหมดทั้งมวลนั่นเอง การที่เราทำบุญหมายถึงการที่เราประกอบ ""กุศลธรรม"" เพื่อที่จะไปชำระล้าง""อกุศลธรรม"" อย่างเช่น ""อกุศลธรรม"" ที่เราที่ทำให้เราไม่สบายใจ อกุศลธรรม ที่ทำให้เราทุกข์ใจ ตลอดจนอกุศลธรรมที่ทำให้เราไปสู่ทุคติ พูดง่ายๆ การที่เรา จะไปชำระล้าง ก็ต้องอาศัยบุญ บุญเหล่านี้ก็คือกุศลธรรมนั่นเอง ส่วนกุศลธรรม ที่เรามักคุ้นเคยกับการทำ ก็คือการทำทาน ทานนี้เป็นพื้นฐานของชีวิตของชาวพุทธที่พวกเราทำทำกัน  ที่นี่ มีเรื่องราวว่า ถ้าหากทำบุญแล้ว ก็ย่อมมีการอุทิศบุญ อะไรประมาณเนี้ย นี่คือในศาสนาที่เราสอนกัน พอเราไปวัดไปทำทานเพราะทำทานเราก็จะพากันกรวดน้ำ โดยปกติถ้าเราจะกรวดน้ำให้ญาติที่พี่น้องที่เป็นอะไร ผู้ล่วงลับไปแล้วนี้ เป็นเปรต, ผี, ปีศาจ ที่เป็นเจ้ากรรมนายเวร อะไรเงี้ย นี่คือสิ่งที่คุณ เรา ทำสืบต่อกันมาแล้ว ประเภทนี้ เหล่านี้ ก็จะมาถึง พวกเราเนี่ย อันเป็นชนรุ่นหลังตกมาถึงทุกวันนี้ ปัจจุบันนี้ ประเพณีแบบนี้ก็ยังคง ทีนี้ เรื่องราวในการทำบุญนี่ มีอยู่จริงในทางพระพุทธศาสนา แต่เนื่องจากว่าความจริงที่เราได้ทำไปแล้ว ปรากฎผลเป็นยังไง เป็นสิ่งที่พิสูจน์ได้ยาก หมายความว่า เวลาเราอุทิศบุญนี่ เราไม่รู้ว่าถึงหรือไม่ถึง บุคคลผู้เป็นญาติ เป็นนายเวรนี่ ได้รับบุญหรือเปล่า หรือไม่ได้รับ บุญก็ไม่รู้  การที่เราทำบุญอุทิศให้เขา เขาเหล่านั้นอนุโมทนาหรือเปล่าก็ไม่รู้ อะไรเงี้ย ไม่เคยมีใครกลับมาบอก ไม่เคยมีใครยืนยัน ไม่เคยมีใครบอกกล่าวว่าได้รับบุญแล้วนะ อะไรประมาณนี้  ไม่เคย ชีวิตประจำวันที่พวกเราทำ เราจึงทำบุญแล้วก็อุทิศคำว่า ""อุทิศ"" ในที่นี้ทำบุญอุทิศเนี่ย จึงปรากฏเป็นประเพณีและวัฒนธรรม เสียส่วนใหญ่  ไม่ปรากฏเป็นความรู้และความเข้าใจ ให้บุคคลผู้ทำและได้ทำใช่มั้ย มันเลยตกเป็นประเพณีสืบทอดกันมาที่นี่ สืบทอดมายังไง พวกเราก็ถือเอาแบบนั้นแหละ ตามประเพณีในการสืบทอด นี่คือการสืบทอดตามประเพณี ส่วนความรู้ ความเข้าใจตรงนี้ ไม่เคยมีใครรู้ เข้าใจและก็แจ่มแจ้ง แน่นอน พระพุทธเจ้าทรงรู้ เข้าใจ แจ่มแจ้ง รู้ว่าอะไรเป็นบุญ อะไรไม่ใช่บุญ อุทิศบุญยังไง ถึงจะถึงแก่บุคคลผู้ที่จะรับอย่างเงี้ย พระองค์รู้ แต่เนื่องจากว่าพระองค์ไม่อยู่แล้วตอนนี้ บุคคลผู้รู้หลังจากนั้นมีใครมั่ง อย่างเช่น แม้ไม่มีพระพุทธเจ้า ก็จะมีบุคคลผู้รู้ อย่างเช่นผู้ได้ฌาน ผู้ใดญาณวิเศษ นะ อย่างเช่นอะไรอย่างเช่น ที่เขาเรียกว่า หูทิพย์ ตาทิพย์ นี่แหละที่เรียกว่า มีญาณเพื่อหยั่งรู้ ว่าใครได้บุญ ไม่ได้บุญ อะไรประมาณนี้  นี่คือบุคคลผู้ที่รู้ และเข้าใจ แล้วบุคคลผู้ที่จะรู้จริงๆ จังๆ คือใคร คือบุคคลผู้ที่จะได้รับบุญนั่นแหละ  อย่างเช่น เราอุทิศบุญให้เขาได้รับหรือไม่ได้รับ เขาจะรู้เอง แต่ทีนี้มันมีความ ความอะไรนะ หมายความ ว่ามันเกิดความผิดพลาด ตรงที่ว่าเมื่อบุคคล ได้รับแล้ว ไม่สามารถบอกต่อบุคคล ผู้ที่อุทิศบุญให้ตนเองได้ ผู้ที่อุทิศบุญไปเนี่ย ก็ไม่รู้ว่าได้หรือไม่ได้ มันจึงเปรียบเสมือนกับว่า โยนก้อนหิน ถามทางเฉยๆ เนี่ยหมายความว่า ไม่รู้ว่า ไอ้ก้อนที่ไปน่ะ ตกถึงใครก็ไม่รู้  โยนลงไปในแม่น้ำเนี่ยไม่รู้ว่าไปตกถึงไหนหรืออะไรยังไง อย่างเงี้ย  เหมือนกับว่าอุทิศไปเฉยๆ เปล่าๆ  อะไรประมาณนี้จึงเหลือแค่คำว่าประเพณี  คำว่าประเพณีตรงนี้พอเรามามองดูหรือว่า เรามามองดูสังคมในปัจจุบัน มีหลายๆวัฒนธรรมและหลายๆประเพณีบางวัดบอกว่าทำบุญก็ให้อุทิศ อุทิศในขณะที่ให้นั่นแหละ เพราะอะไร บางวัดบอกว่า ทำบุญแล้วต้องกรวดน้ำ ถ้าไม่กรวดน้ำแล้วจะไม่ถึงผู้ที่จะได้   บางคน บางวัดบอกว่าจะต้องมีพระสวดด้วย เพราะพระเป็นสื่อ  คือสอนกันว่า ถ้าไม่มี พระ พระเปรียบเสมือน ไปรษณีย์  สื่อให้ถึงบุคคลผู้ที่จะรับเนี่ย  บางวัดก็บอกว่า อ๋อในเมื่อไม่มีน้ำ ก็ให้กรวดทางใจ คือเอาใจกรวดนะ ก็เอาใจกรวด  ก็กรวดทางใจได้อยู่ ตกลงมันเป็นอะไรยังไงกันแน่  ไหนบอกว่าพระคือสื่อ  ไหนบอกว่าจะต้องกรวดน้ำถึงได้เท่านั้น ไหนบอกว่าจะต้องได้รับการสวดรอพระสวดยะถาก่อน ค่อยให้ผีหรือ สวดให้พี่ เพราะสวดสัพเพ ติโยนี่ให้คน  คำเหล่านี้ปรากฎขึ้นมา ในหลายๆ ธรรมเนียม หลายๆ ประเพณี  หลายๆ วัฒนธรรม ที่นี่แล้วจริงๆ มันคืออะไร  จะต้องกรวดน้ำไหม จะต้องกรวดในใจหรืออะไรยังไงกันแน่  จะต้องให้พระสวดหรือไม่สวดกันแน่นะ  ขนาดคนบางคนไม่มีโอกาสไปวัด ไม่มีโอกาสในการสวด ไม่มีโอกาสเพื่อที่จะทำให้พระได้สวด ฟังสวด ไม่มีโอกาสในการอุทิศบุญ คือกรวดน้ำ ก็ต้องมารอหน้าบ้านใส่บาตร เอาน้ำมาขันหนึ่ง เอาน้ำมาขวดนึงรอ กรวดน้ำ บางทีพระให้พรเสร็จแล้ว แล้วก็ไปกรวดที่หลังนะ บางทีก็ให้พรตอนนั้นแหละ  ทั้งๆที่ บอกว่า สัพพี ติโยนี่ให้คน ไอแบบนั้นไม่ต้อง สัพพี ล่ะ เราก็จะกรวดเหมือนกัน  ขอให้กรวด ทำตามความสบายใจของตัวเอง  เอาล่ะ ขึ้นอยู่กับความสบายใจยังไงก็ทำไปใช่มั้ยล่ะ  นี่คือสิ่งที่ตกมาถึงพวกเราทุกวันนี้  แล้วความรู้ความเข้าใจจริงๆมันไม่มีเลย พอมันแตกแขนงออกไปอย่างเงี้ย คือความรู้ความเข้าใจแตกแขนงออกไปนี่  พวกเราก็เลยไม่สามารถถือเอาได้  คนรุ่นหลังที่เรียกว่ามีปัญญาในการให้เหตุผลนี่เขาย่อมมองออกว่าจริงๆ แล้วคนเหล่านี้ไม่มีเหตุผลอะไรเลยเอาสักข้อ คือให้เลือกเอาความจริงสักข้อสิใช่ไหม เอ๊ะบางคนบอกว่าต้องกรวดน้ำจะถึง บางคนไม่ต้องถึงก็ได้ กรวด เอาใจกรวดนี่ขอให้ใจกรวด ยังไงก็ได้ ถามว่าอย่างไหนมันถึงกันแน่  แต่คือถ้าใจกรวดแล้วมันก็ไม่จำเป็นต้องไปหาน้ำใช่ไหม  ถ้าใจไม่ถึง  ถึงเฉพาะน้ำอย่างเดียวเนี่ย  ก็ควรที่จะหาน้ำมาสิ  คือน้ำมาถึงหมดนะ  เพื่อที่จะทำให้มันถูกต้อง  ให้มันถึงใช่ไหมล่ะ  อย่างงี้ อันนี้ไม่ควรมาบอกกันว่า  อันนั้นกรวดได้  แบบนั้นกรวดได้ ไม่เป็นไร เอาที่สบายใจนะ ไม่ควรมากล่าวอย่างเงี้ย เพราะคนที่เขามีปัญญาในการใคร่ครวญ สติปัญญาของเขาเนี่ย ตามเหตุผลของเขาเนี่ย เขาจะมองเห็นว่าสิ่งเหล่านี้มันจะเป็นการเลื่อนลอย เพราะไม่มีหลักการที่ถูกต้องแน่นอน  แม้เราจะกรวดยังไง ที่นี่  นี่คือสิ่งที่ตกมาถึงคนพูดนะ  แล้วคนพูดก็ไม่สามารถตอบได้แล้วก็เอาความสบายใจของตัวเอง ในการตอบ มันขึ้นอยู่กับใจ อะไรก็ว่ากันไปนะ นี่คือสิ่งที่เราทำกันจนกลายเป็นความหลง งมงาย ให้คนที่อยู่นอกศาสนาเนี่ยเขาเห็น  หรือว่าให้คนในศาสนานี่แหละเขาเห็น ว่าทำไมคนพูด เรางมงาย ทำไมคนพูดเราไม่มีเหตุผล มีแต่ความหลงซะส่วนใหญ่นี่แหละ  คนสมัยใหม่ก็ขึ้นมาเนี่ย เขาใช้เหตุผลในการ  เอ่อชี้วัดสิ่งเหล่าเนี้ย  ยิ่งวิทยาศาสตร์เป็นสิ่งที่เรียกว่าพิสูจน์ได้  พิสูจน์ได้ด้วยตาเนี่ย  พิสูจน์ได้ด้วยความเป็นรูปธรรมที่ เราพยายามพิสูจน์กัน บุคคลเหล่านี้จะไม่สามารถเชื่อ คือจะไม่สามารถรับมาได้เต็มๆ ว่าสิ่งเหล่านี้ จะถึงหรือไม่ถึง อะไรกันแน่เนี่ย พอเป็นแบบนี้ปุ๊บ ศาสนาจะค่อยๆ หายไปจากคน  พูดง่ายๆ ก็คือมันก็จะตกอยู่แค่ความเชื่อ ความจริง ไม่ปรากฏกับบุคคลผู้ยังถืออยู่ คืออะไร คือมีศรัทธา  ก็แล้วแต่ศรัทธาใครศรัทธามันเลยทีนี้ ใครศรัทธาว่า จะต้องน้ำก็เอาน้ำ ใครศรัทธาว่าเอาใจก็เอาใจ ใครศรัทธาว่าจะต้องฟังสวด ให้พระเป็นสื่อ ก็จะเอาพระสวดเป็นสื่อ ขึ้นอยู่กับศรัทธา แต่ไม่ประกอบด้วยปัญญา เพราะคนเหล่านี้มีศรัทธาอยู่แล้วนี่ แล้วคนที่ไม่มีศรัทธาล่ะทีนี้ หายไปจาก พูดง่ายๆ คือบุคคลผู้มีศรัทธานี่ ล้มหายตายจาก เหลือแต่คนผู้ไม่มีศรัทธา ย่อมไม่แสวงหาศึกษาเล่าเรียน ทั้ง ความรู้ความเข้าใจ เพราะฉะนั้น สิ่งเหล่านี้มันจะเป็นความเสื่อมเสียกับคนพุทธเอง  เราจะต้องเรียนรู้ทำความเข้าใจ ให้ดี ที่นี้เรื่องการทำทาน อุทิศบุญนี่มายังไง  เรื่องที่เด่นชัดที่สุด ที่พวกเรามักจะเอามาบอกกล่าวสอนสืบต่อกันมา เนี่ย ตั้งแต่คราวสมัยพุทธกาล  คือเรื่องที่มาใน ""ติโลกุถสูตร"" เนี่ย เป็นเรื่องราวของพระเจ้าพิมพิสารที่มีญาติที่เป็นเปรต  ญาติที่เป็นเปรตของพระเจ้าพิมพิสาร  รอพระเจ้าพิมพิสาระมาตั้งแต่สมัย  น่าจะเป็น พระพุทธเจ้าพระนามว่ากัสสปะหรืออะไรไม่แน่ใจ หรือพระเจ้ากกุสันธ เราไม่รู้นะ คือรอพระพุทธเจ้ามาตั้งไม่รู้กี่พระองค์ ในคราวครั้งนั้น แหละ ชนทั้งหลายก็ถวายทาน แล้วเปรตที่เป็นญาติพระเจ้าพิมพิสาร เนี่ยไม่ได้บุญ เขาถวายทานแล้วอุทิศบุญให้ เปรต มีชนเยอะแยะมากมาย ทำทานกับพระพุทธเจ้า ทำทานกับสงฆ์สาวกของพระองค์ แล้วก็อุทิศบุญให้เหล่าญาติทั้งหลาย เปรตเหล่านั้น อะไม่ได้บุญ ทีนี้พระพุทธเจ้าพระองค์นั้น ก็เลยบอกว่า  ให้พวกเธอรอไปถึง  พระพุทธเจ้าพระนามว่า พระมหาสมณโคดม นะ  สมัยของพระพุทธเจ้านามว่า สมณโคดม จะมีญาติของพวกเธอ ชื่อว่า พระเจ้า พิมพิสาร เขาจะทำบุญอุทิศให้  เปรตเหล่านี้รอนะนี่  เกิดทันพระพุทธเจ้า ไม่มีใครอุทิศบุญให้  ขนาดพระพุทธเจ้า อยู่ต่อหน้าก็ยังไม่สามารถช่วยอะไรได้  ยังต้องให้ เปรตเหล่านั้น รอไปถึงสมัยพระเจ้าพิมพิสาร รอไปถึงสมัยพระพุทธเจ้านามว่า โกนาคมน ทีนี้ เปรต ทั้งหลายเหล่านั้นก็รอ รอจนมาถึงพระพุทธเจ้าของพวกเราเนี่ย เจ้าชายสิทธัตถะตรัสรู้ขึ้นมา  มีพระเจ้าพิมพิสารเป็นเจ้าผู้ครองแคว้นมคธ ในคราวนั้น ทีนี้เมื่อพระพุทธเจ้าไปโปรด พระเจ้า พิมพิสาร, พระเจ้าพิมพิสาร ก็เลยทำทานอุทิศบุญให้ ไม่ใช่สิ ทำทานแล้วก็คือ ทำทานกับพระพุทธเจ้าแล้ว พระเจ้าพิมพิสาร มัวแต่คิดว่า พระพุทธเจ้ามาจากไกลคือมาจากที่ไกล สงฆ์สาวกของพระองค์ก็มีเยอะแยะมากมายพระองค์จะพักที่ไหนกัน ไม่มีที่พัก  จะไปพักที่ไหนกัน ไม่มีที่หลับ ไม่มีที่นอน มัวแต่คิดอยู่อย่างเงี้ย แล้วก็ถวายทานไปด้วย กังวลไปด้วยว่า พระพุทธเจ้ากับสงฆ์สาวกของพระองค์ จะพักที่ไหน อะไรยังไงกัน จะนอนยังไง มีที่พักกัน หรือยัง  เลยไม่ได้อุทิศบุญให้ นะ ทำทานเนี่ยนะ มัวแต่คิดว่าพระองค์จะพักที่ไหน ไม่ได้อุทิศบุญให้ ทีนี้ เมื่อไม่ได้ อุทิศบุญให้ เปรตที่รอเนี่ย ตั้งแต่สมัยพระเจ้าพุทธเจ้านู้นน่ะ รอก็ไม่ได้รับบุญ ทั้งๆ ที่ พระเจ้าพิมพิสารก็กำลังทำ ทานอยู่ แต่พวกตนเองก็ไม่ได้บุญอะไร พอตกกลางคืนขึ้นมา ด้วยความที่ว่าเสียอกเสียใจ ก็เลยพากันร้องค่ำครวญออกมา  พระเจ้าพิมพิสารตื่นขึ้นมากลางดึกได้ยินเสียง  ไม่รู้ว่าเสียงเหล่านี้คือเสียงอะไร  อย่างนี้ ก็เลยไปหา พระพุทธเจ้า บอกว่าคือบอกความที่ว่า ตัวเองตื่นขึ้นมากลางดึก แล้วก็ไปได้ยินเสียงนี้อยู่ พระพุทธเจ้าก็บอกว่าพระองค์ มีญาติ คือญาติของพระองค์ มารอรับบุญเมื่อตอนเมื่อวานเนี่ย  พระองค์มัวแต่ทำบุญ แล้วก็คิดว่า ตถาคตคือพระศาสดาจะ พักอยู่ยังไง อะไรยังไง สงฆ์สาวกมีเยอะแยะมากมาย จะนอนที่ไหน อะไรอย่างเงี้ย เลยไม่ได้อุทิศ บุญให้เหล่าญาติทั้งหลายนะ  เขาเหล่านี้เสียใจ  คือพากันเสียใจเศร้าโศกเสียใจ เพราะว่าไม่ได้บุญแล้ว แม้พระเจ้า พิมพิสารทำทานอยู่  ก็ไม่ได้อุทิศบุญให้  ก็เลยพากันเสียใจ ที่พระองค์ได้ยิน เพราะเหตุนี้แหละ อะไรประมาณเนี้ยพระเจ้าพิมพิสาร เป็นคนที่มีความฉลาดอยู่แล้ว  ต้องการทำทานอยู่แล้ว  ก็เลยปรารถนาที่จะอุทิศบุญให้กับเปรตเหล่านี้ ไม่ได้มานั่งนึกตามหลังนะว่า บุญนี้ให้เขาคือให้ เหล่าเปรต ไม่ได้มนุษย์ตามหลัง  ไม่ได้มานั่งนึกว่า บุญที่เราทำแล้วเมื่อวานจนถึงแก่เปรตไม่มี ต้อง การทำทานใหม่ แล้วก็อุทิศบุญใหม่นะ วิธีการทำทาน แล้วอุทิศบุญของพระเจ้าพิมพิสารเป็นยัง ไง  พระเจ้าพิมพิสารนิมนต์พระพุทธเจ้าว่า วันพรุ่งนี้ รับทานของข้าพระองค์ใหม่  พระพุทธเจ้า ก็รับโดยดุษฏียภาพ คือรับด้วยอาการที่นิ่ง พระเจ้าพิมพิสารก็จัดแจงข้าวของเครื่องใช้ให้เรียบร้อย   เช้าวันใหม่มาพระพุทธเจ้ากับสาวกทั้งปวงมา  ทีนี้ เมื่อพระเจ้าพิมพิสารหลั่งน้ำทักษิโณทก คือพระพุทธเจ้านั่งอยู่กับที่ แล้วภิกษุทั้งหลายมา แล้วพระเจ้าพิมพิสารหลั่งน้ำทักษิโณทก น้ำทักษิโณทกนะ ทักษิณโณทกแปลว่า  น้ำสำหรับการทำทาน  น้ำสำหรับการทำทานนะ  คือน้ำเพื่อที่จะทำทั้งหมดทั้งมวลเกี่ยวกับการทำทาน  คือการให้นั่นเอง  น้ำอะไรได้ชื่อว่าทักษิโณทกบ้าง น้ำล้างมือ  น้ำล้างเท้า น้ำดื่ม น้ำล้างหน้า น้ำบ้วนปาก คือทั้งหมดเลยที่เรียกว่าทักษิณโณทก  ทีนี้พระเจ้าพิมพิสารหลั่งน้ำทักษิโณทก  หลั่งยังไง  พระพุทธเจ้าล้างมือ ล้างมือ  พระพุทธเจ้าเสด็จไปแล้วก็ต้องล้างเท้า  เพราะพระองค์ไม่มีรองเท้า  พูดง่าย ๆ ก็คือม่ใส่รองเท้าเนี่ย  เข้าไปในบ้าน  การเข้าไปในบ้าน  การเข้าไปในพระราชวัง จึงจำเป็นต้องล้างเท้า ก่อนทานอาหารคือฉันท์น่ะ  จำเป็นต้องล้างมือ  ฉันท์เสร็จเพราะไม่มีช้อน  จึงต้องล้างมือนะ  นี่คือสิ่งที่เรียกว่าทักษิณโณอันจำเป็น  พอพระเจ้าพิมพิสารล้างเท้าด้วย หลั่งน้ำทักษิโณทก ล้างมือด้วย  หลั่งน้ำทักษิโณทก ปรากฏว่าน้ำชำระมือชำระเท้าเหล่านี้  ปรากฏเป็นสระอโนดาต  ให้เปรตทั้งหลายได้ใช้ดื่ม  ได้ใช้อาบ   นี่คือน้ำล้างนะนี่  น้ำล้างมือล้างเท้าที่พระเจ้าพิมพิสาร หลั่งออกไป เขาเรียกว่า น้ำทักษิโณทก  เมื่อพระเจ้าพิมพิสารถวายอาหาร  ถวายอาหาร  อาหารได้ปรากฏกับ เปรตทั้งหลาย  เมื่อพระเจ้าพิมพิสารได้ถวายผ้า  ผ้าอันเป็นที่ปรากฏแก่เปรตทั้งหลาย  เมื่อพระเจ้าพิมพิสารถวายน้ำ  เนี่ยถวายน้ำประปากด  นี่คือสิ่งที่เรียกว่าพระเจ้าพิมพิสารได้ทำ  พระเจ้าพิมพิสารทำยังไง  พระเจ้าพิมพิสารก็คิดไปว่า บุญนี้ จงสำเร็จแก่เปรตที่เป็นญาติของตัวเอง  บุญนี้ จงสำเร็จแก่เปรตที่เป็นญาติของข้าพเจ้า ทำอย่างนี้ไปเรื่อย ๆ จนกว่าจะล้างมือเสร็จ จนกว่าจะล้างเท้าเสร็จ ถวายอาหาร  บุญนี้ให้แก่เปรตที่เป็นญาติของข้าพเจ้า  อย่างนี้จนเสร็จเรียบร้อย  พระพุทธเจ้าก็อนุโมทนา  ทรงอนุโมทนาว่ายังไง ทรงอนุโมทนาว่า ""ยะถา วาริวะหา ปูรา ปะริปูเรนติ สาคะรัง เอวะเมวะ อิโต ทินนัง เปตานัง อุปะกัปปะติ""  สองบรรทัดนี้และ นี่คือคำอนุโมทนาของพระพุทธเจ้าอนุโมทนา  แปลว่า ห้วงน้ำที่เต็มแล้วฉันใดย่อมยังสมุทรสาครให้เต็มได้ด้วยฉะนั้น  ทานที่ให้แล้ว  ย่อมสำเร็จแก่ ทานที่ให้แล้ว อุทิศ ทานที่ให้ แล้ว อุทิศย่อมสำเร็จแก่บุคคลผู้ล่วงลับไปแล้วฉันนั้นเหมือนกัน นี่คือคำอนุโมทนาที่พระพุทธเจ้าอนุโมทนา  
อิจฉิตัง ปัตถิตัง ตุมหัง ขิปปะเมวะ สะมิชฌะตุ  มาใหม่อันนี้ไม่เกี่ยว สูตรนี้ไม่เกี่ยว สูตรนี้เป็นคนละสูตรกัน
ไม่ใช่คิดขึ้นมาใหม่  เขาใช้สูตรอื่น  เอามาต่อจนเป็นคำสวดของพระทุกวันเนี่ยเอามาสวดกัน แล้วพวกเราก็เข้าใจว่ายะถาให้ผี  พอสัพพีและก็ให้คน  
สัพพีติโย วิวัชชันตุ  สัพพะโรโค  วินัสสะตุ มา เต ภะวัต วันตะราโย สุขี ทีฆายุโก ภะวะ
อันนี้ก็มาอีกสูตรหนึ่ง  จัตตาโร ธัมมาวัฑฒันติ อายุ วัณโน สุขัง พลัง ก็มาอีกสูตรหนึ่ง  เอามาต่อกันให้เป็นสูตรในการอนุโมทนาของพระทุกวันนี้
สูตรแรกเนี่ย ""ยะถา วาริวะหา มาในกิโลโกทสูตร"" มาตรงนี้จริงๆ นี่คือสิ่งที่พวกเรารับเอามา  แล้วทีนี้วิธีการทำก็คือทำแบบนี้ว่า เวลาเราให้ เขาเรียกว่า ""บุญกิริยาวัตถุ"" ให้เนี่ยเขาเรียกอะไร  ทานะมัย ให้ของนะ  ของเนี่ยอย่างเช่น นี่มือคนรับ นี่มือคนให้ เวลาเราค่อยให้ของ  เวลาให้ ต้องให้เงี้ยนะ ให้และก็อุทิศบุญอย่างงี้  กิริยาแห่งการให้เนี่ย  เขาเรียกว่าทานะมัย เวลาเราไปทำทานกับพระ จึงจำเป็นต้องอุทิศบุญ ในขณะที่ให้  บุญกิริยาวัตถุ มีอยู่ 3 ก็มี ทาน, ศีล ภาวนา,  ทานะมัย, ศีลนะมัย, ภาวนา นะมัย  แต่ทานะมัยเป็นบุญกิริยาวัตถุ ที่อุทิศบุญได้ง่ายที่สุด พระพุทธเจ้าไม่เคยสอนหรือว่าไม่กล่าวว่า เวลารักษาศีลและอุทิศบุญให้ใคร ภาวนาและอุทิศบุญให้ใครเป็นเพียงแต่ว่ากิริยาเหล่านั้น เป็นบุญกิริยาวัตถุ เวลาทำทานเท่านั้นที่พระพุทธเจ้า พระองค์สอนให้คนได้อุทิศ เพราะฉะนั้นบุญที่เกิดจากการทำทาน อุทิศได้ง่ายที่สุด บุคคลผู้รับจะรับได้ง่ายที่สุด ไม่เหมือนการรักษาศีล  ไม่เหมือนการภาวนา  ที่นี่บุญกิริยาวัตถุ เนี่ยคืออะไร เหมือนพระเจ้าพิมสารได้ล้างมือให้พระองค์  ได้ล้างเท้าให้พระองค์ หรือว่า หลั่งน้ำ ทักษิโณทกเหล่านั้นให้พระองค์  รินน้ำอันเป็นน้ำดื่มให้พระองค์ เหมือนใส่แก้ว ใส่บาตร ให้พระองค์ ก็ชื่อว่าน้ำ ทักษิโณทก  อย่างนี้นะฮะ  เพราะฉะนั้นเอง เวลาเราอุทิศบุญเราจะต้องทำการอุทิศ ในขณะที่เราได้ให้  คือทำทานะมัยตอนนั้นน่ะ  ถ้าไปวางไว้ในมือเนี่ย วางอย่างเนี่ย ยังไม่ถือว่าเป็นบุญ  มีมือคนให้ และมีมือคนรับ วางอย่างเนี่ย ยังไม่ถือว่าเป็นการให้ บุคคลผู้ให้เนี่ย ยังสามารถเอาออกจากนี้ได้อยู่ เข้าใจไหม เวลาจะอุทิศบุญ ต้องให้ พอให้ จะ ปรากฏเป็นทานะมัย ทานะมัยอย่างเงี้ย สำเร็จปรากฏเป็นบุญ สำหรับบุคคลผู้ให้ เข้าใจ เนี่ยฝั่งผู้ให้ เพราะฉะนั้น ทานอย่างนี้ปุ๊บ บุคคลผู้ให้จะมีบุญ คือจะได้บุญ บุญนี้จะให้ใคร ให้อุทิศในขณะนั้น  เข้าใจไหม เหมือนพระเจ้าพิมพิ สาร ถวายผ้า อุทิศบุญว่า บุญนี้ จงให้แก่ เปรต ที่เป็นญาติ เหมือนพระเจ้าพิมพิสาร ถวายอาหารตอนนั้น และตักอาหารใส่บาตรของพระพุทธเจ้า อุทิศบุญว่าบุญนี้ให้ญาติของข้าพเจ้าเนี่ย เราก็ให้ทำแบบเดียวกัน นี่คือวิธีการที่ถูกต้องที่สุด  อุทิศบุญในใจเหรอ อันนี้ก็ไม่เกี่ยว  อุทิศบุญด้วยน้ำ คือต้องกรวดน้ำ แล้วค่อยได้บุญไหม อันนี้ก็ไม่ เกี่ยว  พระสงฆ์ต้องสวดก่อนถึงจะได้บุญหรือ  ไม่เกี่ยว จะให้เป็นสื่อหรือ  ไม่เกี่ยว  วิธีการที่ถูกต้อง และทำแค่เนี่ย เขาเรียกว่า ทานะมัย  ทานะมัย แล้วเป็นบุญ  เราแค่เจาะจง  บุญที่ได้จะเกิดจากการทานะมัยเนี่ยนะ ให้ใคร  แล้วบุญนั้น จะสำเร็จแก่เขาเหล่านั้น  เข้าใจมั้ย  ",00.08.05,00.33.45
,แล้วเราให้กับคนที่ยังมีชีวิตอยู่ก็ได้ใช่ไหมค่ะ,หมายความว่าอุทิศบุญให้คนมีชีวิตอยู่นะได้เหมือนกัน,00.33.46,00.33.57
,จำเป็นต้องเสียชีวิตไปแล้ว,"ใช่ อย่างเช่น อุทิศบุญ ให้คนมีชีวิตเนี่ย บุญเหล่านี้ สามารถสำเร็จประโยชน์ เขาหมายความว่าอย่างเงี้ย คือเขาให้น่ะ หมายความว่าเราให้น่ะมันได้ แต่มันจะสำเร็จประโยชน์กับเขาตอนนั้นหรือเปล่าก็ไม่แน่ใจ คือไม่เหมือนกับเปรตที่เป็นญาติพระเจ้าพิมพิสารนะ เปรตที่เป็นญาติพระเจ้าพิมพิสาร บำรุงอยู่ได้ด้วยอัตภาพ ที่อัตคัดแร้นแค้น เพราะความที่ว่าไม่มีบุญใช่มั้ยล่ะ พระเจ้าพิมพิสาร อุทิศบุญให้ ปุ๊บ น้ำปรากฏแก่เขาเหล่านั้น  ผ้าปรากฎแก่เขาเหล่านั้น อาหารปรากฏแก่เขาเหล่านั้น  เป็นผู้มีผิวพรรณผ่องใสขึ้นมาทันทีตอนนั้น  ที่นี่สำหรับมนุษย์มันไม่สามารถปรากฏ ได้ขนาดนั้น  บุคคลผู้ทำบุญอย่างนี้  บุญจะไปปรากฏอยู่บนสวรรค์ รอเขาอยู่ เป็นสิ่งที่พระโมคลานะท่านเห็น พระพุทธเจ้า พระองค์ก็ได้เฉลยวิสัชนาไว้ว่า บุคคลผู้ทำทานเอาไว้เนี่ย จะปรากฏเป็นสมบัติทิพย์  ปรากฏเป็นวิมานอยู่บนสวรรค์ รออะไรเงี้ย  ถ้าไม่อุทิศบุญ บุญเนี่ย ก็จะรอเราอยู่บนสวรรค์เหมือนกัน  แล้วอุทิศบุญให้คนอื่น คนเป็น เนี่ย ยังไม่ล่วงลับไปแล้วนะ บุญเหล่านั้น ก็จะไปรอเขาอยู่เหมือนกัน คือเนี่ยนะ  จะไม่เหมือนกับเหล่า เปรต ผี ปีศาจ ที่ได้รับบุญ  แต่ เปรต ผี ปีศาจ ที่ได้รับบุญ  เมื่อบุญสำเร็จผลกับเขาปุ๊บ มันจะปรากฏเป็นสมบัติทิพย์ให้เขาเหล่านั้นได้เลย  ของที่ให้เนี่ย อย่างเช่นถ้าให้กับพระพุทธเจ้า พระองค์ก็จะได้ดื่ม  นี่คือของที่ได้สำหรับพระองค์ใช่ไหม
หรือว่า ข้าวของเครื่องใช้ อันเป็นสิ่งที่เราให้กับ บุคคลผู้เป็นญาติที่ยังไม่ล่วงลับไปเนี่ย ให้กับญาติ ให้กับพ่อแม่ พี่น้อง ให้กับลูกหลาน เขาก็จะได้ใช้ข้าวของใช่ไหม เขาได้ใช้ของเนี่ย
บุญเนี่ยมันเป็น นามธรรม อย่างหนึ่ง  เขาเรียกว่า ปุน ยา ภิ สังขาร ก็ว่าได้ เอา สังขาร อันเป็นองค์ประกอบจาก บุญ ตรงนี้ หนึ่งเกิดจาก จิตใจเลื่อมใสศรัทธา เกิดจากเมตตา เกิดจากการให้ ปลดปล่อย ความตระหนี่ อะไรประมาณนี้ ออกไป จิตของบุคคลนี้ประกอบเป็นบุญ ปรากฎอยู่บนสวรรค์ นี่คือ ""นามธรรม"" ล้วนๆ แล้วก็สำเร็จประโยชน์ กับเหล่าาชาวทิพย์เสียส่วนใหญ่  ส่วนมนุษย์ ถ้ามนุษย์จะใช้ได้ไหม ใช้ได้เหมือนกัน  เคยมีเรื่องราว เอ่อ มีเรื่องราวในสมัยพุทธกาลหรือว่า  หรือเปล่าไม่น่าจะใช่ มีเรื่องราวประมาณนี้ว่า ""ครั้งหนึ่ง คนโดยสารเรือไปด้วยกัน เรือแตก หมายความว่า เจอพายุ เจออะไร เรือแตก อยู่กลางกลางท้องทะเล พอเรือแตกจะมีนางเมขลา เป็นเทวดานี้แหละผู้อยู่แถวๆท้องสมุทร นะจะช่วยคนทั้งหลายเนี่ย ให้พ้นไปจากภัยตรงเนี้ย ทีนี้เวลาจะช่วย  ทำไมถึงต้องช่วย  เพราะคนเหล่านี้เขามีบุญพอจะช่วยได้  เหล่าชาวทิพย์เหล่านี้ เขาสามารถช่วยได้ แต่มันก็ขึ้นอยู่กับว่าคน เหล่านั้น อะ มีบุญหรือเปล่า ปรากฏว่ามีคนหนึ่งเนี่ยไม่มีบุญพอที่จะให้ช่วย จะช่วยยังไง ก็ช่วยไม่ได้ บุคคลผู้เป็นๆ อยู่เนี่ย เหมือนกัน  ถามว่าถ้าหากอุทิศบุญให้เขา จะสามารถ ได้รับการช่วยเหลือด้วยได้ไหม  นางนี้ก็ตอบว่าได้ จึงเกิดการ อุทิศบุญให้กันตอนนั้นน่ะ แล้วก็ช่วยได้เหมือนกัน""
นี่คือเรื่องราวที่เป็นสิ่งที่เรียกว่า บุญ สำเร็จแล้ว จะสามารถให้บุคคลพ้นภัยได้ จะเป็นทำนองนี้ ซึ่งเราอุทิศบุญตอนเนี้ย อุทิศบุญได้ คือคนเป็นอุทิศบุญได้ แต่บุญจะสำเร็จประโยชน์ตอนไหน เป็นอีกเรื่องนึง  ในคราวนั้นน่ะ สำเร็จ ประโยชน์เฉพาะหน้าเลย  หมายความว่า เพราะไม่มีบุญอาจจะไม่รอดจาก ภัยที่ชื่อว่าเรือแตก ตอนนี้ได้ แต่พอ ได้รับบุญ  ผลบุญตอนนั้นปุ๊บ พ้นภัยทันที อย่างเงี้ย นี่คือสำเร็จประโยชน์ในขณะนั้น ส่วนเรา ๆ เนี่ยอาจจะต้อง อุทิศ บุญ ขนาดไหนก็ตามนี่ อาจจะต้องไปรอโน้นแหละ จบชีวิตไปแล้ว  ถึงจะไปใช้บุญนั้น แต่ก็สำเร็จกับเขา เหล่านั้น เหมือนกัน  ",00.34.03,00.38.52
,แต่ถ้าเกิดเรามีเหตุอะไรนะคะเขาก็มาช่วยเราเหมือนกันใช่ไหมคะเพราะเราเคยให้เขาใช่ไหมค่ะ,"ได้, ใช่  เรื่องราวเหล่านี้มีหลายๆอย่างแม้กระทั่ง  แม้กระทั่งตัวพระเองตัว  พระอินทร์เนี่ย  พระองค์เคยเป็นมานพ  เคยเป็นมานพ  มีเพื่อนช่วยกันทำศาลา ขุดบ่อน้ำ  ถากถนนหนทาง อะไรเงี้ย จนบุญเนี่ย สำเร็จประโยชน์  คือทำให้เกิดเป็น พระอินทร์  เป็นหัวหน้าเขาเหล่านั้น ที่นี่บุญเนี่ย ถ้าจะเปรียบกับบุคคลผู้ทำทานในพระพุทธเจ้า ถวายทานในสงฆ์ สาวกของพระองค์นี่  ไม่สามารถเปรียบได้  เมื่อพระพุทธเจ้า อุบัติขึ้นปุ๊บ มีคนทั้งหลายเนี่ย ทำทานกับพระองค์ แล้วไป เกิดอยู่บนชั้นดาวดึงส์  พร้อมกันกับพระอินทร์ ปรากฏว่ารัศมีของเขาเหล่านั้นนะ กลบพระอินทร์หมดเลย  พระอินทร์ก็เลยเดือดเนื้อร้อนใจเลยทีนี้  พอพระองค์เกิดเป็นพระอินทร์ได้  ไม่ได้ทำบุญทำทานกับพระพุทธเจ้า พูดง่ายๆ ทีนี้ก็เลยเดือดเนื้อร้อนใจ ใจจะขาดแล้ว ก็ต้องลงมาหาทำทาน  ทำบุญ เมื่อเห็นพระสารีบุตร ออกจาก นิโรธ สมาบัติพานาง แปลงมาเป็นคนแก่ ๆ ทอผ้าทอหูกอยู่ ตัวเองก็เป็นเฒ่าแก่ ๆ คนหนึ่ง อยู่ในบ้าน 2 ตายาย เนี่ยนะ พอ พระสารีบุตร  เห็นก็คิดจะไปโปรดซะหน่อย พอเห็น 2 ตายาย เฒ่าอยู่ ในบ้าน คิดจะไปโประพระอินทร์ก็เลย ได้ที่ถวาย อาหารขึ้นมา ถวายนะ บิณฑบาตรกับพระสารีบุตร  ทีนี้พอคราวหลัง ถวายเสร็จเรียบร้อยแล้วนะ ได้บุญเรียบร้อย แล้วนะ พระสารีบุตรมารู้ทีหลัง  ก็เลยตำหนิพระอินทร์ไป  ท่านไปแย่งบุญชาวบ้านเขา ประมาณว่าแทนที่ ใช่ ชาวบ้านเขาตกทุกข์ได้ยากกว่าเนาะ   ใช่ พระอินทร์ เป็นถึงพระอินทร์มาแย่งบุญเขาอย่างเงี้ย พระสารีบุตรตำหนิเลย  ระดับ พระสารีบุตรเนี่ย ยังไม่เห็นเป็นพระอินทร์ก่อนหรือยังไง  นี่คือบุญ หรืออีกหลายๆ เรื่อง มีคฤหัสถ์ ญาติโยม ไปทำทาน กับ ภิกษุผู้ทุศีล มีเปรตเนี่ย รอรับบุญอยู่ โยมก็ถวายอาหาร ถวายบิณฑบาต กับ พระนี่แหละ แต่ เนื่องจากว่า พระ เป็น ผู้ทุศีล ปรากฏว่า บุญ เนี่ย ไม่สำเร็จประโยชน์กับเปรตนะ กับ เปรตนางนั้น  เปรตนางนั้นก็ตำหนิพระ  พระนี่ปล้นบุญเรา แต่แทนที่จะประพฤติ ปฏิบัติตัวให้ดี กลับกลายเป็นบุคคลผู้ทุศีลอย่างเงี้ย  ไม่สำรวมในพระปาติโมกข์ อย่างนี้  บุญ ไม่สำเร็จประโยชน์กับเนี้ย คือจะอุทิศบุญขนาดไหนก็ตาม แต่เนื่องจากว่ามันเป็นบาป อย่างเงี้ย  มันก็ไม่ได้รับผลเป็นบุญอย่างเงี้ย  ตำหนิพระ  นี่ก็เป็นอีกเรื่องนึงที่เลือก  จำเป็นต้องเลือก  เลือกบุคคลผู้ รับทาน  อีกหลาย ๆเรื่องนะ  เรื่องการทำบุญทำทาน แล้วก็เป็นแบบนั้นจริงๆ ที่นี่ บุคคลผู้เกี่ยวข้องกับเรา ที่จะ สามารถรับบุญได้มีใครบ้าง  
1. ญาติ บุคคลผู้ล่วงลับไปแล้ว อันเป็นญาติเรา  ไม่ว่าจะเป็นปู่ย่าตายาย รุ่นทวด รุ่นก่อนทวดอีกนะ เยอะแยะ มากมาย คนเหล่านี้มีอยู่  แล้วก็ไม่สามารถนับได้  คือเราจะอุทิศบุญตลอด 100 ปีเนี่ย ก็ไม่สามารถนับได้เลยว่าเรามีญาติเท่าไหร่  ขนาดญาติของเราเนี่ยที่มองเห็นกันอยู่เนี่ยใช่ไหม ปู่ยา ตายาย เห็นได้  ลูกหลานเหลนเห็นได้  แล้วถ้าเป็นลูกหลานเหลนของปู่ย่าเหล่านั้นอะ  ปู่ย่าตายายของปู่เลยนะเนี่ย  ปู่ของปู่แล้วเนี่ยใช่ไหมล่ะ มันยืดยาว ไม่รู้เรา ดำรงวงศ์สกุล ตระกูลไหน  ตั้งแต่สมัยพุทธกาลเนี่ย ถ้านับตั้งแต่สมัยพุทธกาล คือ 2,564 ปีก่อนเนี่ย ไม่รู้เราไปอยู่ ตรงไหนใช่ไหม ปู่ย่าตายายของเรา รุ่นนั้นก็มี  แต่เนื่องจากว่ามันลบเลือนไปหมดแล้ว เราเลยไม่รู้ว่าเรามาจากไหน อะไรยังไงกันแน่  แค่นับแค่นี้ก็ยังไม่หวาดไม่ไหวแล้ว  เพราะฉะนั้น มันจึงเยอะ คือญาติมันจึงเยอะ บุคคลที่ เกี่ยวข้องกับเรา  อันเป็นบุคคลผู้ล่วงลับไปแล้วเนี่ย ญาติเป็นกลุ่มหนึ่ง  เทวดารักษาอย่างนี้  เทวดารักษาเป็นสิ่งที่เอ่อ  พวกเรามีอยู่กันโดยปกติ  เมื่อความที่ว่า ท้าวจตุโลกบาล ทั้ง 4 เนี่ย มีหน้าที่คุ้มครอง ปกปักรักษา เขาเรียกว่าคุ้มครองโลกนี้  ดูแล เพราะเป็นบุคคล หรือว่าเป็นผู้ที่อยู่ใกล้ชิดโลกที่สุด จึงมีหน้าที่คุ้มครองโลก  การคุ้มครองโลกจำเป็นต้องคุ้มครองสัตว์โลก สัตว์โลกเนี่ยคือมนุษย์  มนุษย์ถูกคุ้มครองปกปักรักษาจาก ท้าวจตุโลกบาล ด้วยการมีเทวดามาคอยรักษา  เทวดารักษาเหล่านี้มาจากไหน  ก็เป็นญาติเราอีกเหมือนเดิมนั่นแหละ นะเป็นญาติเราอยู่เหมือนเดิม  เป็นเพียงแต่ว่าเป็นผู้มีหน้าที่โดยตรงในการดูแลรักษานี้  คือกลุ่มเทวดารักษา หรือไม่ใช่กลุ่มนี้โดยตรงแต่คือญาติ  อย่างเช่น รุกขเทวดา เทวดาสถิตบ้าน สถิตพื้นดิน สถิตอากาศ สถิตอยู่รอบๆ บ้านเรา เมื่อเราไปอยู่บ้านนั้น ที่นั้นๆ พื้นที่นั้นๆ เขามีหน้าที่คอยดูแลรักษาเราเหมือนกัน  ด้วยความที่เป็นญาติ  ด้วยความที่ว่าต้องดูแลปกปักรักษาอะไรประมาณนี้มนุษย์ เขาก็มีหน้าที่ดูแลรักษาเหมือนกัน  อีกจำพวกหนึ่ง เขาเรียกว่ากลุ่มนายเวร คือ อมนุษย์ เปรต ผี ปิศาจ  ที่เป็นกลุ่มนายเวร  นายเวรอันเป็นชาวทิพย์เหล่านี้ ก็ตามรังควาน ตามก่อกวน ตามทำร้าย ตาม เบียดเบียนเราเนี่ย  ไม่ได้แตกต่างอะไรกันกับคนทั่วๆไป ที่โกรธแค้นกันเนี่ย
3 ประเภทนี้มีอยู่กับมนุษย์ กับเราเนี่ย  ทีนี้การอุทิศบุญ ก็ให้อุทิศ เหมือนกับพระเจ้าพิมพิสารทำนั่นแหละ  ทำบุญ กิริยาวัตถุ  อุทิศบุญตอนนั้น บุญนี้ให้ญาติของข้าพเจ้า ทำทานก็ว่า บุญกิริยาวัตถุ อุทิศบุญให้เทวดาที่รักษา ข้าพเจ้า ทำทานอันเป็นบุญกิริยาวัตถุ  ก็ให้อุทิศบุญในขณะนั้นว่า บุญนี้ให้นายเวรของข้าพเจ้า แล้วจะสำเร็จประโยชน์ คือสำเร็จแก่เขาเหล่านั้น  ตามที่พุทธเจ้า พระองค์ทรงอนุโมทนา หรือว่าทรงแสดงออกมา  ในบทคำว่า ""ยะถา วาริวะหา ปุรา ปะริปูเรนติ สาคะรัง""",00.38.53,00.46.42
,แนะ ยัง อยากจะถามท่านว่า เวลาเราบอกญาติทิพย์เนี่ย พอบอกญาติทิพย์ แค่สมมุติเราอยู่บ้านนะ น้ำแก้วนึงเนี่ย ญาติเรานี่เป็น ล้าน ๆ เลยนะ เขาได้รับหมดทุกท่านไหมค่ะ,"บุคคล ผู้ อยู่ใกล้ได้รับก่อน  ญาติที่อยู่ใกล้เราเนี่ย ได้รับก่อน อยู่ใกล้นะ คือเราต้องเข้าใจว่า วิบากกรรมของเขา เหล่านั้นก็มีอยู่นะ วิบากกรรมทำให้ใกล้ ก็ต้องได้รับใกล้ก่อน วิบากกรรมมันปกปิด เพื่อไม่ให้รับบุญได้ก็เกี่ยวเนี่ยนะบุคคลผู้อยู่ใกล้ได้ก่อน บุคคลผู้มีวิบากกรรมน้อยนิดได้ก่อนอย่างนี้ นี่คือสิ่งที่ได้รับ  ได้ก่อน แล้วทีนี้ เขาเหล่านั้น แม้นเยอะแยะมากมายก็จริง  แต่เราก็ต้องเข้าใจว่าเขามีวิบากกรรม อันเป็นของเขา  ขณะเราอยู่เนี่ยนะยังไม่ สามารถดูแลลูกหลานได้  อยู่โลกเดียวกันแท้ ๆ  เหยียบโลกเดียวกันแท้  ประเทศเดียวกันแท้ๆ ยังไม่รู้ว่าทำอะไรบ้าง เลยอ่ะ  ใครอยู่ใกล้ๆ เราเนี่ย  อยู่บ้านเดียวกัน  นอนหลังเดียวกันเนี่ย  ย่อมได้รับก่อนใช่ไหมล่ะ  ค่อยส่งไปรษณีย์ ไปถึงคนต่างจังหวัด  คนต่างประเทศ อย่างเนี่ยเข้าใจมั้ย ไม่ได้แตกต่างกัน บุญที่ได้รับเหมือนกัน  ทีนี้ทานเนี่ย ทานไหนที่ เรียกว่าทานะมัย  ขึ้นอยู่กับว่า ใจของบุคคลอุทิศเป็นยังไง ทานที่ได้มาเป็นยังไง คือข้าวของเครื่องใช้นะเป็นยังไง บุคคลที่รับทานเป็นยังไง จะได้มากได้น้อย  สำเร็จประโยชน์มากน้อยขึ้นอยู่กับ 3 ปัจจัย  จิตใจของบุคคลผู้ให้, ข้าวของเครื่องใช้ที่ได้มา,  บุคคลผู้รับทานอย่างเงี้ย  ทานที่เรียกว่า มีผลเป็นร้อย มีผลเป็นร้อย คือทานกับสัตว์เดรัจฉาน  ทานกับสัตว์เดรัจฉาน มีผลเป็นร้อย  ทานกับบุคคลผู้อริยะบุคคล คือ โสดาปฏิมัด  หาผล หรือว่าหา อานิสงส์  หาผลอานิสงส์ ประมาณไม่ได้ ญาติทั้งหลาย  อันได้รับบุญจากสิ่งที่เรียกว่า หาค่าประมาณมิได้เนี่ย  ไม่ต้องไปใส่ใจว่า จะมีมากน้อยขนาดไหน อย่างน้อยๆ  อานิสงส์ ทานที่ทำกับ บุคคลผู้ที่ทำแล้ว อานิสงส์นี้แบบหาค่าประมาณมิได้เนี่ย ย่อมสำเร็จผลแก่เขาเหล่านั้นแน่นอน  สัตว์เดรัจฉานมีผลเป็นร้อย  ให้อาหารสุนัข ให้อาหารแมวที่บ้าน  เอาข้าวของเครื่องใช้ไปทิ้งไว้ให้นกกิน ให้กระรอก กระแตกิน โยนเข้าไป มดมันอยู่ตรงนี้ ให้มันกินตรงนี้   อย่าให้มันไปกินใกล้ๆ บ้านเรา อย่างเงี้ย ยังได้ผลเป็นร้อย  เขาเหล่านั้น จะได้หรือไม่ได้ เป็นเรื่องของเขาเหล่านั้น อีกอย่างหนึ่ง เรามีหน้าที่ให้  ถามว่าทำไมถึงกล่าวอย่างนี้  ตาเนี่ย เป็นตาที่เรียกว่าตาเนื้อ ไม่สามารถมองได้ ถ้าจะทำให้มองเห็นได้  ถ้าจะทำให้สามารถรู้ได้ จะต้องทำตาเป็นตานัย หรือว่า ธรรมญาณ ให้ปรากฏกับบุคคล  แต่เนื่องจากว่า ไม่ปรากฏ  เดี๋ยวนี้ได้เอง  พวกเราจึงมีประเพณีธรรมเนียมแตกต่างกัน  โดยที่เรียกว่าสติปัญญาของพวกเราเนี่ยไม่เพียงพอ ต่อการรับรู้รับทราบ เราจึงใช้เฉพาะศรัทธาที่มีอยู่  แต่ศรัทธาที่มีอยู่แม้  เมื่อไม่มีญาณ ก็ตามนะ  ศรัทธาที่มีอยู่ ควรจะศรัทธาตามแบบที่พระพุทธเจ้าทรงบอกกล่าวมา  เพราะฉะนั้นให้เชื่อตามคำสอนว่า  ทานที่ท่านให้ และ อุทิศย่อมสำเร็จแก่บุคคลที่ล่วงลับไปแล้วฉันนั้นเหมือนกัน  เพราะอะไร  ในคราวครั้งนั้นพระเจ้าพิมพิสารถวายทาน  ไม่สามารถมองเห็นได้  คือคราวแรกนะ คราวครั้งที่สองแล้ว ทาน และสามารถมองเห็นได้ด้วย อำนาจของพระพุทธเจ้า พระองค์ทรงบันดาลให้เห็น  พระเจ้าพิมพิสารจึงเห็น จึงปรากฏกับพระองค์ พระองค์จึงสามารถรับรู้รับทราบได้  ในครั้งแรกที่ถวายไม่เห็น เพราะพระองค์ไม่บันดาลให้เห็น  ทีนี้ทุกวันนี้ไม่มีพระพุทธเจ้า  ไม่มีใครไม่มีใครทำให้เห็นได้  เราจำเป็นต้องเชื่อใช่ไหมล่ะ  เชื่อไว้ก่อนว่า  ทานที่ทำให้แล้วอุทิศนี่  ทานที่เราได้ให้แล้วอุทิศ ย่อมสำเร็จแก่บุคคลผู้ล่วงลับไปแล้วฉันนั้นเหมือนกัน",00.46.45,00.51.44
,บางคนยังไม่มีโอกาสมาวัด เขาอยู่บ้านเนี่ย เขาก็ทำทานได้อยู่ ด้วยการที่เขาว่า เอาน้ำพยายามบริการคนในบ้าน เพื่อที่แบบว่า  พี่สงสัยเมื่อวานทำไมตักอาหารให้พี่ คิดไหมกับพี่เล็กอะ ไปกินเมื่อวาน กินกันติชมกันเขาคงไม่รู้หรอก กายของวันไง มันก็พยายามตักซ้ายเลยนี่ซ้าย นี่ขวา พี่เล็กคือทุกครั้งที่ตัก โยมก็อุทิศบุญ สงสัยไหม พี่ไม่สงสัยเพราะว่าพยายามทำทานใช่ไหม  ,"ใช่  เนี่ยเรายังรู้สึกดี  คนให้เนี้ย  ให้ด้วยใจเมตตา ให้ด้วยใจ แม้ว่าเรามีเจตนา ว่าเราจะอุทิศบุญให้ มันจึงปรากฏว่าเป็นความดีนะ อย่างน้อยมีสติ ใน กาย ระลึกไปว่า อ๋อนี่ ทานนี้ให้ใคร ระลึกนะ เนี่ยระลึกไปในกาย หรือยังไง การ ทำทานของตัวเอง มันไม่เหมือนกับการทำร่องรอยแบบไม่รู้เรื่องรู้ราวอะไรเลย พระพุทธเจ้าสอนแค่เรื่อง ทำทาน เนี่ย  ทำให้คนมีสติ  ทำให้คนมีปัญญา  ทำให้คนมีอะไร  เมตตา จิตมีกรุณาที่แสดงออกมา คือทั้งหมดทั้งมวลเนี่ย เป็นพื้นฐานอ่ะ พื้นฐานของการกระทำ ในพุทธศาสนา แต่พวกเราไม่สามารถ ถือเอามาเป็นข้อปฏิบัติได้ ทานนี้ที่เราให้เขาเรียกว่า ทานะมัย ทานที่เราให้  เขาเรียกว่าทานะมัย  ห้ใครก็ตาม  ให้ใครก็ตาม ขนาดขายของนี่ หยิบยื่นวัตถุ ข้าวของเครื่องใช้ให้คนอื่นนะ นี่คือการให้อย่างหนึ่ง  เรารับมาก็คือ การรับมาอย่างนึง คือบุคคลผู้ซื้อเนี่ย ก็ให้ เขา ไม่เข้าใจ ส่วนการให้เนี่ย ของเราก็คือการให้อีกอย่างนึง เหมือนกันเขาเรียกว่า ทานะมัย เหมือนกัน  เพราะฉะนั้น คนขายขออุทิศหนึ่งเวลาให้นะ  บุญนี้  ให้ใครก็ว่ากันไป  เราตักข้าวให้ลูก ให้ลูกไปโรงเรียน เพราะว่าเด็กน้อยเนี่ย ไป โรงเรียนเป็นลูกเรา  ตักข้าวให้ทัพที่หนึ่ง ก็ให้เรียกว่าการให้   ให้นมลูก แม่ต้องให้นมลูก  แม่ให้เพราะว่า แม่ต้องให้ลูกอยู่แล้ว ให้มันบุตรเขา เรียกว่าการให้เรียกว่าทานะมัย  อุทิศบุญ ในขณะให้นั่นแหละ น้ำขวดนึงของพวกเรา 
ทีนี้การทำทานอย่างเงี้ย  เรามีโอกาสทำทานทั้งวันได้  คิดใหม่ก็คือการให้ของเรา  ความรู้ความเข้าใจ ความเห็นของพวกเราเนี่ย  เห็นว่าทานจำเป็นต้องไปให้พิสูจน์เท่านั้น  มันเป็นความคิด ขาดสติปัญญาของพวกเราอย่างสิ้นเชิง
ทานะมัย ไม่จำเป็นต้องให้กับพระอย่างเดียว  ทานะมัยให้กับสัตว์เดรัจฉานก็ได้ ผมก็บอกว่าทานกับสัตว์เดรัจฉาน
มีผลเป็นร้อย  ทานกับบุคคลทั่วไปเนี่ย คือคน ๆ ทั่วไป ปุถุชนคนธรรมดาทั่วไป  ทานกับบุคคล ปฏิบัติ ให้ปราศจาก ราคะ, โทสะ, โมหะ  แต่ สมณะ ชี พราหมณ์ ที่ปฏิบัติตนให้ปราศจาก ราคะ, โทสะ, โมหะ, ทานกับบุคคลผู้ประพฤติ ศีลเนี่ย คือมีศีล  ทานกับบุคคลผู้ปฏิบัติตัวเอง เพื่อให้ถึงความเป็นพระโสดาบรรณ ทานกับบุคคลผู้ปฏิบัติตนเอง ให้ถึงความเป็น ปติถาคามี  ทานกับบุคคล ผู้ปฏิบัติตนให้ถึง อตินาคามี  ทานกับ อนาคามีบุคคล ทานกับบุคคลผู้ ปฏิบัติตนให้ถึงความเป็น พระอรหันต์  ทานกับอรหันต์บุคคล  ทานกับพระปัจเจกพระพุทธเจ้า ทานกับพระพุทธเจ้าท่าน กับสงฆ์สาวกของพระพุทธเจ้า มีพระพุทธเจ้าเป็นประมุขเนี่ย  ทานที่เรียกว่าให้ผลตามลำดับ เพราะฉะนั้น ทานะมัย สามารถให้ได้ ตั้งแต่ความเป็นสัตว์เดรัจฉาน  ยิ่งมาถึงความเป็นภิกษุ  เราจำเป็นต้องเลือกให้ยิ่ง ๆ ขึ้นไป เพื่อทำใจของ ตัวเองให้บริสุทธิ์ พระพุทธเจ้าจึงบอกว่า ศรัทธาใครให้คนนั้น  เพื่อทำวัตถุทานของตัวเองให้บริสุทธิ์  จะต้องไม่ลักขโมยมา  เมื่อไม่ลักขโมยมาแล้ว จะต้องเหมาะสมกับสมณะวิสัย  เข้าใจไหม  คือวัตถุ ข้าวของ เครื่องใช้นี่แหละ ถ้าหากเป็นเครื่องดองของเมา ไม่ควรให้ จะเป็นบาป  ถ้าเป็นวัตถุข้าวของเครื่องใช้  อันเป็นวัตถุ อนามาส สำหรับ ภิกษุ  ก็ไม่ควรให้  ถ้าเป็นวัตถุข้าวของเครื่องใช้ ที่เป็นการทำให้ ภิกษุละเมิดพระวินัยคือไม่เป็นไปตามพระวินัย
จะทำให้เป็นบาป  ยิ่งไม่ควรให้เลือก เลือกบุคคลผู้ที่ควรจะให้  นี่คือสิ่งที่เราจะต้องเลือก  ผลก็จะให้ตามลำดับทานะมัย  เจริญพร",00.51.45,00.57.13
,พระอาจารย์คะ ในกรณีที่ให้ทานกับบุคคลแต่ละกลุ่มเนี่ย มีผลต่างกัน ทีนี้ในการให้กับบุคคลที่อยู่ในกลุ่มเดียวกัน แต่ว่าอย่างสมมุติว่าให้ในปุถุชนยังไม่ถึงขั้นพระอริยะ  ให้ปุถุชนแต่ว่าคนจนๆ คนนึงมีฐานะ อย่างเงี้ยค่ะ อย่างนี้จะ มีผลไหมคะ,ไม่ได้มีผลอะไร  คือให้  ให้เหมือนกัน  นี่คือบุคคลนะ   ไม่ได้มีผลอะไรแตกต่างกัน ถ้าเป็นผู้รักษาศีล ไม่เกี่ยวกับจน หรือว่าไม่จนหรือไม่  ถ้าเป็นเพียงบุคคลคนธรรมดาทั่วไป  ไม่เกี่ยวว่าจนหรือรวย  สัตว์เดรัจฉาน  ไม่เกี่ยวว่าตัวเล็กตัวใหญ่มีผลเท่ากัน อย่างเงี้ย  ในระดับของบุคคลที่กระทำตัวให้ถึงความเป็นโสดาบัน  ไม่เกี่ยวว่าจะจนจะรวย เป็นหญิงเป็นชาย  เป็นเด็กเป็นผู้ใหญ่ เป็นคนแก่ เป็นคนหนุ่มคนสาว ไม่เกี่ยว ได้เท่ากัน หาค่าประมาณมิได้ เพราะฉะนั้นเราให้เนี่ยแค่นั้นเอง พุทธศาสนิกชนควรรู้เอาไว้ แค่นี้เอง ให้ บุญนี้ให้ญาติของข้าพเจ้า บุญนี้ ให้ญาติ  ให้เทวดารักษา ให้นายเวรของข้าพเจ้า แบบนี้ไม่ได้ยากอะไรเลย  ทำแค่นึกในใจวางแล้วก็ว่า  บุญนี้ให้เทวดารักษา ให้นายเวรของข้าพเจ้า ก็วางไปทีละอัน เอามาสักสิบกล่อง  บุญนี้ให้เทวดารักษา ให้นายเวรของข้าพเจ้า บุญนี้ให้ญาติให้เทวดารักษา ให้นายเวรของข้าพเจ้า บุญนี้ให้ญาติให้เทวดารักษา ให้นายเวรของข้าพเจ้า  ทำไปทั้งสิบกล่อง  อย่า ยกเอามาแบบเป็นลัง และแบบยกประเคนทั้งลังอย่างงี้  คนรับก็หนักพอดี  เสียโอกาสอุทิศบุญ ทำไปที่ละอัน ที่ละอันยิ่งดี  เพราะอะไรเจตนาตอนนั้นน่ะ  มันแตกต่างกัน  ถ้าเราทำครั้ง 1 ศรัทธาจะน้อยหน่อย ทำครั้งที่ 2 อาจจะเริ่มปลื้มปิติใจ ใจอิ่มเอิบขึ้นมา  ผลตรงนี้จะแตกต่างกันออกไป ครั้ง 1 /ครั้ง 2 /ครั้ง  3 /ครั้ง 4 /ครั้ง 5 /ครั้ง 6 /ครั้ง 7 /ครั้ง 8 /ครั้ง 9 /ครั้ง 10  ภิกษุมาบินฑบาติ  10 รูป ก็ตักบุญนี้  ให้ญาติ  ให้เทวดารักษา ให้นายเวรของ ข้าพเจ้า บุญนี้  ให้ญาติ  ให้เทวดารักษา ให้นายเวรของ ข้าพเจ้าอย่าง เงี้ย  วางกับข้าวแค่ถุงนึง ก็ว่า บุญนี้  ให้ญาติ  ให้เทวดารักษา ให้นายเวรของ ข้าพเจ้าอย่างนี้  นี้คือสิ่งที่ควรทำ,00.57.13,01.00.05
,เมื่อคืนนี้พี่เข้ามาใหม่นะคะ  คือพระเนี่ยในเมืองส่วนมาก เราถวายอาหารในบาตรเสร็จ ท่านก็จะให้พร ที่นี้นะคะ จริง ๆ มันถูกหรือผิดเจ้าค่ะ,ตรงนี้คุณศาสนิกชนไม่ควรทำ  พระเองก็ไม่ควรทำด้วย  ถามว่าทำไมเวลาคนเขามาใส่บาตรเนี่ย เขานั่งใส่บาตรใช่ไหม  แล้วพระก็ให้พร คำว่าให้พรเนี่ย ให้เข้าใจกันโดยทั่วกัน พุทธศาสนิกชน ไม่ใช่พร คือไม่ใช่พร ที่พวกเราเข้าใจว่า พร พร เราเข้าใจว่ามันจะเกิดการดลบันดาล  มันจะเกิด อายุ วรรณะ สุขะ พละ ให้ตัวเอง ถ้าพระไม่กล่าวออกมาตัวเองจะไม่มีอายุ ไม่มีวรรณะ  ไม่มีสุขะ ไม่มีพละ  เป็นความเข้าใจผิด  ถ้าพระไม่กล่าวออกมา  ตัวเองจะไม่เจริญงอกงาม  ตัวเองจะไม่มีหน้าที่การงานน่ะ  อย่าเข้าใจผิดแบบนี้  อย่าเข้าใจผิด ว่าพระพูดแล้ว จะเป็นไปตามคำพูด พระ  เพราะฉะนั้น คำว่าพร ไม่ใช่แบบนี้ พร แปลว่า อนุญาต หนึ่งคืออนุญาต พรแปลว่าความประเสริฐ ไปอะไรอีก พรแปลว่า ของควรค่าแก่สิ่งที่ควรจะได้รับเนี่ย  แบบนี้  นี่คือคำว่า พร มาจากคำว่า วาระ นี่แหละ วาระแปลว่า ประเสริฐ  พรนี่  ที่นี่ความประเสริฐตรงนี้  ได้มายังไง อย่างเช่น นางวิสาขา ไปขอพรกับพระพุทธเจ้า พระอานันขอพรพระพุทธเจ้า นางผุสดีขอพรกับอย่างนี่นะ   ถามว่า พรนี่ พรอะไร อย่างเช่นนางวิสาขา ได้ไปขอพรพระพุทธเจ้า ว่า พระพุทธเจ้าข้า ข้าพระองค์ขอพร พรอะไร เธออยากได้อะไร ข้าพระองค์ จะถวายผ้าอาบน้ำฝนกับภิกษุ ขอพระองค์อนุญาต พร ข้อนี้เราให้   นี่คือการขอพร ขอคำอนุญาต เข้าใจมั้ย  พระพุทธเจ้าก็อนุญาต  ขอให้ข้าพระองค์อายุยืน ถามว่าจะได้มั้ย  ให้ได้มั้ยอย่างเงี้ย ไม่ได้ คือพรเนี่ย ความเข้าใจคนเราก็ผิดน่ะ พูดง่ายๆ ทีนี้เมื่อเข้าใจผิด อย่างนี้แล้ว เราก็เข้าใจว่าเมื่อ ภิกษุพูดออกมาเนี่ยเราจะได้ นี่ก็เป็นความเข้าใจผิดอย่างหนึ่งนะ  เรามีแต่ความหลงเนี่ย จะได้ยังไง ที่นี่  สิ่งที่ภิกษุทั้งหลายสวดออกไปคืออะไร บท ยะถา มาจาก ติโรกุฑฑสูตร  อิจฉิตัง ปัตถิตัง ตุมหัง ขิปปะเมวะ สะมิชฌตะ สัพเพ ปูเรนตุ สังกัป จันโท ปัณณะระโส ยะถา มะณิ โชติระโส ยะถา มาจากบทที่เมื่อ พระพุทธเจ้าตอนเป็นมานพ  ไปนอนราบให้พระพุทธเจ้าได้เหยียบ  ใครจำได้บ้างเรื่องนี้  ตอนที่พระพุทธเจ้าพยากรณ์ว่า  ท่านจะได้เป็นพระพุทธเจ้าองค์นึง  ในอนาคตการ  จำนามว่า  สัมมนโคดม อ่ะมานพนี่ ตอนนั้นและเทวดาทั้งหลาย  สรรเสริญกันทั่วโลกธาตุว่า  อิจฉิตัง ปัตถิตัง ตุมหัง ขิปปะเมวะ สะมิชฌตะ สัพเพ ปูเรนตุ สังกัป จันโท ปัณณะระโส ยะถา มะณิ โชติระโส ยะถา ความปราถนาใด ๆ ของท่านจงสำเร็จ ตามความปรารถนานั้น เพราะ ปรารถนาจะเป็นพระพุทธเจ้า เข้าใจไหม พระพุทธเจ้าพยากรณ์ออกมาตอนนั้น  จึงเกิดการบันลือสีหนาทออกมา ของเทวดาทั้งหลาย  อิจฉิตัง ปัตถิตัง ตุมหัง ขิปปะเมวะ สะมิชฌตะ สัพเพ ปูเรนตุ สังกัป จันโท ปัณณะระโส ยะถา มะณิ โชติระโส ยะถาเนี่ย  ให้มันสว่างไสว ประดุจดังพระจันทร์วันเพ็ญอย่างนี้ และนี่คือ อีกหนึ่งที่มาในบท ยะถา ที่เขาสวด ๆ กัน สัพพีติโย วิวัชชันตุ  เอออันนี้ก็ต่อกัน ใช่ ต่อกันและ บทว่า จัตตาโร ธัมมา วัฑฒันติ อายุ วัณโณ สุขัง พะลัง  มาจากไหน บทนี่  อะภิวาทะนะสีลิสสะ นิจจัง วุฑฒาปะจายิโน จัตตาโร ธัมวา วัฑฒันติ อายุ วัณโณ สุขัง พะลัง  มาในบทของ  อายุวัฒนกุมาร อายุวัฒนกุมาร จะตายภายใน 7 วัน อ่ะ พูดง่ายๆ คือ กุมานี้เกิดมาแล้วก็ จะต้องตาย  เพราะว่าจะมียักษ์มากิน  ยักษ์ตนนี้ได้รับอนุญาตมา ให้มากิน  แต่เนื่องจากว่า พระพุทธเจ้า ส่งภิกษุ ทั้งหลายไปสวดพระปริต เป็นเครื่อ ป้องกันยักษ์นี้  ยักษ์เนี่ย ด้วยความที่ว่าเกรงกลัวแต่ภิกษุทั้งหลาย ไม่มีโอกาส ตลอด 7 วันเนี่ย ตนเองได้รับอนุญาตมา  เปิดโอกาสให้ 7 วันเนี่ย จะกินแกก็กินเนี่ย  เด๊กนี่จำเป็นต้องถูกจับกิน แต่ภิกษุทั้งหลาย มานั่งล้อมวงกันทำ พระปริต  ป้องกันยักษ์ตนนี้ไม่ให้กิน พอครบกำหนด 7 วัน ปรากฏว่า พ้นการถูกจับกินของยักษ์ ยักษ์ตนนี้มีอายุตั้ง 120 อายุวัฒนกุมาร วันที่ 7 พระพุทธเจ้าเสด็จมานั้นแหละ พระองค์ก็ตรัสว่า  ธรรม ทั้งหลาย 4 ประการ คือ อายุ วรรณะ สุขะ พะละ ย่อมสำเร็จแก่บุคคล ผู้มีปกติ กราบไหว้ อ่อนน้อม ถ่อมตน แก่บุคคลที่มีวุฒ  ผู้มีวัยวุฒิ อยู่เป็นนิจ อย่างเนี่ย พวกเราเอามาสวดกัน  ต่อๆ กัน คนสวดเองก็ไม่รู้ คนสวดก็ไม่รู้นะ คนฟังก็ไม่รู้  ว่ามาจากไหนอะไรยังไง  ขอให้เขาบอกว่า สวด บทนี้เอาไว้ เพื่อที่ไปบิณฑบาตแล้วค่อยสวด เพื่ออยากให้พร  ก็สวดกันไป  ไม่รู้ทีนี้  ทีนี้เมื่อไม่รู้พวกเรามาสวดตอนที่ญาติโยมเขาใส่บาตร พระพุทธเจ้าบัญญัติไว้ว่า ภิกษุ เลยอ่ะ พึงทำความศึกษาไว้ว่า เรายืนอยู่ จักไม่แสดงธรรมแก่บุคคลผู้ไม่เป็นไข้ นั่งอยู่นะ เพราะฉะนั้น ภิกษุยืนอยู่ เปล่าทำ ไม่พึงแสดงธรรมแก่บุคคลผู้ไม่เป็นไข้ นั่งอยู่  ใส่บาตร ใครพะงาบ พะงาบบ้าง  ใส่บาตรเนี่ย ใครป่วยบ้าง นั่งอยู่ด้วยนะ เพราะฉะนั้นไม่พึงแสดงธรรมออกไป เพราะบทเนี่ยเป็นบทที่พระพุทธเจ้าอนุโมทนา เขาเรียกว่าบทธรรม  พวกเราเอามาอนุโมทนา ก็คือการแสดงธรรมนั่นแหละ เพราะคำว่าอนุโมทนาแปลว่า ยินดีในบทอนุโมทนา บทยินดี เมื่อพระเจ้าพิมพิสาร ถวายทาน พระองค์ก็แสดงความยินดีด้วยบทนี้  คือแสดงธรรมออกไป  แสดงความยินดีมาว่าอ๋อ  ห้วงน้ำที่เต็มแล้วฉันใด ย่อมยังสมุทรสาครให้เต็มได้ด้วยฉันนั้น ทานที่ท่านให้และอุทิศ ย่อมสำเร็จแก่ บุคคลผู้ล่วงลับไปแล้วฉันนั้นเหมือนกัน  อภิวาทะนะสีลิสะ นิจจัง วุฑฒาปะจายิโน จัตตาโร ธัมมา วัฑฒันติ อายุ วัณโณ สุขัง พะลัง  เป็นบทธรรมเหมือนกัน ที่กล่าวไว้ว่า  บุคคลผู้มีปกติ กราบไหว้ อ่อนน้อม ถ่อมตน ผู้มีวุฒิอยู่เป็นนิจ  ย่อมเจริญด้วย อายุ วรรณะ สุขะ พละ คือ ย่อมเจริญด้วยธรรม 4 ประการเหล่านี้ คือ อายุ วรรณะ สุขะ พละ นี้คือธรรมที่แสดงออกไป ภิกษุแสดงธรรมแบบไม่รู้ตัว  ไม่รู้ตัวว่าเป็นธรรม นี่ก็คือความผิดอีกอย่างนึงแล้ว ทำไปแบบผิดๆโดยไม่รู้ตัว  นี่ก็เป็นความผิดอีกอย่างนึงแล้ว  ต้องอาบัติ  ทุกๆ ครั้งที่แสดงออกไป  เมื่อมีบุคคลผู้นั่งรับตอนนั้นอ่ะ  เข้าใจไหม  นี่ก็คือผิด  เพราะฉะนั้นแล้ว ภิกษุก็ต้องสำรวมระวัง  ญาติโยมต้องทำให้ถูกต้อง  นี่คือ กรวดน้ำ ที่พวกเราไปบอกว่ารับพร  แล้วพรจริงๆ คืออะไร  ขนาดพระสวดให้ทุกวันนี่ อายุน่ะ  อายุไปไหนหมด สุขะอยู่หรือเปล่า  พละอยู่ที่ไหน  เพราะฉะนั้นพร ทำความเข้าให้ตรง  ให้ถูกต้อง พรที่เรารับมาเนี้ย คือธรรมวินัย  ที่พระองค์ แสดงเอาไว้  ทำความเข้าใจที่ถูกต้อง ประพฤติตามธรรมวินัยให้ดี  สำหรับภิกษุสงฆ์  อย่าได้ส่งเสริมให้ ภิกษุสงฆ์ คือ ญาติโยม  อย่าส่งเสริมให้ทำผิด  เพราะถ้าเราทำแบบนี้ต่อไปเรื่อย ๆ ศาสนาจะถูกทำลายด้วยน้ำมือเรา ถ้าหาก ศาสนาถูกทำร้าย ด้วยน้ำมือเรา แม้ไม่รู้ตัวก็ตาม บาปจะติดตัวกับบุคคลผู้ทำลาย เราก็บอกว่า ไม่เป็นไรใช่ไหมล่ะ ธรรมวินัย โน้นนะ คือไม่เป็นไรนะ  เอาที่สบายใจใช่มั้ยเดียวก็สบายใจ  คือความผิด มันไม่ได้ขึ้นกับสบายใจหรือไม่ สบายใจ  ผิดยังไง ก็ยังเป็นผิด แม้ประคับประโคมกันมา เอาคนทั้งโลกนี่มาแห่ประคับประโคมกัน ว่าถูกต้องแล้ว สบายใจ ความผิดก็ยังเป็นความผิด  สัจจะก็ยังเป็นสัจจะนะ  จะบอกว่าถูก มันก็ไม่สามารถถูกไปได้,01.00.06,01.10.35
,กลับมาเกิด  ก็เป็นแบบนี้เนาะ,ใช่เราเกิดมาแล้วก็เจอยังไงใช่ไหม  ถ้าบอกว่าทำไมมันถึงยาก มันยาก อาตมาอธิบายทั้งวันก็ยังไม่หมด  ถึงความยาก มันไม่เหมือนวิทยาศาสตร์ที่อธิบายได้  ใช่มันยังไม่เห็นผล  ,01.10.40,01.11.10
,พระอาจารย์ค่ะ อันนี้คุณแม่อ้อยค่ะ บอกว่ากราบนมัสการพระอาจารย์ค่ะ สำหรับคนที่ยังมีชีวิตอยู่เราสามารถอุทิศ บุญให้เทวดาที่รักษา กับนายเวร ที่ก่อกวนเขาได้มั้ยค่ะ กราบขอบพระคุณค่ะ ,เราสามารถทำได้ อย่างเช่นบุคคลผู้ยังมีชีวิตอยู่เนี่ยแหละ  มีชีวิตอันเป็นชีวิตที่สุขสบาย  อุทิศบุญให้เทวดารักษาลูกตัวเล็กๆ เกิดมาใหม่ อุทิศบุญให้เทวดารักษาลูก  อุทิศบุญให้ลูกหลาน  อยู่ต่างบ้าน อยู่ต่างจังหวัด อุทิศบุญ ให้นาย เวร อุทิศบุญให้ญาติทิพย์ที่เกี่ยวข้องกับเขาอยู่ตอนนั้นได้  แต่ถ้าหากจะให้ดีนะ สอนให้เขาอุทิศบุญด้วยตัวเอง  เพราะการที่เราทำให้เขา มันจะสำเร็จได้โดยยาก  อย่างเช่น ถ้าบอกว่าให้นายเวรของลูก ของข้าพเจ้า นายเวรจะไม่ ยอมรับได้ง่ายๆ ใช่  เหมือนถ้าอาตมาขัดใจกับคุณน้องนี่  ให้คนอื่นมาเคลียร์ให้อ่ะ โดยอาตมาก็นั่งอยู่บ้านเฉยๆ คนอื่นมาคุยมาเคลียร์เนี่ย ถ้าอาตมาไม่ไปเอง  ถามว่าคุณน้องจะเป็นยังไง  ยังไงก็ไม่ยอมง่ายๆ เพราะฉะนั้น ถ้าเกิดจาก บุคคลนั้น โดยตัวของอาตมาเองจะง่ายคือจะง่าย  หรือแม้ต่อนอนนิ่งอยู่ไม่สามารถนะ  เราสามารถทำได้ อย่างนี้ ถ้า สามารถแนะนำกันได้  ก็แนะนำ บอกกล่าวได้ก็กล่าวตามกำลัง,01.11.12,01.12.49
,คำถามของเฮียชัยนะเจ้าคะ  คือโยมก็ตอบเขาไปแล้วนะ แต่ว่าไม่รู้ว่าสิ่งนี้ถูกหรือเปล่า คือเขาเดินจงกรม  แล้วเขาถามยายวรรณว่า  เขาเดินจงกรม แล้วเขาก็  พุทโธเมนาโถ พระรัตนตรัยนี่ แล้วเขาจะอุทิศบุญเนี่ย  เขาควรจะทำ ก่อนหรือหลัง โยมก็เทียบเคียง กับที่โยมท่อง ธาตุ กรรมฐาน 4  ,จะตอบแบบนี้นะ คนทั้งหลาย หรือว่าญาติโยม ทั้งหลาย ที่ไม่ว่าจะเป็นการทำ การภาวนา ไม่ว่าจะเป็นการรักษาศีล บางคนท่องพุทโธเมนาโถ เจริญสติ บางคนพูดท่องพุทโธเมนาโถ ธัมโมเมนาโถ ท่องสังโฆเมนาโถ คือ ทำการระลึกถึง พระพุทธเจ้า บางคนทำการท่องธาตุกรรมฐาน 4 บางคนทำการพิจารณากาย 6 ขั้นตอน ให้ ทาน แบบนี้  ก่อนทำการเหล่านี้ทั้งหมด  ให้ระลึกถึงพระรัตนตรัย ว่า ขออำนาจ พระพุทธ พระธรรม พระสงฆ์ จงบันดาล บุญ ที่เกิด จากการ ถ้าเราท่อง ธาตุ กรรมฐาน ก็บอกว่า การท่อง ธาตุ กรรมฐาน  ถ้าเรารักษาศีล ก็บอกว่าเกิดจากการรักษาศีล อย่างนี้  ภาวนาอยู่ก็บอกว่า บุญที่เกิดจากการภาวนาของข้าพเจ้า ต่อจากนี้ จงเป็นอาหาร เป็นวิมาน  เป็นน้ำทิพย์ เป็นสมบัติทิพย์  แก่ ญาติ เทวดารักษา นายเวร ของข้าพเจ้า แล้วเราก็ทำการภาวนาไป บุญ ครั้งใดๆ ก็ตามที่เกิด จากการท่องธาตุกรรมฐาน ที่เกิดจากการพิจารณากาย 6 ขั้นตอน ที่เกิดจากการทำความเห็นให้ตรง ที่เกิดจากการ ระลึก พุทโธเมนาโถ จะสำเร็จประโยชน์ เป็นอาหาร เป็นวิมาน เป็นน้ำทิพย์ เป็นสมบัติทิพย์ แก่ ญาติ  เทวดารักษา และก็ นายเวร ของตัวเอง อย่างเนี่ย,01.12.50,01.14.48
,เผื่อให้ลูกได้ไหม,ได้เหมือนกัน  ก็เจาะจงไปว่า  จะให้สำเร็จประโยชน์แก่ใคร เจริญพร นี่คือเรื่องของการทำทาน และในศาสนานี้  เรื่องของศีล  มีเรื่องของการภาวนา  เรื่องของสมาธิ  เรื่องการอบรมจิต  มันก็เป็นพื้นฐาน มาจากทานนี้แหละ  สัมมาทิฐิ  ตัวแรกที่พระองค์บอกว่า ทาน มีผลเนี่ย  ถ้า เราทำ ทาน แบบไม่รู้ เรื่องนะ มันจะไม่สามารถ ยังผลเหล่านั้นให้เกิดขึ้นได้เลย จริงอยู่เกิดจากศรัทธา ใช่มั้ยล่ะ ศรัทธาและทำทาน แล้ว ลองมองดูศาสนาอันเป็นศาสนาก่อนสมัยพุทธกาลซิ คนเรามีศาสนาเยอะแยะมากมาย  ศรัทธาใครแล้ว ก็ให้คนนั้น ใช่มั้ยล่ะ ทาน  ของเขาเหล่านั้น  แน่นอน มีผล แต่เมื่อทานอยู่เรื่อยๆ ก็คลุกคลีกับ สมณะ ชี พราหมณ์ เหล่านั้นอยู่ เรื่อยๆ เขาก็เข้าใจว่า สมณะ ชี พราหมณ์ เหล่านั้น เป็น อริยะบุคคล  เป็นอรหันตบุคคล  เป็นบุคคลที่สามารถทำ นิพพานให้ปรากฏได้แล้ว  ทานเนี่ย ก็จะอยู่กับเขาเหล่านั้น  ถ้าหากไม่ ทาน ให้ถูกต้อง  มันก็อยู่แค่นั้นน่ะ  นี้คือทานนะ  แล้วเรื่องศีลไม่ต้องกล่าวถึง  จิตไม่ต้องกล่าวถึง  ปัญญาไม่ต้องกล่าวถึง  ถ้าหาก ทานถูกบุคคล ศึกษา เรียนรู้ ทำความเข้าใจดี ๆ เรื่อง ทาน แล้วบุคคลคนนั้นแหละที่รับทาน อ่ะ จะเป็นบุคคลพูดบอกกล่าวเอง  เหมือนกับ พระพุทธเจ้า กล่าวว่า บุคคลผู้มีศรัทธาเลื่อมใส ในพระสงฆ์ สาวก  ของพระสัมมาสัมพุทธเจ้า ถวายปัจจัย คือ จตุปัจจัย 4 ไม่ว่าจะเป็น บิณฑบาต ไม่ว่าจะเป็นยาไว้รักษาโรค  ไม่ว่าจะเป็นผ้า  ไม่ว่าจะเป็นอาหาร  หลักฐาน ก็ตาม  ถวายทานให้เขาเหล่านั้นแล้ว ย่อมทำให้ ทาน เหล่านั้น สำเร็จประโยชน์กับบุคคลเหล่านั้น  อย่างเช่น หาก เป็นโสดาปฏิมรรคบุคคลอยู่  คือ ภิสงฆ์ เหล่านั้น  เป็นโสดาปฏิมรรคบุคคลอยู่  เขาก็จะอาศัย จตุปัจจัย 4 เหล่านั้น อะ ในการดำเนินกิจของตัวเอง ให้ถึงความเป็นโสดาบัน พอเขาเหล่านั้นถึงความเป็นโสดาบันปึ๊บ  ธรรมใดๆ ก็ตามที่ เขารู้  ย่อมบอกกล่าวออกมา คือกล่าวกับบุคคลผู้ได้ทำทานกับเขานะ  เข้าใจไหม  นี่คืออานิสงฆ์ของบุคคลผู้ได้ ทำทาน ถูกที่  ทำถูกบุคคล อย่างนี้นะ  เขาเหล่านั้นเมื่อได้ยินได้ฟังธรรม  จะสามารถ ใคร่ครวญ คำนวณ พิจารณา จะสามารถ เห็นทางธรรมของบุคคลผู้รับท่านนั้นอ่ะ ถ้าเป็น ภิกษุก็ตามภิกษุรูปนั้นอย่างเนี่ย นี่คืออานิสงส์ที่เกิดจากการทานด้วยศรัทธา,01.14.50,01.17.55
,สมมุติ บางที ระหว่างวันนี่ เราก็จะมีลืมอ่ะ  ในการที่จะแบบเนี้ย โยมก็เลยใช้วิธี แบบเช้าขึ้นมาปั๊บ โยมก็พนมมือเลย  ขออำนาจ พระพุทธ พระธรรม พระสงฆ์ ในบรรดาบุญทั้งหมด  ที่เป็นกุศลตั้งแต่เช้าวันนี้ ถึงเช้าวันพรุ่งนี้  ที่เป็นกุศลคัดแต่ที่เป็นกุศล  ให้ถึงแก่ ในบรรดาญาติทิพย์  นายเวรช่วยโลกของเรา แล้วก็ไล่ไปทั้งหมดเลย แล้วก็ทำมาอย่างนี่ทุกวันมาเป็นเวลากว่า 10 ปี อันนี้ก็ได้เหมือนกันใช่ไหมคะ,ก็เช้าได้  แล้วมันจะสำเร็จกับเขาเหล่านั้นจริงๆ ,01.17.57,01.18.40
,เพราะเราตั้งจิตแต่เช้าเหรอค่ะ,ใช่ อุทิศบุญทั้งกลางวันและกลางคืน ถูกไหม นี่เรื่องของทานนะนี่  ,01.18.43,01.18.54
,พระอาจารย์ค่ะ โยมนางนอนบอกว่า ขอเรียนถามครับ  ในธาตุกรรมฐาน ทำไมไม่มี อายตนะ หู ตา จมูก ลิ้น กายใจ ในการพิจารณาครับ ,"อ๋อ  เนื่องจากว่า ธาตุกรรมฐานเนี่ย  ต้องการให้พิจารณา โดยความเป็นธาตุ ให้ธาตุ โดยปกติเนี่ย รูปธาตุ คือธาตุ 4 ดิน น้ำ ไฟ ลม อันเป็นรูปธาตุเนี่ยนะ เป็นส่วนประกอบที่เรียกว่า มหาภูตรูป เขาเรียกว่า รูปธาตุ เขาเรียกว่ารูปใหญ่ๆพื้นฐานเค้ามูลเดิมของรูป  เดี๋ยวใหญ่ๆ แล้ว มี 4 คือ ปฐวีธาตุ, อาโปธาตุ, เตโชธาตุ, วาโยธาตุ คือ ธาตุดิน, ธาตุน้ำ, ธาตุไฟ และ ก็ ธาตุลม 4 อย่าง รวมกันเนี่ย  ปรากฏเป็นภาพน้อย ๆ คือภาพที่อาศัย ธาตุ เนี่ยขึ้นมา อย่างเช่นอะไร อย่างเช่นกาย อย่างเช่นอะไร อย่างเช่นหู อย่างเช่นอะไร อย่างเช่นตา อย่างเช่นอะไร อย่างเช่นจมูก อยู่เช่นอะไรอย่างเช่นลิ้น  อันเนี่ย ตา หู จมูก ลิ้น  กาย  เป็นธาตุ ที่อาศัยสิ่งเหล่านี้เกิดขึ้น  อาศัยมหาภูตรูปเนี่ย เมื่อเราพิจารณา ดีๆ เราก็ไม่สามารถ  มองเห็น ตา หู จมูก ลิ้น กาย  คือมองไม่เห็นหรอก  เราจะเห็นความเป็นภูตรูปของมันนี่  อันเป็นธาตุใหญ่ ๆ ของมันเนี่ย คือดิน  คือน้ำ  คือไฟ  คือลม  ในบทพิจารณากาย 6 ขั้นตอน จึงบอกว่า หรือจึงกล่าวไว้ว่า ความกำหนดพิจารณากายนี้ให้เห็นว่า  เป็นแต่เพียงแค่ธาตุ 4 คือ ดิน น้ำ ไฟ ลม  ไม่ใช่เรา  ไม่ใช่ของเรา  เรียกว่า  ธาตุกรรมฐาน นี่คือ ธาตุใหญ่ๆ 4 ธาตุนะ ที่ไม่มีก็เพราะว่า  ตา หู จมูก ลิ้น กาย  เหล่านี้  ไม่ใช่ธาตุ  เป็นเพียงแค่  ธาตุนั่นแหละ  เป็นเพียงรูปอาศัยธาตุเกิดขึ้น  อย่างเช่นรสชาติเนี่ย  มันก็คือสิ่งที่เรียกว่า ธาตุทั้ง 4 ประชุม กันให้เป็นลิ้น และ รับรสชาติได้  ความเปรี้ยว  ลิ้นนี้รับรสชาติยังไงเรารู้ดี  ถ้ามาแต่ที่นิ้ว เปรี้ยวยังไงก็ไม่ปรากฏที่นิ้วใช่ไหม  แต่ถ้าแตะที่ลิ้นนี่  เรารู้รสเปรี้ยวทันที  พอสามารถรับเปรี้ยวได้  เพราะลิ้นนี่สามารถรับเปรี้ยวได้  เขาจึงว่า ชิวหายตนะ เข้าใจเรื่องทานนะ ทานแล้วอุทิศแบบนี้  ทำไปเรื่อย ๆ ",01.18.56,01.21.50
,แล้วบางคนชอบแบบว่า บางที่ก็ตั้งลำนานกว่าจะให้ของชิ้นหนึ่งนะ อธิษฐานนานแล้วเขาวางให้ก็ไม่รู้ว่าพูดหรือเปล่า ถ้าอย่างนี้ก็ไม่ค่อยมีผลใช่ไหมค่ะ,"อย่างนี้ก็ไม่มีผล  คือจริงๆมันอาจ   มันเป็นธรรมเนียมของพวกเรา เขาบอกว่ายกขึ้นจบเนี่ย แล้วอธิษฐานเข้าไป บุญยังไม่สำเร็จ  เพราะอะไร  เพราะ ทานะมัยยังไม่ปรากฏ เข้าใจไหม คือทานนะมัยยังไม่ปรากฏ  เพราะฉะนั้น แม้เรา จะอุทิศบุญยังไงก็ตาม บุญไม่มี  บุญก็จะไม่สามารถสำเร็จกับบุคคลผู้รับบุญได้นะ  คือทำง่ายนะ ไม่จำเป็นต้องอาศัยระยะเวลาอะไรมากมาย  ตั้งใจไว้ว่าจะอุทิศบุญให้ใคร นาย ก นามสกุล ข, นาย ง นามสกุล จ  อย่างเนี่ย  ก็ว่ากันไป เด็กหญิง ป นามสกุล ข ก็ว่ากันไป  ตั้งใจระลึกแบบเนี้ย  ทำความเจตนาไว้ในใจ แล้วก็ทำ ทาน บุญนี่ให้เด็กหญิง ก นามสกุล ข เนี้ยคือทำง่ายๆ ไม่ใช่เรื่องยากอะไรเลย ไม่จำเป็นต้องมีพิธี ไม่จำเป็นต้องจุดธูป  ไม่จำเป็นต้องจุดเทียน ไม่จำเป็นต้องเอาน้ำไปราดที่ไหน ไม่จำเป็น รดอยู่โน้น รดอยู่นี่  ไม่จำเป็นน้ำ  ไม่จำเป็นทุกอย่างเลย วิธีการอยู่ตรงนี้แค่นั้นเอง บุญนี้ให้ใครก็ว่าไป  นี่คือวิธีที่เรียกว่าใช้ปัญญาอย่างเต็มที่แล้ว ไม่ใช่วิธีหรือว่าพิธีการอันเกิดจาก  อะไร ทั้งหมดทั้งมวล  เข้าใจไหม  ศาสนาพุทธสอนเนี่ย ไม่ได้สอนให้ยุ่งยาก  ไม่ได้สอนให้มันเอิกกะเริกเฮฮา  ไม่ได้สอนให้เราจะต้องขลัง จะต้องศักดิ์สิทธิ์ เกิดการดลบันดาลไม่ใช่  แต่ให้เป็นไปตามสัจจะ",01.21.54,01.24.04
,พระอาจารย์ค่ะ  แล้วการให้ ถ้าเอาไปวางให้เฉยๆ คือไม่ได้ ตกอยู่ในมือพระ,เหมือนกัน ได้ เพราะสำเร็จประโยชน์ เขาเรียกว่า ตกเป็นกรรมสิทธิ์ของบุคคลผู้รับ คือขาดสิทธิจากความเป็น เจ้าของจากเรานะ  ขอให้ของน่ะ ขาดจากกรรมสิทธิ์ของตัวเอง เขาเรียกว่าการให้ เราไม่จำเป็นต้องวางใส่มือก็ได้ วางให้ต่อหน้านี้และ แจก ๆ อันนี้ของเธอ ก็อุทิศบุญไป  บุญนี้ให้ญาติ ให้เทวดารักษา ให้นายเวร ผู้ช่วยเหลือโลก ของข้าพเจ้า จนกว่าข้าวของเครื่องใช้จะหมด หมดกรรมสิทธิ์ของตัวเอง ใครเป็นผู้รับใช่ไหมล่ะ เขาก็จะได้เอาไป ไม่จำเป็นต้องรับด้วยมือก็ได้  ขอให้หมดกรรมสิทธิ์ของตัวเอง เขาเรียกว่าใจ ใจเนี่ย หมดความเป็นเจ้าของในวัตถุนั้นอ่ะเข้าใจไหม  ก็ชื่อว่าการให้  ,01.24.06,01.25.05
,พี่เขาสงสัยว่าทำไม ที่อื่น เขาไม่รู้แบบนี้  ทำไม ที่นี่ถึงทราบเรื่องแบบนี้เจ้าค่ะ เพราะเหมือนกับว่าทำมาจนเป็นประเพณี  เป็นธรรมเนียม,"ถ้าจะกล่าวว่าทำไมถึงไม่รู้  หนึ่ง เกิดจากการไม่ศึกษาเรียนรู้, หนึ่งไม่ศึกษาเรียนรู้นะ  สองเกิดจากการถือเอาตาม คนรอบข้าง  คือถือเอาตามความเห็นของคนส่วนใหญ่ โดยไม่ถือเอาตามคำสอนของพระพุทธเจ้า ไม่ถือเอาตาม คัมภีร์ทางพระพุทธศาสนา คือเอาคำพูดของคนส่วนรวมเป็นใหญ่  มันจึงตกเป็นประเพณีของพวกเราทุกวันเนี่ย  แล้วมันบอกกันยากด้วยนะ",01.25.11,1.2607
,บทชยันโต โพธิญาณ อะไรอย่างนี้นะค่ะ  แล้วก็มีคำแปลนี่ก็แบบ อ๋อคือท่านก็สอนให้ปฏิบัติเอง  ว่าฤกษ์ดียามดีมี  จะมีคำแปลใช่ไหมคะ  ในชยันโตเนี่ย ถ้าฤกษ์ดียามดี ทุกสิ่งมันก็จะดี เหมือนเราพูดดีทำดีคิดดีมันก็จะดี จริงๆแล้วท่านก็ไม่ได้สอนว่าให้เรานั่นแหละ คือสอนให้เรา พึ่งตัวเอง ในบทสวดของพระพุทธเจ้า เวลาเราแปลเนี่ย ก็จะเป็น แบบนั้น ใช่ไหม,ใช่ แต่คนพุทธสมัยนี้นะ เขาเข้าใจว่าเวลาสวดแล้ว มันจะขลัง มันจะศักดิ์สิทธิ์ มันก็บันดาลมงคลให้ชีวิต  มันจะเกิดเป็นอิทธิฤทธิ์ ปาฏิหาริย์ มันจะเกิดเป็นความสุขกาย มันจะเกิดเป็นความร่มเย็นสำหรับตัวเอง แต่ไม่ได้มองถึงความ เป็นเนื้อหาที่ตัวเองบทสวด ใช่ แล้วอยู่แค่นี้จริง ๆ นะ สติปัญญาของเรามีอยู่แค่นี่จริงๆ เราอาศัยความรู้สึกแบบไหน การตัดสินใจ  มันจึงไม่ขยับเขยื้อนไปหาอะไร ไปหาปัญญาสักที มีแต่จะถอยลงมา  หาความหลง  และอยู่แค่นั้นจริง ๆ เพราะว่าไม่เคยมา บังคับให้คนพุทธเอาไปสวด คือจริง ๆ เลยนะ  แต่ไม่เคยให้เอาไปสวด  พระองค์ให้จำไว้ แล้วเอาไปปฏิบัติ  ใช่ ไม่ได้เอามาสวด สักแต่ว่าสวดกัน เช้า-ค่ำ เช้า-ค่ำ ใครสวดได้ แล้วจะดี เข้าใจไหม,01.26.10,01.27.48
,ทุกวันนี้โยมรู้สึกว่า  คนที่สวดเนี่ย  มหาจักรพรรดิ หรืออะไรต่างๆ หรือว่าคาถาอะไรต่างๆ เขาก็คิดว่าสมัยก่อนก็ยังได้สวดอยู่  แต่โยมรู้สึกไม่เห็นมีอะไรเปลี่ยนแปลง  แต่โยมพอมาเจอทีนี้  โยมก็ท่องธาตุ ที่อะไรแบบเนี่ย โยมรู้สึกจิตมันเปลี่ยนอ่ะ  ก็เลยจะถามพี่ว่า  พี่สวดเพื่ออะไร  พี่ต้องสวดเพื่ออะไรอะ,อันนี้ก็เหมือนกับว่าเรา ก็ได้ใช้พลังถ้อยคำภาษาที่ดีๆ นะคะ พวกนี้มันก็เป็นสัจธรรมเหมือนกับว่าเรา สรรเสริญ พระพุทธเจ้าหรืออะไรอย่างนี้  มันก็เป็นคำพูดที่ดีๆ ก็จะมีพลังงานดีๆ เกิดขึ้น แต่ว่าถ้าเราไม่ได้นำสู่ไปปฏิบัติอย่างที่พระอาจารย์สอนว่า  ทำทานอะไรอย่างเงี้ย มันก็เป็นเรื่องที่ดีมากๆเลย คือมันเหมือนเป็นพื้นฐานนะคะ ว่าเราควรจะ ต้องมีจิตใจที่จะเผื่อแผ่ให้คนอื่น มีเมตตากับคนอื่น แล้วก็เหมือนเสียสละ  ชำระจิตตัวเอง  ใช่ ๆ กำจัดความตระหนี่ ถี่เหนียว  แล้วมันก็จะทำให้เราอ่อนโยนขึ้น  จิตใจไม่แข็งกระด้าง  อันนี้มันเป็นพื้นฐาน,01.27.50,01.29.07
,,ใช่ได้ถูกต้อง  มันเป็นพื้นฐานในชีวิตประจำวันของพวกเราอยู่แล้ว,,01.29.08
,,ใช่ ที่ควรจะทำ แล้วมันก็จะเกิดให้ ครอบครัวเรามีความสุข  สงบ สังคมก็จะมีความสุข และมีความปรองดอง มีความ รักกัน ใช่ค่ะ เป็นพื้นฐานสำคัญเลย,,01.29.19
,,"นั่นคือ พื้นฐานของชีวิตจริงๆ แต่พวกเรา มาอยู่แค่การสวดกันน่ะนะ  หมายความว่า เราไม่รู้อะไรหรอก ในการสวด หรือว่า ในเนื้อความของที่เราสวด แล้วเราแปลได้ไหม  ถ้าแปลได้ เราก็จะมีใจนี่  ที่รู้สึกไปเองว่า พอสวดแล้วมันจะดีนะกับชีวิต คือมันจะทำความรุ่งเรืองให้ชีวิต เขาบอกว่าเดี๋ยวสวดบทไหน แล้วจะร่ำรวย ก็สวดบทนั้นแหละ ถึงขนาด นายก เขามีคาถาบอกว่า อุ อา กะ สะ นี่มาจากไหน  อุ อา กะ สะ เนี่ย ที่เราบอกว่าหัวใจเศรษฐีเนี่ยนะ ขอให้คนเอาไปสวดๆ ก็จะกลายเป็นเศรษฐีขึ้นมา  เขากล่าวกันแบบนี้นะ  แล้วมองดูชีวิตจริงสิ นะ สวด อยู่ 100 ปี จะรวยได้มั้ย  ถ้าคนเราไม่เอามือ เอาไม้ที่ตัวเองมีเห็นไหม เอาด้วยแรง  เอาสติปัญญา ลงมือปฏิบัติ จะร่ำรวยขึ้นมาได้ยังไง ใช้สติปัญญาขนาดไหน นักธุรกิจแต่ละคน แต่ละคน ใช้ปัญญาของตัวเอง ในการใคร่ครวญ มองดู ด้านธุรกิจ ด้าน เศรษฐกิจเป็นยังไง อะไร ตอนนี้ ความต้องการของผู้บริโภค ความต้องการของผู้อุปโภคบริโภค ใช่มั้ยล่ะ ตอนนี้เขา ขาดอะไร ตอนนี้อะไรดีที่สุด สติปัญญาใคร่ครวญไป เนี่ยเขาจึงสามารถดำเนินชีวิตให้ร่ำรวยได้  มานั่งสวด อุ อา กะ สะ อุ อา กะ สะ อุ อา กะ สะ  กลับไปกลับมาอยู่นี้นะ จ้างก็ไม่รวย แล้วทีนี้มาจริงๆ คือมาในคำสอนคือมาจากคำว่าอะไรละ อุ มาจากคำว่า  อุปสาน อุปทา ใช่ไหม อุทานสัมปทาน, อา มาจาก อารักขะสัมปทาน, กะ มาจาก กัลยาณมิตะตา, สะ มาจาก อะไร สมานัตตะ เอาไปใช้สิ  อย่างเช่นนะ  มีกัลยาณมิตรที่ดีและหากัลยาณมิตรดีๆสิ  ไปหาสิ นักธุรกิจเนี่ยไปหา  ใครเคยทำธุรกิจ  สำเร็จธุรกิจมาแล้ว ไปหา ไปคบใครดีๆ เข้าใจมั้ย  ไม่งั้น ไม่รวยแน่นอน อารักขา สัมปทาน ลองดูสิแน่นอน  ได้มาแล้ว ใช้จ่ายโดยวันนี้เข้าบ่อน  พรุ่งนี้เข้าเทค วันนี้เข้าบาร์  ได้มาทำงานได้ วันละ 500 ลงไปลังหนึ่งเนี่ย ลังหนึ่งหมดไปแล้ว 12 ขวด กี่ร้อย  ลองดูสิแล้วนะ เอาไปใช้เนี่ย อารักขสัมปทาน คือ รักษาทรัพย์ที่หามาได้แล้วเนี่ย ดูแลดีๆ เข้าใจไหม ท่องบทนี้ 100 ปี ยังไงก็ไม่รวย  ที่เขาให้ท่องเอาไว้เพราะว่าต้องการให้เราจำง่ายๆ ไม่ได้ให้พวกเราเอามาท่องทั้งวัน  เข้าใจไหม สวดไว้เนี่ย เป็นบทสวดที่ว่า พอให้มันจำง่าย  เขา เรียกว่า สูตรในการสวด  สูตรในการท่อง  เหมือนกับ ยอดพระกัณพระไตรปิฎก ที่พวกเราเข้าใจกันนี่  นั่นคือสูตรในการสวด  เหมือนเราท่อง ไก่ จิก เด็กตาย บน ปาก โอ่ง เข้าใจใช่ไหม ทำไมต้องท่องแบบนี้  เพราะมันจะจำได้ง่าย ใช่ไหม  แม่อะไร  อักษรอะไรใช่ไหมล่ะ  ไก่ จิก เด็กตาย บน ปาก โอ่ง เนี่ยนะ ทำไมเราต้อง สวดแบบนี้ ท่องแบบนี้ เหมือนกัน  เพื่อให้เกิดการจำ  อุ อา กะ สะ จำไว้ดีๆ เข้าใจไหม ไม่ได้เอามาท่องแล้วมันจะรวยขึ้นมา  บทสวดทีนี้ พวกเราสวดได้ทั้งสูตร  ธรรมจักรกัปปวัตตนสูตร เนี่ย ทั้งสูตร โอ้โหจำได้ดี  แต่พวกเราก็ไม่เอามาปฏิบัตินะ มันก็ ไม่ได้แตกต่างอะไรกัน  เรารู้สึกว่า พอสวดได้แล้ว มันจะเป็นความดีนะ มันจะทำให้เราเจริญรุ่งเรืองในชีวิตประจำวัน แล้วทีนี้ ทุกวันนี้ บทสวด บทสวด ไม่ได้มาในคำสอนเยอะแยะมากมาย เอามาสวดกันที่นี่  ยิ่งเวอร์ใหญ่เลย  ขนาด บทสวดที่มาในคำสอน  อันเป็นสิ่งที่มาจากพระสูตรแล้วนะ  สวดได้ถูกต้อง เป๊ะๆ พวกเราก็เอามาตัด แล้วสวด ตัดแล้วสวดนะ ยังกินจิ  หรือ อะไรล่ะ อย่างเช่น กรณี ยา มา ทู กู กะ เร นะ เนี่ยตัดออก  เอามาท่อนสุดท้ายของมัน คือ ตัดเอามาอย่างนี้แหละ เอาสวดกัน ไม่ได้ทุสวด ทุกอะไรเลย  ตัดแล้วนะนิ  ตัดมาแล้ว ไม่รู้ความหมาย ไม่รู้ความหมายตัดมาแล้ว  เข้าใจว่า สวดแล้วมันจะเป็นสิริมงคลกับชีวิต  แล้วก็รู้สึกดีอย่างเงี้ย รู้สึกดี ไม่ได้เอามาปฏิบัติ อะไรเลย  ก็เป็นการท่องบ่นคาถาไป รู้สึกว่าตัวเองจะรู้สึกดี จะเกิดเป็นสิริมงคลกับชีวิต  ทำให้ชีวิตรุ่งเรือง หน้าที่ การงาน มีอายุยืน  คิดไปเอง เออเอง  ทั้งหมดเลย  แล้วก็อยู่แค่นี้จริง ๆ แล้วคนพุทธจะเป็นยังไงต่อไป นั่นคือความ เสื่อมเสีย สูตรจริงเอาตัด  สวดแบบเรื่อยๆ  สูตรแต่งที่นี่  แต่งแล้วนะ ชัย ยา กะนา กะตา พุทธา เจตวาธานัง ชินบัญชรด้วยนะ  เอามาทุก ๆ พระองค์   สารีบุตร มาขวา พระโมคลาน มาซ้าย  ต่อมาได้อย่างดี  ถ้าเราใช้ปัญญา ในการมองดีนะ พระอริยะสาวกนี่ สถิตจริงหรือ  ถามว่าจะสถิตย์ให้เกิดประโยชน์อะไร พระพุทธเจ้าอยู่ต่อหน้า ยัง บอกว่า  เราก็ได้แต่เป็นเพียง ผู้สอน ผู้บอก  ทางดำเนินเป็นเรื่องของพวกเธอเอง  ความเพียรเป็นเรื่องของพวกเธอเองอย่างเงี้ย พระพุทธเจ้าพระองค์อยู่ต่อหน้า ก็บอกได้แค่นี้ ต่อให้ พระสารีบุตรมาทับบ่าขวาด้วยนะ พระโมคลานะมานั่งทับบ่าซ้ายด้วยนะ คนเราก็ไม่ได้ดีขึ้นอะไร เข้าใจนะ อันนี้ยังบอกว่าให้มาสถิตทุกรูชุมขนเนี่ย เอาเข้าไป คือเอา เข้าไปความคิดของคนจะขนาดไหน  ขนไหนบ้างละในชีวิตประจำวันเนี่ย ทุกขนน่ะ  ขนกับหนังยกเว้นกระดูกนี่น่ะ เนี่ยเคยปัญญาที่พวกเรามีน้อยนิดเหลือเกินนะ จะว่ายังไง  มันเลยไม่เกิดการปฏิบัติ ไม่เกิดการประพฤติ ไม่เกิด ปัญญาเลย ในความเป็นคนพุทธ ทั้งๆ ที่เป็น หัวกะทิกันทั้งนั้นนะ  จะว่ายังไงอ่ะ นี่คือคนพุทธ  เพราะฉะนั้น ศึกษา เรียนรู้ดี ๆ  ทำความเข้าใจว่าเราจะสามารถใช้พระพุทธศาสนา เป็นเครื่องรองรับการประพฤติปฏิบัติ รองรับกาย รองรับใจของตัวเอง  เจริญพร
ขออำนาจ พระพุทธ พระธรรม พระสงฆ์ จงบันดาลบุญที่เกิดจากการฟังพระธรรมเทศนา บุญที่เกิดจากการแสดง พระธรรมเทศนา บุญนี้จงเป็นปัจจัย เพื่อกระทำให้แจ้ง  ซึ่งพระนิพพานของท่านทั้งหลาย บุญนี้จงเป็นอาหาร เป็น วิมาน  เป็นน้ำทิพย์  เป็นสมบัติทิพย์ แก่ท้าวศักกะ  ท้าวจตุโลกบาลทั้ง 4 พระยายมราช และอมนุษย์ทั้งหลาย ที่เป็นญาติ  เทวดารักษา  นายเวรของท่านทั้งหลาย และอมนุษย์ทั้งหลายที่สิงสถิตย์อยู่บริเวณนี้ทั้งหมด เมื่อได้รับบุญ นี้แล้ว จงเป็นสุขใจจากบุญนี้เทอญ ",,01.37.49
