question,answer,start_time,end_time,Unnamed: 4,Unnamed: 5,Unnamed: 6,Unnamed: 7,Unnamed: 8,Unnamed: 9,Unnamed: 10,Unnamed: 11,Unnamed: 12,Unnamed: 13,Unnamed: 14,Unnamed: 15,Unnamed: 16,Unnamed: 17,Unnamed: 18,Unnamed: 19,Unnamed: 20,Unnamed: 21,Unnamed: 22,Unnamed: 23,Unnamed: 24,Unnamed: 25,Unnamed: 26,Unnamed: 27,Unnamed: 28,Unnamed: 29,Unnamed: 30,Unnamed: 31,Unnamed: 32,Unnamed: 33,Unnamed: 34,Unnamed: 35,Unnamed: 36,Unnamed: 37,Unnamed: 38,Unnamed: 39,Unnamed: 40,Unnamed: 41,Unnamed: 42,Unnamed: 43,Unnamed: 44,Unnamed: 45,Unnamed: 46,Unnamed: 47,Unnamed: 48,Unnamed: 49,Unnamed: 50,Unnamed: 51,Unnamed: 52,Unnamed: 53,Unnamed: 54,Unnamed: 55,Unnamed: 56,Unnamed: 57,Unnamed: 58,Unnamed: 59,Unnamed: 60,Unnamed: 61,Unnamed: 62,Unnamed: 63,Unnamed: 64,Unnamed: 65,Unnamed: 66,Unnamed: 67,Unnamed: 68,Unnamed: 69,Unnamed: 70,Unnamed: 71,Unnamed: 72,Unnamed: 73,Unnamed: 74,Unnamed: 75,Unnamed: 76,Unnamed: 77,Unnamed: 78,Unnamed: 79,Unnamed: 80,Unnamed: 81,Unnamed: 82,Unnamed: 83,Unnamed: 84,Unnamed: 85,Unnamed: 86,Unnamed: 87,Unnamed: 88,Unnamed: 89,Unnamed: 90,Unnamed: 91,Unnamed: 92,Unnamed: 93,Unnamed: 94,Unnamed: 95,Unnamed: 96,Unnamed: 97,Unnamed: 98,Unnamed: 99,Unnamed: 100,Unnamed: 101,Unnamed: 102,Unnamed: 103,Unnamed: 104,Unnamed: 105,Unnamed: 106,Unnamed: 107,Unnamed: 108,Unnamed: 109,Unnamed: 110,Unnamed: 111,Unnamed: 112,Unnamed: 113,Unnamed: 114,Unnamed: 115,Unnamed: 116,Unnamed: 117,Unnamed: 118,Unnamed: 119,Unnamed: 120,Unnamed: 121,Unnamed: 122,Unnamed: 123,Unnamed: 124,Unnamed: 125,Unnamed: 126,Unnamed: 127,Unnamed: 128,Unnamed: 129,Unnamed: 130,Unnamed: 131,Unnamed: 132,Unnamed: 133,Unnamed: 134,Unnamed: 135,Unnamed: 136,Unnamed: 137,Unnamed: 138,Unnamed: 139,Unnamed: 140,Unnamed: 141,Unnamed: 142,Unnamed: 143,Unnamed: 144,Unnamed: 145,Unnamed: 146,Unnamed: 147,Unnamed: 148,Unnamed: 149,Unnamed: 150,Unnamed: 151,Unnamed: 152,Unnamed: 153,Unnamed: 154,Unnamed: 155,Unnamed: 156,Unnamed: 157,Unnamed: 158,Unnamed: 159,Unnamed: 160,Unnamed: 161,Unnamed: 162,Unnamed: 163,Unnamed: 164,Unnamed: 165,Unnamed: 166,Unnamed: 167,Unnamed: 168,Unnamed: 169,Unnamed: 170,Unnamed: 171,Unnamed: 172,Unnamed: 173,Unnamed: 174,Unnamed: 175,Unnamed: 176,Unnamed: 177,Unnamed: 178,Unnamed: 179,Unnamed: 180,Unnamed: 181,Unnamed: 182,Unnamed: 183,Unnamed: 184,Unnamed: 185,Unnamed: 186,Unnamed: 187,Unnamed: 188,Unnamed: 189,Unnamed: 190,Unnamed: 191,Unnamed: 192,Unnamed: 193,Unnamed: 194,Unnamed: 195,Unnamed: 196,Unnamed: 197,Unnamed: 198,Unnamed: 199,Unnamed: 200,Unnamed: 201,Unnamed: 202,Unnamed: 203,Unnamed: 204,Unnamed: 205,Unnamed: 206,Unnamed: 207,Unnamed: 208,Unnamed: 209,Unnamed: 210,Unnamed: 211,Unnamed: 212,Unnamed: 213,Unnamed: 214,Unnamed: 215,Unnamed: 216,Unnamed: 217,Unnamed: 218,Unnamed: 219,Unnamed: 220,Unnamed: 221,Unnamed: 222,Unnamed: 223,Unnamed: 224,Unnamed: 225,Unnamed: 226,Unnamed: 227,Unnamed: 228,Unnamed: 229,Unnamed: 230,Unnamed: 231,Unnamed: 232,Unnamed: 233,Unnamed: 234,Unnamed: 235,Unnamed: 236,Unnamed: 237,Unnamed: 238,Unnamed: 239,Unnamed: 240,Unnamed: 241,Unnamed: 242,Unnamed: 243,Unnamed: 244,Unnamed: 245,Unnamed: 246,Unnamed: 247,Unnamed: 248,Unnamed: 249,Unnamed: 250,Unnamed: 251,Unnamed: 252,Unnamed: 253,Unnamed: 254,Unnamed: 255,Unnamed: 256,Unnamed: 257,Unnamed: 258,Unnamed: 259,Unnamed: 260,Unnamed: 261,Unnamed: 262,Unnamed: 263,Unnamed: 264,Unnamed: 265,Unnamed: 266,Unnamed: 267,Unnamed: 268,Unnamed: 269,Unnamed: 270,Unnamed: 271,Unnamed: 272,Unnamed: 273,Unnamed: 274,Unnamed: 275,Unnamed: 276,Unnamed: 277,Unnamed: 278,Unnamed: 279,Unnamed: 280,Unnamed: 281,Unnamed: 282,Unnamed: 283,Unnamed: 284,Unnamed: 285,Unnamed: 286,Unnamed: 287,Unnamed: 288,Unnamed: 289,Unnamed: 290,Unnamed: 291,Unnamed: 292,Unnamed: 293,Unnamed: 294,Unnamed: 295,Unnamed: 296,Unnamed: 297,Unnamed: 298,Unnamed: 299,Unnamed: 300,Unnamed: 301,Unnamed: 302,Unnamed: 303,Unnamed: 304,Unnamed: 305,Unnamed: 306,Unnamed: 307,Unnamed: 308,Unnamed: 309,Unnamed: 310,Unnamed: 311,Unnamed: 312,Unnamed: 313,Unnamed: 314,Unnamed: 315,Unnamed: 316,Unnamed: 317,Unnamed: 318,Unnamed: 319,Unnamed: 320,Unnamed: 321,Unnamed: 322,Unnamed: 323,Unnamed: 324,Unnamed: 325,Unnamed: 326,Unnamed: 327,Unnamed: 328,Unnamed: 329,Unnamed: 330,Unnamed: 331,Unnamed: 332,Unnamed: 333,Unnamed: 334,Unnamed: 335,Unnamed: 336,Unnamed: 337,Unnamed: 338,Unnamed: 339,Unnamed: 340,Unnamed: 341,Unnamed: 342,Unnamed: 343,Unnamed: 344,Unnamed: 345,Unnamed: 346,Unnamed: 347,Unnamed: 348,Unnamed: 349,Unnamed: 350,Unnamed: 351,Unnamed: 352,Unnamed: 353,Unnamed: 354,Unnamed: 355,Unnamed: 356,Unnamed: 357,Unnamed: 358,Unnamed: 359,Unnamed: 360,Unnamed: 361,Unnamed: 362,Unnamed: 363,Unnamed: 364,Unnamed: 365,Unnamed: 366,Unnamed: 367,Unnamed: 368,Unnamed: 369,Unnamed: 370,Unnamed: 371,Unnamed: 372,Unnamed: 373,Unnamed: 374,Unnamed: 375,Unnamed: 376,Unnamed: 377,Unnamed: 378,Unnamed: 379,Unnamed: 380,Unnamed: 381,Unnamed: 382,Unnamed: 383,Unnamed: 384,Unnamed: 385,Unnamed: 386,Unnamed: 387,Unnamed: 388,Unnamed: 389,Unnamed: 390,Unnamed: 391,Unnamed: 392,Unnamed: 393,Unnamed: 394,Unnamed: 395,Unnamed: 396,Unnamed: 397,Unnamed: 398,Unnamed: 399,Unnamed: 400,Unnamed: 401,Unnamed: 402,Unnamed: 403,Unnamed: 404,Unnamed: 405,Unnamed: 406,Unnamed: 407,Unnamed: 408,Unnamed: 409,Unnamed: 410,Unnamed: 411,Unnamed: 412,Unnamed: 413,Unnamed: 414,Unnamed: 415,Unnamed: 416,Unnamed: 417,Unnamed: 418,Unnamed: 419,Unnamed: 420,Unnamed: 421,Unnamed: 422,Unnamed: 423,Unnamed: 424,Unnamed: 425,Unnamed: 426,Unnamed: 427,Unnamed: 428,Unnamed: 429,Unnamed: 430,Unnamed: 431,Unnamed: 432,Unnamed: 433,Unnamed: 434,Unnamed: 435,Unnamed: 436,Unnamed: 437,Unnamed: 438,Unnamed: 439,Unnamed: 440,Unnamed: 441,Unnamed: 442,Unnamed: 443,Unnamed: 444,Unnamed: 445,Unnamed: 446,Unnamed: 447,Unnamed: 448,Unnamed: 449,Unnamed: 450,Unnamed: 451,Unnamed: 452,Unnamed: 453,Unnamed: 454,Unnamed: 455,Unnamed: 456,Unnamed: 457,Unnamed: 458,Unnamed: 459,Unnamed: 460,Unnamed: 461,Unnamed: 462,Unnamed: 463,Unnamed: 464,Unnamed: 465,Unnamed: 466,Unnamed: 467,Unnamed: 468,Unnamed: 469,Unnamed: 470,Unnamed: 471,Unnamed: 472,Unnamed: 473,Unnamed: 474,Unnamed: 475,Unnamed: 476,Unnamed: 477,Unnamed: 478,Unnamed: 479,Unnamed: 480,Unnamed: 481,Unnamed: 482,Unnamed: 483,Unnamed: 484,Unnamed: 485,Unnamed: 486,Unnamed: 487,Unnamed: 488,Unnamed: 489,Unnamed: 490,Unnamed: 491,Unnamed: 492,Unnamed: 493,Unnamed: 494,Unnamed: 495,Unnamed: 496,Unnamed: 497,Unnamed: 498,Unnamed: 499,Unnamed: 500,Unnamed: 501,Unnamed: 502,Unnamed: 503,Unnamed: 504,Unnamed: 505,Unnamed: 506,Unnamed: 507,Unnamed: 508,Unnamed: 509,Unnamed: 510,Unnamed: 511,Unnamed: 512,Unnamed: 513,Unnamed: 514,Unnamed: 515,Unnamed: 516,Unnamed: 517,Unnamed: 518,Unnamed: 519,Unnamed: 520,Unnamed: 521,Unnamed: 522,Unnamed: 523,Unnamed: 524,Unnamed: 525,Unnamed: 526,Unnamed: 527,Unnamed: 528,Unnamed: 529,Unnamed: 530,Unnamed: 531,Unnamed: 532,Unnamed: 533,Unnamed: 534,Unnamed: 535,Unnamed: 536,Unnamed: 537,Unnamed: 538,Unnamed: 539,Unnamed: 540,Unnamed: 541,Unnamed: 542,Unnamed: 543,Unnamed: 544,Unnamed: 545,Unnamed: 546,Unnamed: 547,Unnamed: 548,Unnamed: 549,Unnamed: 550,Unnamed: 551,Unnamed: 552,Unnamed: 553,Unnamed: 554,Unnamed: 555,Unnamed: 556,Unnamed: 557,Unnamed: 558,Unnamed: 559,Unnamed: 560,Unnamed: 561,Unnamed: 562,Unnamed: 563,Unnamed: 564,Unnamed: 565,Unnamed: 566,Unnamed: 567,Unnamed: 568,Unnamed: 569,Unnamed: 570,Unnamed: 571,Unnamed: 572,Unnamed: 573,Unnamed: 574,Unnamed: 575,Unnamed: 576,Unnamed: 577,Unnamed: 578,Unnamed: 579,Unnamed: 580,Unnamed: 581,Unnamed: 582,Unnamed: 583,Unnamed: 584,Unnamed: 585,Unnamed: 586,Unnamed: 587,Unnamed: 588,Unnamed: 589,Unnamed: 590,Unnamed: 591,Unnamed: 592,Unnamed: 593,Unnamed: 594,Unnamed: 595,Unnamed: 596,Unnamed: 597,Unnamed: 598,Unnamed: 599,Unnamed: 600,Unnamed: 601,Unnamed: 602,Unnamed: 603,Unnamed: 604,Unnamed: 605,Unnamed: 606,Unnamed: 607,Unnamed: 608,Unnamed: 609,Unnamed: 610,Unnamed: 611,Unnamed: 612,Unnamed: 613,Unnamed: 614,Unnamed: 615,Unnamed: 616,Unnamed: 617,Unnamed: 618,Unnamed: 619,Unnamed: 620,Unnamed: 621,Unnamed: 622,Unnamed: 623,Unnamed: 624,Unnamed: 625,Unnamed: 626,Unnamed: 627,Unnamed: 628,Unnamed: 629,Unnamed: 630,Unnamed: 631,Unnamed: 632,Unnamed: 633,Unnamed: 634,Unnamed: 635,Unnamed: 636,Unnamed: 637,Unnamed: 638,Unnamed: 639,Unnamed: 640,Unnamed: 641,Unnamed: 642,Unnamed: 643,Unnamed: 644,Unnamed: 645,Unnamed: 646,Unnamed: 647,Unnamed: 648,Unnamed: 649,Unnamed: 650,Unnamed: 651,Unnamed: 652,Unnamed: 653,Unnamed: 654,Unnamed: 655,Unnamed: 656,Unnamed: 657,Unnamed: 658,Unnamed: 659,Unnamed: 660,Unnamed: 661,Unnamed: 662,Unnamed: 663,Unnamed: 664,Unnamed: 665,Unnamed: 666,Unnamed: 667,Unnamed: 668,Unnamed: 669,Unnamed: 670,Unnamed: 671,Unnamed: 672,Unnamed: 673,Unnamed: 674,Unnamed: 675,Unnamed: 676,Unnamed: 677,Unnamed: 678,Unnamed: 679,Unnamed: 680,Unnamed: 681,Unnamed: 682,Unnamed: 683,Unnamed: 684,Unnamed: 685,Unnamed: 686,Unnamed: 687,Unnamed: 688,Unnamed: 689,Unnamed: 690,Unnamed: 691,Unnamed: 692,Unnamed: 693,Unnamed: 694,Unnamed: 695,Unnamed: 696,Unnamed: 697,Unnamed: 698,Unnamed: 699,Unnamed: 700,Unnamed: 701,Unnamed: 702,Unnamed: 703,Unnamed: 704,Unnamed: 705,Unnamed: 706,Unnamed: 707,Unnamed: 708,Unnamed: 709,Unnamed: 710,Unnamed: 711,Unnamed: 712,Unnamed: 713,Unnamed: 714,Unnamed: 715,Unnamed: 716,Unnamed: 717,Unnamed: 718,Unnamed: 719,Unnamed: 720,Unnamed: 721,Unnamed: 722,Unnamed: 723,Unnamed: 724,Unnamed: 725,Unnamed: 726,Unnamed: 727,Unnamed: 728,Unnamed: 729,Unnamed: 730,Unnamed: 731,Unnamed: 732,Unnamed: 733,Unnamed: 734,Unnamed: 735,Unnamed: 736,Unnamed: 737,Unnamed: 738,Unnamed: 739,Unnamed: 740,Unnamed: 741,Unnamed: 742,Unnamed: 743,Unnamed: 744,Unnamed: 745,Unnamed: 746,Unnamed: 747,Unnamed: 748,Unnamed: 749,Unnamed: 750,Unnamed: 751,Unnamed: 752,Unnamed: 753,Unnamed: 754,Unnamed: 755,Unnamed: 756,Unnamed: 757,Unnamed: 758,Unnamed: 759,Unnamed: 760,Unnamed: 761,Unnamed: 762,Unnamed: 763,Unnamed: 764,Unnamed: 765,Unnamed: 766,Unnamed: 767,Unnamed: 768,Unnamed: 769,Unnamed: 770,Unnamed: 771,Unnamed: 772,Unnamed: 773,Unnamed: 774,Unnamed: 775,Unnamed: 776,Unnamed: 777,Unnamed: 778,Unnamed: 779,Unnamed: 780,Unnamed: 781,Unnamed: 782,Unnamed: 783,Unnamed: 784,Unnamed: 785,Unnamed: 786,Unnamed: 787,Unnamed: 788,Unnamed: 789,Unnamed: 790,Unnamed: 791,Unnamed: 792,Unnamed: 793,Unnamed: 794,Unnamed: 795,Unnamed: 796,Unnamed: 797,Unnamed: 798,Unnamed: 799,Unnamed: 800,Unnamed: 801,Unnamed: 802,Unnamed: 803,Unnamed: 804,Unnamed: 805,Unnamed: 806,Unnamed: 807,Unnamed: 808,Unnamed: 809,Unnamed: 810,Unnamed: 811,Unnamed: 812,Unnamed: 813,Unnamed: 814,Unnamed: 815,Unnamed: 816,Unnamed: 817,Unnamed: 818,Unnamed: 819,Unnamed: 820,Unnamed: 821,Unnamed: 822,Unnamed: 823,Unnamed: 824,Unnamed: 825,Unnamed: 826,Unnamed: 827,Unnamed: 828,Unnamed: 829,Unnamed: 830,Unnamed: 831,Unnamed: 832,Unnamed: 833,Unnamed: 834,Unnamed: 835,Unnamed: 836,Unnamed: 837,Unnamed: 838,Unnamed: 839,Unnamed: 840,Unnamed: 841,Unnamed: 842,Unnamed: 843,Unnamed: 844,Unnamed: 845,Unnamed: 846,Unnamed: 847,Unnamed: 848,Unnamed: 849,Unnamed: 850,Unnamed: 851,Unnamed: 852,Unnamed: 853,Unnamed: 854,Unnamed: 855,Unnamed: 856,Unnamed: 857,Unnamed: 858,Unnamed: 859,Unnamed: 860,Unnamed: 861,Unnamed: 862,Unnamed: 863,Unnamed: 864,Unnamed: 865,Unnamed: 866,Unnamed: 867,Unnamed: 868,Unnamed: 869,Unnamed: 870,Unnamed: 871,Unnamed: 872,Unnamed: 873,Unnamed: 874,Unnamed: 875,Unnamed: 876,Unnamed: 877,Unnamed: 878,Unnamed: 879,Unnamed: 880,Unnamed: 881,Unnamed: 882,Unnamed: 883,Unnamed: 884,Unnamed: 885,Unnamed: 886,Unnamed: 887,Unnamed: 888,Unnamed: 889,Unnamed: 890,Unnamed: 891,Unnamed: 892,Unnamed: 893,Unnamed: 894,Unnamed: 895,Unnamed: 896,Unnamed: 897,Unnamed: 898,Unnamed: 899,Unnamed: 900,Unnamed: 901,Unnamed: 902,Unnamed: 903,Unnamed: 904,Unnamed: 905,Unnamed: 906,Unnamed: 907,Unnamed: 908,Unnamed: 909,Unnamed: 910,Unnamed: 911,Unnamed: 912,Unnamed: 913,Unnamed: 914,Unnamed: 915,Unnamed: 916,Unnamed: 917,Unnamed: 918,Unnamed: 919,Unnamed: 920,Unnamed: 921,Unnamed: 922,Unnamed: 923,Unnamed: 924,Unnamed: 925,Unnamed: 926,Unnamed: 927,Unnamed: 928,Unnamed: 929,Unnamed: 930,Unnamed: 931,Unnamed: 932,Unnamed: 933,Unnamed: 934,Unnamed: 935,Unnamed: 936,Unnamed: 937,Unnamed: 938,Unnamed: 939,Unnamed: 940,Unnamed: 941,Unnamed: 942,Unnamed: 943,Unnamed: 944,Unnamed: 945,Unnamed: 946,Unnamed: 947,Unnamed: 948,Unnamed: 949,Unnamed: 950,Unnamed: 951,Unnamed: 952,Unnamed: 953,Unnamed: 954,Unnamed: 955,Unnamed: 956,Unnamed: 957,Unnamed: 958,Unnamed: 959,Unnamed: 960,Unnamed: 961,Unnamed: 962,Unnamed: 963,Unnamed: 964,Unnamed: 965,Unnamed: 966,Unnamed: 967,Unnamed: 968,Unnamed: 969,Unnamed: 970,Unnamed: 971,Unnamed: 972,Unnamed: 973,Unnamed: 974,Unnamed: 975,Unnamed: 976,Unnamed: 977,Unnamed: 978,Unnamed: 979,Unnamed: 980,Unnamed: 981,Unnamed: 982,Unnamed: 983,Unnamed: 984,Unnamed: 985,Unnamed: 986,Unnamed: 987,Unnamed: 988,Unnamed: 989,Unnamed: 990,Unnamed: 991,Unnamed: 992,Unnamed: 993,Unnamed: 994,Unnamed: 995,Unnamed: 996,Unnamed: 997,Unnamed: 998,Unnamed: 999,Unnamed: 1000,Unnamed: 1001,Unnamed: 1002,Unnamed: 1003,Unnamed: 1004,Unnamed: 1005,Unnamed: 1006,Unnamed: 1007,Unnamed: 1008,Unnamed: 1009,Unnamed: 1010,Unnamed: 1011,Unnamed: 1012,Unnamed: 1013,Unnamed: 1014,Unnamed: 1015,Unnamed: 1016,Unnamed: 1017,Unnamed: 1018,Unnamed: 1019,Unnamed: 1020,Unnamed: 1021,Unnamed: 1022,Unnamed: 1023
 พระโพธิสัตว์ต้องเป็นนักบวชตลอดทุกภพทุกชาติใช่ไหมครับ,"โพธิสัตว์คือบุคคลผู้แสวงหาความรู้ โพธิ์แปลว่าความรู้ สัตตะแปลว่าคู่คล่อง คู่คล่องอยู่ในความรู้เรียกว่าโพธิสัตว์ คือยังต้องแสวงหาความรู้ เพื่อให้เกิดความรู้ เมื่อความรู้บริบูรณ์แล้วจึงจะสามารถตรัสรู้เป็นสัมมาสัมพุทธะ
ในอนาคตกาลข้างหน้า พระพุทธเจ้าเราเองก็ตาม พระองค์จะมาเป็นสัมมาสัมพุทธะได้ ก็ผ่านการความเป็นโพธิสัตว์ คือการบําเพ็ญ การสร้างคุณงามความดี สร้างบารมีต่างๆนาๆมา ในขณะที่สร้าง แต่ละภพแต่ละชาติก็เกิดความขัดแย้งกับสภาพความเป็นอยู่ในโลกเหมือนกัน ขัดแย้งกับคนในโลก ขัดแย้งกับเรื่องราวต่างๆที่คนทั้งหลายเขาไม่พอใจนั่นคือการสร้างบารมี มันจะต้องสวนทางกับความรู้สึกของคน การสร้างบารมีในนี้เขาถามว่าจะต้องเป็นพระภิกษุทุกชาติไหม? ไม่จําเป็น เพราะบางชาติก็ไม่มีพระพุทธศาสนา ชาติที่ไม่มีพุทธศาสนาก็ไม่สามารถที่จะเป็นพระภิกษุได้ แล้วก็ไม่สามารถที่จะเป็นนักบวชได้ หรือว่าบางชาติที่เขามีการบวชกันอยู่ แต่การบวชบางอย่างที่ขัดกับการบําเพ็ญในแต่ละเรื่องก็จะไม่เป็นนักบวช ก็จะเป็นชาวบ้านธรรมดา และบางชาติไปเกิดเป็นสัตว์ ในภาวะเป็นโพธิสัตว์เนี่ยไปเกิดเป็นสัตว์ ก็ไม่สามารถที่จะบวชได้  ความเป็นโพธิสัตว์ตอบว่า ไม่ต้องเป็นนักบวชตลอดทุกภพทุกชาติ เป็นบางภพบางชาติเท่านั้น โดยเฉพาะชาติที่เป็นได้เนกขัมมะนั้นต้องบวชแน่นอนและชาติอื่นๆที่บวช ก็มีบวชหลายภพหลายชาติอยู่เหมือนกัน ความเปลี่ยนแปลงของโพธิสัตว์ยาวนานมากกว่าจะสําเร็จ",00.00.25,00.02.41,,,,,,,,,,,,,,,,,,,,,,,,,,,,,,,,,,,,,,,,,,,,,,,,,,,,,,,,,,,,,,,,,,,,,,,,,,,,,,,,,,,,,,,,,,,,,,,,,,,,,,,,,,,,,,,,,,,,,,,,,,,,,,,,,,,,,,,,,,,,,,,,,,,,,,,,,,,,,,,,,,,,,,,,,,,,,,,,,,,,,,,,,,,,,,,,,,,,,,,,,,,,,,,,,,,,,,,,,,,,,,,,,,,,,,,,,,,,,,,,,,,,,,,,,,,,,,,,,,,,,,,,,,,,,,,,,,,,,,,,,,,,,,,,,,,,,,,,,,,,,,,,,,,,,,,,,,,,,,,,,,,,,,,,,,,,,,,,,,,,,,,,,,,,,,,,,,,,,,,,,,,,,,,,,,,,,,,,,,,,,,,,,,,,,,,,,,,,,,,,,,,,,,,,,,,,,,,,,,,,,,,,,,,,,,,,,,,,,,,,,,,,,,,,,,,,,,,,,,,,,,,,,,,,,,,,,,,,,,,,,,,,,,,,,,,,,,,,,,,,,,,,,,,,,,,,,,,,,,,,,,,,,,,,,,,,,,,,,,,,,,,,,,,,,,,,,,,,,,,,,,,,,,,,,,,,,,,,,,,,,,,,,,,,,,,,,,,,,,,,,,,,,,,,,,,,,,,,,,,,,,,,,,,,,,,,,,,,,,,,,,,,,,,,,,,,,,,,,,,,,,,,,,,,,,,,,,,,,,,,,,,,,,,,,,,,,,,,,,,,,,,,,,,,,,,,,,,,,,,,,,,,,,,,,,,,,,,,,,,,,,,,,,,,,,,,,,,,,,,,,,,,,,,,,,,,,,,,,,,,,,,,,,,,,,,,,,,,,,,,,,,,,,,,,,,,,,,,,,,,,,,,,,,,,,,,,,,,,,,,,,,,,,,,,,,,,,,,,,,,,,,,,,,,,,,,,,,,,,,,,,,,,,,,,,,,,,,,,,,,,,,,,,,,,,,,,,,,,,,,,,,,,,,,,,,,,,,,,,,,,,,,,,,,,,,,,,,,,,,,,,,,,,,,,,,,,,,,,,,,,,,,,,,,,,,,,,,,,,,,,,,,,,,,,,,,,,,,,,,,
ทําไมเราชอบบูชาพระธาตุ หลวงปู่หลวงตาครับ,เพราะความเคารพ การที่มีความเคารพในครูบาอาจารย์ หลวงปู่ หลวงตาที่เราเชื่อมั่นว่าองค์ท่านนั้น เป็นผู้เข้าถึงคุณธรรม ระดับสูงในพระศาสนานี้ เมื่อท่านละสังขารไป ธาตุขันธ์ที่เหลืออยู่ก็คือกระดูกอัฐิธาตุ ด้วยความเคารพในครูอาจารย์ พวกเราก็เลยเก็บอัฐิธาตุนั้นขึ้นสู่การสักการะบูชา กราบไหว้ เพราะมีความเคารพ แล้วก็มีมาในหลักคําสอนของพระพุทธเจ้า ที่พระองค์ทรงบัญญัติไว้ว่าบุคคลเหล่าใดผู้เข้าถึงคุณธรรมในศาสนานี้คือความเป็นพระอรหันต์ชั้นสูงสุด บุคคลนั้นคือผู้ควรค่าแก่การสักการะเคารพกราบไหว้บูชาของมหาชนทั้งหลาย เมื่อละกายสังขารนี้ดับขันธ์ปรินิพพานไปแล้ว กระดูก หรืออัฐิธาตุนี้ ควรเก็บไว้ในสถูปในทางสี่แพ่ง แต่ทุกวันนี้สร้างพระธาตุครูบาอาจารย์ไม่ได้สร้างอยู่ในทางสี่แพ่ง ไปสร้างไว้ในที่ที่ไม่มี ไม่มีหนทางก็ยังมี เราต้องทําทางไปต่างหากก็มี บางทีอยู่ในป่าในเขา แต่ก็ไม่เป็นไร ทําในที่ไหนก็ตาม พระองค์ก็บอกว่าการสร้างที่บรรจุอัฐิธาตุของพระอริยเจ้าคือพระอรหันต์ บุคคลผู้กล่าวไว้สักการะจะได้บุญมีสุขคติเป็นไปในเบื้องหน้า ไม่ตกต่ําเลย นี่คือคุณค่า เพียงแค่กราบไหว้ก็มีสุคติในเบื้องหน้า เพราะความเป็นบุคคลที่จะเข้าถึงความบริสุทธิ์ได้ไม่ใช่ง่ายง่ายๆ ต้องผ่านการฝึกฝน ต้องผ่านการชําระจิต ชําระกิเลส ชําระความเห็นผิด ชําระทิฏิมานะ ชําระรากเหง้าของกิเลสทั้งปวง จนเข้าถึงความบริสุทธิ์ บริสุทธิ์นั้นบริสุทธิ์อยู่ที่ความเห็น ผู้มีความเห็นที่บริสุทธิ์จึงเป็นผู้ควรค่าแก่การพ้นทุกข์ หากความเห็นไม่บริสุทธิ์ก็พ้นทุกข์ไม่ได้ความเห็นที่บริสุทธิ์คือเห็นพระนิพพาน และความเห็นในพระนิพพานนี้เองเป็นเครื่องชําระธาตุขันธ์ของท่านให้ควรค่าแก่การเคารพบูชาความเห็นอันบริสุทธิ์นี้,00.02.45,00.05.30,,,,,,,,,,,,,,,,,,,,,,,,,,,,,,,,,,,,,,,,,,,,,,,,,,,,,,,,,,,,,,,,,,,,,,,,,,,,,,,,,,,,,,,,,,,,,,,,,,,,,,,,,,,,,,,,,,,,,,,,,,,,,,,,,,,,,,,,,,,,,,,,,,,,,,,,,,,,,,,,,,,,,,,,,,,,,,,,,,,,,,,,,,,,,,,,,,,,,,,,,,,,,,,,,,,,,,,,,,,,,,,,,,,,,,,,,,,,,,,,,,,,,,,,,,,,,,,,,,,,,,,,,,,,,,,,,,,,,,,,,,,,,,,,,,,,,,,,,,,,,,,,,,,,,,,,,,,,,,,,,,,,,,,,,,,,,,,,,,,,,,,,,,,,,,,,,,,,,,,,,,,,,,,,,,,,,,,,,,,,,,,,,,,,,,,,,,,,,,,,,,,,,,,,,,,,,,,,,,,,,,,,,,,,,,,,,,,,,,,,,,,,,,,,,,,,,,,,,,,,,,,,,,,,,,,,,,,,,,,,,,,,,,,,,,,,,,,,,,,,,,,,,,,,,,,,,,,,,,,,,,,,,,,,,,,,,,,,,,,,,,,,,,,,,,,,,,,,,,,,,,,,,,,,,,,,,,,,,,,,,,,,,,,,,,,,,,,,,,,,,,,,,,,,,,,,,,,,,,,,,,,,,,,,,,,,,,,,,,,,,,,,,,,,,,,,,,,,,,,,,,,,,,,,,,,,,,,,,,,,,,,,,,,,,,,,,,,,,,,,,,,,,,,,,,,,,,,,,,,,,,,,,,,,,,,,,,,,,,,,,,,,,,,,,,,,,,,,,,,,,,,,,,,,,,,,,,,,,,,,,,,,,,,,,,,,,,,,,,,,,,,,,,,,,,,,,,,,,,,,,,,,,,,,,,,,,,,,,,,,,,,,,,,,,,,,,,,,,,,,,,,,,,,,,,,,,,,,,,,,,,,,,,,,,,,,,,,,,,,,,,,,,,,,,,,,,,,,,,,,,,,,,,,,,,,,,,,,,,,,,,,,,,,,,,,,,,,,,,,,,,,,,,,,,,,,,,,,,,,,,,,,,,,,,,,,,,,,,,,,,,,,,,,,,,,,,,,,,,,,
ทําบุญหวังผลกับทําบุญไม่หวังผล แตกต่างกันอย่างไร พระพุทธองค์ทรงตรัสเรื่องนี้ว่าอะไร,เรื่องนี้ตรัสไว้ในพระสูตรอยู่ แต่จําพระสูตรไม่ได้ว่าพระสูตรนั้นคือสูตรอะไร แต่ตรัสเรื่องนี้ว่า บุคคลผู้ทําบุญและหวังผล ปรารถนาให้ผลบังเกิดขึ้นกับตน การทําบุญและหวังผลจะเป็นการทําบุญแบบไม่มีผลมาก ไม่มีอานิสงส์มาก หรือจะจัดอยู่ในทําบุญแบบมิจฉาทิฐิมั่ง พระพุทธเจ้าจึงบอกว่าการทําบุญใดๆก็ตามอย่าหวังผลที่ได้กระทําลงไป หมายความว่าคาดหวังเพื่อจะให้เกิด คล้ายๆกับว่าทําบุญเพื่อแลกเปลือกและแลกเปลี่ยนให้ได้มาในสิ่งที่ต้องการและปรารถนา เช่น มาทําบุญแล้วอธิษฐานบอกว่าขอให้ข้าพเจ้าหมดหนี้หมดสิน ขอให้ข้าพเจ้าถูกหวย ขอให้ข้าพเจ้าพ้นเคราะห์พ้นพ้นโศก พ้นโรคพ้นภัย ทําบุญอย่างนี้แล้วปรารถนาอย่างนั้น อันนี้เป็นการทําบุญปรารถนาด้วยอํานาจของมิจฉาทิฐิ ไม่ถูกต้อง ไม่มีผลมาก ไม่มีอานิสงส์มาก,00.06.10,00.07.33,,,,,,,,,,,,,,,,,,,,,,,,,,,,,,,,,,,,,,,,,,,,,,,,,,,,,,,,,,,,,,,,,,,,,,,,,,,,,,,,,,,,,,,,,,,,,,,,,,,,,,,,,,,,,,,,,,,,,,,,,,,,,,,,,,,,,,,,,,,,,,,,,,,,,,,,,,,,,,,,,,,,,,,,,,,,,,,,,,,,,,,,,,,,,,,,,,,,,,,,,,,,,,,,,,,,,,,,,,,,,,,,,,,,,,,,,,,,,,,,,,,,,,,,,,,,,,,,,,,,,,,,,,,,,,,,,,,,,,,,,,,,,,,,,,,,,,,,,,,,,,,,,,,,,,,,,,,,,,,,,,,,,,,,,,,,,,,,,,,,,,,,,,,,,,,,,,,,,,,,,,,,,,,,,,,,,,,,,,,,,,,,,,,,,,,,,,,,,,,,,,,,,,,,,,,,,,,,,,,,,,,,,,,,,,,,,,,,,,,,,,,,,,,,,,,,,,,,,,,,,,,,,,,,,,,,,,,,,,,,,,,,,,,,,,,,,,,,,,,,,,,,,,,,,,,,,,,,,,,,,,,,,,,,,,,,,,,,,,,,,,,,,,,,,,,,,,,,,,,,,,,,,,,,,,,,,,,,,,,,,,,,,,,,,,,,,,,,,,,,,,,,,,,,,,,,,,,,,,,,,,,,,,,,,,,,,,,,,,,,,,,,,,,,,,,,,,,,,,,,,,,,,,,,,,,,,,,,,,,,,,,,,,,,,,,,,,,,,,,,,,,,,,,,,,,,,,,,,,,,,,,,,,,,,,,,,,,,,,,,,,,,,,,,,,,,,,,,,,,,,,,,,,,,,,,,,,,,,,,,,,,,,,,,,,,,,,,,,,,,,,,,,,,,,,,,,,,,,,,,,,,,,,,,,,,,,,,,,,,,,,,,,,,,,,,,,,,,,,,,,,,,,,,,,,,,,,,,,,,,,,,,,,,,,,,,,,,,,,,,,,,,,,,,,,,,,,,,,,,,,,,,,,,,,,,,,,,,,,,,,,,,,,,,,,,,,,,,,,,,,,,,,,,,,,,,,,,,,,,,,,,,,,,,,,,,,,,,,,,,,,,,,,,,,,,,,,,,,,,,
ถามว่าการทําบุญเมื่อปรารถนาอย่างนั้นจะไม่อํานวยผลเลยเหรอ,อํานวยอยู่ แต่จะอํานวยในเวลาที่เนิ่นช้ามากและเวลาอํานวยผลก็อํานวยผลไม่เต็มที่ เพราะมีความคาดหวังผล เมื่อมีการคาดหวังผลแล้วมันมีความอยากเข้าไปเจืออยู่ในนั้น พระพุทธเจ้าบอกว่า ทําบุญเพื่อสละออก ผลก็ต้องสละออก ไม่ต้องการแม้กระทั่งผลโดยไม่คาดหวังในสิ่งใดๆ ทําแต่ให้ทําพราะบุญเป็นสิ่งที่ควรกระทํา ให้ทําเพราะบุญนั้นเป็นสิ่งที่ดี เป็นสิ่งที่นํามาซึ่งประโยชน์ในภายหลัง หรือแม้ทําก็เป็นประโยชน์แล้ว เช่น มาทําบุญ ถวายภัตตาหารแก่พระภิกษุ ประโยชน์ที่จะได้ก็คือให้ภิกษุสามารถดํารงชีวิตอยู่ได้ และสืบต่อศาสนาไปได้ นี่คือประโยชน์เกิดขึ้นแล้ว  แน่นอนแล้วก็ยังประโยชน์ให้กับภิกษุนั้น ดํารงอยู่ในสมณเพศ ถ้าไม่มีใครมาให้อาหารก็อยู่ยากเหมือนกันพระ และสามารถบําเพ็ญสมณธรรมให้เต็มบริบูรณ์ได้ นั่นคือประโยชน์ที่เกิดขึ้นแล้ว แต่ผลจะเกิดกับเราเมื่อไหร่นั้น อย่าคาดหวังพระพุทธเจ้าว่าอย่างงั้น อย่าคาดหวัง เพราะมันจะไม่มีผลมาก ไม่มีอานิสงส์มาก และการตอบสนองจะเนิ่นช้า แต่ทําบุญแล้วไม่คาดหวังนี่จะตอบสนองเร็ว แล้วก็ได้ผลมาก ได้อานิสงส์มาก,00.07.35,00.09.00,,,,,,,,,,,,,,,,,,,,,,,,,,,,,,,,,,,,,,,,,,,,,,,,,,,,,,,,,,,,,,,,,,,,,,,,,,,,,,,,,,,,,,,,,,,,,,,,,,,,,,,,,,,,,,,,,,,,,,,,,,,,,,,,,,,,,,,,,,,,,,,,,,,,,,,,,,,,,,,,,,,,,,,,,,,,,,,,,,,,,,,,,,,,,,,,,,,,,,,,,,,,,,,,,,,,,,,,,,,,,,,,,,,,,,,,,,,,,,,,,,,,,,,,,,,,,,,,,,,,,,,,,,,,,,,,,,,,,,,,,,,,,,,,,,,,,,,,,,,,,,,,,,,,,,,,,,,,,,,,,,,,,,,,,,,,,,,,,,,,,,,,,,,,,,,,,,,,,,,,,,,,,,,,,,,,,,,,,,,,,,,,,,,,,,,,,,,,,,,,,,,,,,,,,,,,,,,,,,,,,,,,,,,,,,,,,,,,,,,,,,,,,,,,,,,,,,,,,,,,,,,,,,,,,,,,,,,,,,,,,,,,,,,,,,,,,,,,,,,,,,,,,,,,,,,,,,,,,,,,,,,,,,,,,,,,,,,,,,,,,,,,,,,,,,,,,,,,,,,,,,,,,,,,,,,,,,,,,,,,,,,,,,,,,,,,,,,,,,,,,,,,,,,,,,,,,,,,,,,,,,,,,,,,,,,,,,,,,,,,,,,,,,,,,,,,,,,,,,,,,,,,,,,,,,,,,,,,,,,,,,,,,,,,,,,,,,,,,,,,,,,,,,,,,,,,,,,,,,,,,,,,,,,,,,,,,,,,,,,,,,,,,,,,,,,,,,,,,,,,,,,,,,,,,,,,,,,,,,,,,,,,,,,,,,,,,,,,,,,,,,,,,,,,,,,,,,,,,,,,,,,,,,,,,,,,,,,,,,,,,,,,,,,,,,,,,,,,,,,,,,,,,,,,,,,,,,,,,,,,,,,,,,,,,,,,,,,,,,,,,,,,,,,,,,,,,,,,,,,,,,,,,,,,,,,,,,,,,,,,,,,,,,,,,,,,,,,,,,,,,,,,,,,,,,,,,,,,,,,,,,,,,,,,,,,,,,,,,,,,,,,,,,,,,,,,,,,,,,,,
รื่องการคิดบุญ แล้วก็คาดหวังเหมือนกันว่าจะให้ญาติได้บุญนี้นะครับ เป็นการยึดติดอะไร,พระพุทธเจ้าบอกอุทิศไป แต่อย่าคาดหวังเพื่อว่าเขาจะได้หรือไม่ได้ ให้อุทิศไปเขาได้หรือไม่ได้อยู่ในฐานะที่เขาควรจะได้ เป็นฐานะของเขาเอง บางดวงจิตบางดวงที่ละชีวิตไปแล้ว มีวิบากกรรมมาก แล้ววิบากกรรมนั้นไม่เปิดโอกาสให้ได้รับบุญ อุทิศไปแล้วคาดหวังให้เขาได้รับอย่างไรก็ตามยังไงก็รับไม่ได้ ดวงจิตบางดวงเมื่อละชีวิตไปแล้วไม่มีวิบากกรรมเป็นเครื่องปิดกั้น ในเรื่องของการรับส่วนกุศล ดวงจิตนั้นก็รับได้เลยทันทีไม่ได้มีปัญหาอะไร แต่การอุทิศควรจะอุทิศไว้ เผื่อบางจําพวกที่เขาสามารถที่จะรอรับบุญจากเราได้นั้น เขาจะได้รับได้เลยทันที  พระองค์จึงตรัสไว้ว่า บุคคลผู้อยู่ในฐานะ คือผู้ที่ละชีวิตไปแล้วอยู่ในฐานะที่รับบุญ อุทิศให้ได้รับแน่นอน ยืนยัน ยังไงก็ได้รับ ส่วนผู้ที่ละชีวิตไปแล้ว ไม่อยู่ในฐานะ อุทิศยังไงก็ไม่ได้รับ เพราะไม่อยู่ในฐานะ แล้วจะทํายังไง? เราก็เลยมีทําบุญข้าวประดับดินกันไงทางอีสาน แต่ที่อื่นไม่ค่อยจะเห็นกันนะ แต่ที่อีสานจะมีเอาไปวางไว้กับพื้นดิน ใส่กระทงกาบกล้วยกล้วยนะ และมีที่เขาเรียกว่าบังสกุลบัง บังสกุลเอาไปบังได้อยู่ครกใหม่แน่ แล้วแต่เขาสิเฮ็ด อันนั้นเป็นเรื่องของูโบราณ เอาไปให้ผู้ตายอาหารน่ะ เอาพระ พระก็พิจารณาบ่ อันใดควรเอาบ่เอา พระจะไม่พิจารณาเลยเหรอว่าอะไรควรเอา ไม่ควรเอา เขาเคาะกุฏิพระก็ลงมาดู ก็เห็นมีจุดเทียนอยู่ตรงนั้น เดินไปดูมีอะไรตรงนั้น มีเสื้อผ้า มีอาหารการกิน ต้องรู้แล้วว่าเขาเอามาให้ผู้ตาย ไม่ใช่เอามาให้พระ ผู้สอนนี่มีเป็นความสําคัญมาก คนสอนนี่มีความสําคัญมาก หากสอนผิดให้ความรู้ผิด แน่นอนว่าการกระทําก็ผิด มันเป็นการกระทําแบบโบร่ําโบราณ แต่ไหนไหนมาที่เขายึดถือกันมาแต่ โบร่ําโบราณอันนั้นน่ะเป็นเรื่องของโบราณเรามาก็เคยอ่านเจอ เอาไปพาดไว้ที่ต้นไม้ กิ่งไม้ ตรงที่พระเดินผ่าน เพื่อพระจะได้เห็น เอาผ้าไปพาด อาหารไปวางไว้โคนต้นไม้ แล้วคิดว่าทําอย่างนี้จะได้อุทิศไปให้ญาติ เขาเรียกว่าบังสุกุลนะ แต่ถ้าพระไปรับก็เท่ากับว่าพระนี่ไม่ได้รู้อะไรเลยนะ ถ้าไปรับของอย่างนั้น นี่คือความผิดพลาด ในเรื่องของการทําตามตามกันมา แต่คนที่ทําก็เข้าใจว่าได้บุญ แล้วหลักคําสอนพระพุทธเจ้ามีไหมให้ทําอย่างนั้น การอุทิศบุญด้วยการเอาของไปวางไว้ แล้วให้พระมารับในเวลากลางค่ํากลางคืน ในคําสอนมีไหม มันไม่มี เข้าใจนะ หวังผลก็บ่หวังผล เข้าใจนะ ต่อไปอย่าหวังผลนะ,00.09.05,00.14.28,,,,,,,,,,,,,,,,,,,,,,,,,,,,,,,,,,,,,,,,,,,,,,,,,,,,,,,,,,,,,,,,,,,,,,,,,,,,,,,,,,,,,,,,,,,,,,,,,,,,,,,,,,,,,,,,,,,,,,,,,,,,,,,,,,,,,,,,,,,,,,,,,,,,,,,,,,,,,,,,,,,,,,,,,,,,,,,,,,,,,,,,,,,,,,,,,,,,,,,,,,,,,,,,,,,,,,,,,,,,,,,,,,,,,,,,,,,,,,,,,,,,,,,,,,,,,,,,,,,,,,,,,,,,,,,,,,,,,,,,,,,,,,,,,,,,,,,,,,,,,,,,,,,,,,,,,,,,,,,,,,,,,,,,,,,,,,,,,,,,,,,,,,,,,,,,,,,,,,,,,,,,,,,,,,,,,,,,,,,,,,,,,,,,,,,,,,,,,,,,,,,,,,,,,,,,,,,,,,,,,,,,,,,,,,,,,,,,,,,,,,,,,,,,,,,,,,,,,,,,,,,,,,,,,,,,,,,,,,,,,,,,,,,,,,,,,,,,,,,,,,,,,,,,,,,,,,,,,,,,,,,,,,,,,,,,,,,,,,,,,,,,,,,,,,,,,,,,,,,,,,,,,,,,,,,,,,,,,,,,,,,,,,,,,,,,,,,,,,,,,,,,,,,,,,,,,,,,,,,,,,,,,,,,,,,,,,,,,,,,,,,,,,,,,,,,,,,,,,,,,,,,,,,,,,,,,,,,,,,,,,,,,,,,,,,,,,,,,,,,,,,,,,,,,,,,,,,,,,,,,,,,,,,,,,,,,,,,,,,,,,,,,,,,,,,,,,,,,,,,,,,,,,,,,,,,,,,,,,,,,,,,,,,,,,,,,,,,,,,,,,,,,,,,,,,,,,,,,,,,,,,,,,,,,,,,,,,,,,,,,,,,,,,,,,,,,,,,,,,,,,,,,,,,,,,,,,,,,,,,,,,,,,,,,,,,,,,,,,,,,,,,,,,,,,,,,,,,,,,,,,,,,,,,,,,,,,,,,,,,,,,,,,,,,,,,,,,,,,,,,,,,,,,,,,,,,,,,,,,,,,,,,,,,,,,,,,,,,,,,,,,,,,,,,,,,,,,,,,,,
ทําบุญอะไรไปสวรรค์ชั้นต่างต่าง,"สวรรค์มีหกชั้น มีอะไรบ้าง  หนึ่งจตุมหาราชิกา  สองดาวดึงส์ สามยามา สามยามาแล้วก็สี่ดุสิต ห้านิมมานรตีภูมิ หกปรนิมมิตวสวัตตี ทําความดีอะไรถึงได้ไปเกิดเป็นชั้นจตุม ทําความดีอะไรถึงได้เกิดไปสู่สวรรค์ชั้นแรก ทําบุญอะไร อย่าลืมนะว่าสวรรค์มีมาก่อนพุทธศาสนาจะเกิดขึ้น แสดงว่าเขาต้องทําบุญที่ไม่ใช่พุทธศาสนามาก่อนหน้านี้ แล้วไปเกิดอยู่บนสวรรค์ได้ เขาก็ให้ทานรักษาศีล ให้ทาน รักษาศีล ศีลก็มีมาก่อนพระพุทธศาสนา แต่ความหมายของการรักษาต่างกัน การให้ทานรักษาศีลอย่างนี้ทําคุณงามความดี พระพุทธเจ้าจะบอกว่า ศาสดาบางเหล่าที่สอนเรื่องกรรม สอนเรื่องผลของกรรมว่ากรรมให้ผลมีจริง พบหน้าชาติหน้ามีจริงศาสดานั้น ย่อมพาหมู่ชนให้เข้าสู่สวรรค์ชั้นต่างๆบ้าง ตั้งแต่ชั้นหนึ่งถึงจนถึงชั้นที่หก ศาสดาสอนมนุษย์ทั้งหลายที่เชื่อในเรื่องกรรมและผลของกรรมนี้ จึงพากันให้ทานบ้าง รักษาศีลบ้าง ทําสมาธิบ้าง
อย่างนี้ เจริญภาวนาบ้าง แต่การเจริญภาวนาของเขานั้น เป็นการเจริญภาวะที่ยังไม่เข้าถึงมรรคผลนิพพานเป็นการภาวนาอยู่ในชั้นของคุณงามความดีเป็นบุญอยู่ที่อํานวยผลในชั้นของสวรรค์ ทานให้ผลในสวรรค์ได้
ศีลก็ให้ผลในสวรรค์ชั้นที่สูงขึ้นไปอีกได้ ศีลที่เข้มข้นคือศีลแปดก็ได้สวรรค์ชั้นที่สูงขึ้นไปอีกตามลําดับคือสวรรค์จะเพิ่มพูนเป็นชั้นที่สูงขึ้นนั้นจะเพิ่มได้โดยการกระทําที่เป็นอาจิน ให้ทานเพียงแค่ครั้งสองครั้ง อาจจะยังไม่ไปสู่สวรรค์ แต่ให้ทานอยู่บ่อยๆ สละความตระหนี่ในจิตตัวเองอยู่บ่อยๆก็ไปสู่สวรรค์ได้ จตุมเป็นสวรรค์ชั้นแรก ก็มีตัวอย่างที่พระโมคคัลลานะไปถามเทวดาอยู่บนสวรรค์ว่าไปทําบุญอะไรมา ถึงมาเกิดอยู่บนสวรรค์ชั้นจตุมนี้ มีเทพธิดานางหนึ่ง ก็ตอบกลับพระโมคคัลลานะว่าข้าพเจ้าเอาดอกบวบไปบูชาพระธาตุของพระสัมมาสัมพุทธเจ้าแต่ยังไปบูชาไปไม่ถึง ตายก่อนในระหว่างทาง เมื่อตายแล้วก็ด้วยจิตที่โน้มใจไปบูชาพระธาตุของพุทธเจ้านั้น จึงได้บังเกิดอยู่บนสวรรค์ชั้นจตุม นี่คือง่ายๆเลย บูชาในสิ่งที่ควรบูชาได้ไปสู่สวรรค์แล้วคือบูชาพระสัมมาสัมพุทธเจ้า ทีนี้ประวัติความเป็นมาของสวรรค์ชั้นดาวดึงส์นั้น เนื่องจากว่ามีโยมคนหนึ่ง มีคฤหัสถ์คนนึงนําว่ามฆะ มฆะนี้เป็นผู้ชักชวนเพื่อนทั้งหลายสามสิบสามคน ปรับพื้นที่ในถนน ตรงไหนมีหลุมมีบ่อ ไปกลบให้มันราบเรียบ ปลูกต้นไม้ระหว่างทาง สร้างศาลาที่พักสําหรับคนจรไปมา ทำสวนหย่อม ขุดบ่อน้ําให้คนที่ต้องการน้ํา ทําอย่างนี้ตลอดสิ้นชีวิต ไปบังเกิดอยู่บนสวรรค์ชั้นดาวดึงส์ หมายถึงว่าทําความดีในชั้นในระดับของสาธารณะ อยู่สวรรค์ชั้นดาวดึงส์ ชั้นยามาคือสวรรค์ชั้นที่ทําความดีในระดับที่สูงขึ้นไปอีกคือการรักษาศีล ชั้นดุสิตเป็นชั้นของบุคคลผู้บําเพ็ญบารมีจำพวกโพธิสัตว์อยู่ในชั้นดุสิต  นิมมานตรีเป็นสวรรค์ชั้นของบุคคลผู้ที่ชอบสร้างสิ่งต่างๆ ให้เป็นสาธารณะประโยชน์โดยเฉพาะถาวรวัตถุในที่ต่างๆจะไปสู่สวรรค์ชั้นนิมมานตรี ปรนิมมิตวสวัตตีคือคนที่ ให้ทานในระดับเป็นอาจินคือระดับสูง ระดับที่เรียกว่าเข้มข้น ในชั้นของทานและมีทานเข้มข้น มีศีลเข้มข้น มีสมาธิบ้างอยู่ในจิต ก็ไปสู่สวรรค์ชั้นที่หก   นั่นคือลําดับสวรรค์จากการทําคุณงามความดีหรือทําบุญ",00.15.25,00.20.50,,,,,,,,,,,,,,,,,,,,,,,,,,,,,,,,,,,,,,,,,,,,,,,,,,,,,,,,,,,,,,,,,,,,,,,,,,,,,,,,,,,,,,,,,,,,,,,,,,,,,,,,,,,,,,,,,,,,,,,,,,,,,,,,,,,,,,,,,,,,,,,,,,,,,,,,,,,,,,,,,,,,,,,,,,,,,,,,,,,,,,,,,,,,,,,,,,,,,,,,,,,,,,,,,,,,,,,,,,,,,,,,,,,,,,,,,,,,,,,,,,,,,,,,,,,,,,,,,,,,,,,,,,,,,,,,,,,,,,,,,,,,,,,,,,,,,,,,,,,,,,,,,,,,,,,,,,,,,,,,,,,,,,,,,,,,,,,,,,,,,,,,,,,,,,,,,,,,,,,,,,,,,,,,,,,,,,,,,,,,,,,,,,,,,,,,,,,,,,,,,,,,,,,,,,,,,,,,,,,,,,,,,,,,,,,,,,,,,,,,,,,,,,,,,,,,,,,,,,,,,,,,,,,,,,,,,,,,,,,,,,,,,,,,,,,,,,,,,,,,,,,,,,,,,,,,,,,,,,,,,,,,,,,,,,,,,,,,,,,,,,,,,,,,,,,,,,,,,,,,,,,,,,,,,,,,,,,,,,,,,,,,,,,,,,,,,,,,,,,,,,,,,,,,,,,,,,,,,,,,,,,,,,,,,,,,,,,,,,,,,,,,,,,,,,,,,,,,,,,,,,,,,,,,,,,,,,,,,,,,,,,,,,,,,,,,,,,,,,,,,,,,,,,,,,,,,,,,,,,,,,,,,,,,,,,,,,,,,,,,,,,,,,,,,,,,,,,,,,,,,,,,,,,,,,,,,,,,,,,,,,,,,,,,,,,,,,,,,,,,,,,,,,,,,,,,,,,,,,,,,,,,,,,,,,,,,,,,,,,,,,,,,,,,,,,,,,,,,,,,,,,,,,,,,,,,,,,,,,,,,,,,,,,,,,,,,,,,,,,,,,,,,,,,,,,,,,,,,,,,,,,,,,,,,,,,,,,,,,,,,,,,,,,,,,,,,,,,,,,,,,,,,,,,,,,,,,,,,,,,,,,,,,,,,,,,,,,,,,,,,,,,,,,,,,,,,,,,,,,,
จิตผู้รู้ผู้ตื่น คืออะไรครับ,"จิตผู้รู้ผู้ตื่นจะให้พูดในแง่ไหน ตอนนี้จิตของเรานี่ตื่นหรือยัง ตื่นในความหมายของพระพุทธเจ้าคือยังไง ตื่นจากความหลงงมงายใช่ไหม ตื่นจากความมืดบอด ตื่นออกจากความไม่รู้ นั่นคือตื่น หากมีความไม่รู้ในจิตเท่ากับว่าเรายังหลับไหลอยู่ เราไม่ได้เป็นผู้ตื่น ไหลไปตามกระแสโลก ไหลไปตามกระแสวัฏฏะ ไหลไปตามสิ่งที่จะชักจูง ชักนําจิตเราไปหรือไหลไป บุคคลผู้รู้แล้ว ตื่นจากความงมงายแล้ว จะไม่ถูกกระแสของโลกชักจูงชักพาไป การรู้ตื่นนั้นทําให้เป็นผู้กระทําสิ่งต่างๆถูกต้องตามเหตุและผล ไม่กระทําไปตามกระแสของโลก แม้จะมีกระแสของโลก ชักจูง ชักชวน ชักนํา จิตใจให้หลงคล้อยตามไป ก็อาศัยอํานาจแห่งความรู้ที่บังเกิดขึ้นในจิต เป็นผู้ตื่นรู้แล้วนี่เองไม่ไหลไปตามกระแสของโลก นี่คือจิตผู้รู้ผู้ตื่น แล้วจิตผู้รู้ผู้ตื่นนั้นจะเกิดขึ้นอยู่ในสี่ระดับเท่านั้น คือระดับความเป็นโสดาบัน รู้ตื่นหลงงมงาย ตื่นจากความหลงงมงายในการยึดถือว่าร่างกายเป็นตัวเองอย่างนี้ ข้าใจว่ากายเป็นเรา เราเป็นกาย กายมีในเรา เรามีในกาย พระโสดาบันจะตื่นรู้ ไม่งมงายยึดถือในกายของตัวเองอีกตลอดอนันตกาลตลอดสิ้นชีวิต ไม่หลงยึดถือในกายอีก  ไม่ได้เห็นว่ากายเป็นตัวเอง ไม่ได้เห็นว่าตัวเองมีในกาย เห็นกายเป็นกาย เห็นกายเป็นเรื่องของธาตุสีดินน้ําไฟลมหรือเป็นสภาพแห่งกาย มันจะเป็นอะไรก็ตาม มันก็แค่รูป รูปขันธ์ สิ่งที่ประกอบการรวมตัวกันขึ้น ตัวกายเรียกว่าที่ประชุมลงของสิ่งต่างๆประกอบกันขึ้นมา ประชุมรมณ์ของผม ขนเล็บ ฟันหนัง เนื้อ เอ็น กระดูก เยื่อในกระดูก ปั๊มหัวใจ ตับ พังผืด ไตปอด ไส้ใหญ่ อาหารใหม่ อาหารเก่า เนี่ยเป็นที่ประชุมที่รวมตัวกันเรียกว่ากาย ไม่ได้เห็นว่าเป็นตัวเองเป็นของๆตนเอง ตื่นรู้ในสิ่งเหล่านี้แล้ว ไม่งมงายในกาย การยึดถือว่ากายเป็นตัวเองยังงมงายอยู่ ไม่ต้องพูดถึงอย่างอื่น อย่างอื่นนี่งมงายมากมากๆ เพราะหากยังยึดในตัวเองก็คือว่างมงายในระดับหนึ่ง พระโสดาบันทําลายความงมงายนี้ได้ ตื่นรู้ขึ้นมา แต่ยังงมงายในอารมณ์
อารมณ์ที่มันฝังรากลึก เป็นกิเลสชั้นละเอียดคือกามาราคะปฏิฆะ ถ้าสักกะคาคามีก็ตื่นจากความงมงายในอารมณ์เหล่านี้ ไม่หลงในกาม แต่ก็ทําได้แบบเบาบาง ตื่นขึ้นมาแบบเบาบาง คือไม่หลงไปตามอาการของกามาราคะปฏิฆะมาก พระอานาคามีตื่นจากอารมณ์แห่งกามาราคะปฏิฆนี้ได้เด็ดขาด หมายถึงว่าไม่มีอารมณ์เหล่านี้สืบต่อในจิต เกิดแต่ไม่สืบต่อ คําว่าสืบต่อหมายถึงว่ามันนอนเนื่องและฝังแน่นอยู่ในจิตอย่างเก่าๆนั้นไม่มี แต่เกิด เกิดขึ้นมาให้รับรู้ รับรู้ก็แล้วก็ดับไปแค่นั้นเอง นั่นคือพระอนาคามีจะไม่มีฝังแน่นอยู่ในจิต แต่ยังหลงงมงายอยู่ในจิตเป็นอัตตานุพิฏฐิ เห็นว่าจิตเป็นตนมีอยู่ การที่เห็นว่าเป็นจิตเป็นตนนี่เอง พระอนาคามีจึงต้องไปบังเกิดอยู่ในพรหมโลกชั้นอวิหาอาตปา ให้เข้าใจว่าพระอานาคามีก็ยังเกิดอยู่ในชั้นพรม แต่ไม่เกิดอยู่ในโลกมนุษย์ พอตื่นรู้แล้วในโลกมนุษย์รู้แจ้งแล้วว่าโลกนี้คืออะไร ไม่ยึดถือสิ่งใดใดทั้งปวงในโลกนี้ แต่ยังยึดถือจิตก็จึงต้องไปเกิดอยู่พรหมโลก เมื่อพระอรหันต์คือผู้ที่ตื่นรู้จากจิตแล้ว หมายถึงว่าไม่หลงงมงายในจิต แม้แต่ตัวจิตนี้ก็ไม่มีใครตัวตนของท่าน จิตไม่ใช่ตัวตนของท่าน ท่านก็ไม่ใช่เป็นจิต
จิตกับท่านก็ไม่ใช่เป็นอันเดียวกัน พระอรหันต์สามารถสลัดจิตดวงนี้ออกให้เป็นจิตตามธรรมชาติแห่งจิต ไม่ยึดถือจิตใดจิตหนึ่ง เข้าใจในสภาพแห่งความเป็นจิตที่เกิดขึ้น ปรากฏแล้วก็ดับสลายไปตามอาการแห่งการเกิดการดับโดยกฎทางธรรมชาติ อันนี้คือผู้ที่ตื่นรู้ในสิ่งทั้งปวงคือทุกสรรพสิ่ง ไม่มีความหลงผิดในที่ใดๆ จิตที่ตื่นรู้ดีจะต้องรู้จักอริยสัจสี่ในสี่ระดับ อริยสัจสี่ในชั้นโสดาบัน อริยสัจสี่ในชั้นสัตนาคามี อานาคามีและอรหันต์ อริยสัจสี่อันจะเป็นเครื่องทําให้จิตตื่นรู้ในชั้นโสดาบันนั้น จิตจะต้องรู้อริยสัจสี่ในกาย เห็นทุกข์ในกาย เห็นเหตุให้เกิดทุกข์ที่เป็นไปในกาย เห็นความดับทุกข์ที่ดับไปในกาย เห็นทางปฏิบัติให้ถึงความดับทุกข์ที่เป็นไปในกาย เนี่ยพิจารณาอยู่ในกายนี้เท่านั้น การพิจารณาแล้วพิจารณาอีก เห็นทุกข์แล้วเห็นทุกข์อีกย้ำๆซ้ำๆ เห็นเหตุให้เกิดทุกข์ในกายอีกย้ำๆซ้ำๆ เห็นความดับไปของทุกข์อยู่ย้ำๆซ้ๆ เห็นทางปฏิบัติให้ถึงความดับทุกข์ว่าการพิจารณาเห็นทุกข์ เห็นเหตุให้เกิดทุกข์ เห็นความดับไฟ ของทุกข์ในกายอย่างนี้ย้ําๆซ้ําๆ มันจะทําให้เราตื่นรู้ และไม่หลงงมงายในกายนี้ เพราะกายมีทุกข์ เราก็จะมียึด แต่ถ้าเราเห็นว่ากายมีสุข เราก็จะยึด เราก็จะงมงายต่อไป พระพุทธเจ้าจึงสอนให้เรารู้อริยสัจในกายนี่คือระดับหนึ่ง ระดับที่สองคือสัตกะนาคามีเห็นอริยสัจในอารมณ์ อารมณ์ที่เป็นกามกับปฏิฆะ คือพอใจไม่พอใจ ชอบใจไม่ชอบใจ ยินดียินร้ายอะไรประเภทนี้ ว่าอารมณ์เหล่านี้ก็เป็นทุกข์ ก็เห็นทุกข์ในอารมณ์ ก็ทําให้เบาบาง พระอาราคีเห็นทุกข์ในอารมณ์จนดับได้ขาด พระอรหันต์เห็นจิต จิตที่ประกอบด้วยรูปราคะ อรูปราคะ อุทธัจจะ มานะ อวิชชา จิตเป็นที่ตั้งแห่งการประกอบเข้าของสังโยชน์ ในรูปในอรูป ในอุทัศจักรความฟุ้งซ่าน และก็มานะหรืออวิชาความไม่รู้ สละจิตได้หมด รูปราคะ อรูปราคะ อุทธัจจะ มานะ วิชาที่ยึดอยู่กับจิตที่ฝังแน่นอยู่กับจิต ก็ถูกสละออกพร้อม วางจิตได้ก็วางสังโยชน์ได้ วางสังโยชน์ได้ก็วางกิเลสทั้งปวงได้ ดับสนิทปรินิพพานในภพนั้นชาตินั้น หากยึดถือจิตก็ต้องยึดถือรูปราค อรูปราคะ อุทัศน์มานะวิชาไว้ภายในตนเอง เหมือนกับถือมะม่วงก็ได้เม็ดมะม่วงมาด้วย ทิ้งเม็ดมะม่วงก็ทิ้งมะม่วงด้วย ไม่นําไปสู่การเกิดอีก ไม่ยึดถืออะไรในสิ่งทั้งปวง อันนี้ก็เป็นลําดับในระดับจิตของผู้รู้ผู้ตื่น เป็นจิตที่รู้อริยสัจ เห็นทุกข์ในจิต เห็นเหตุให้เกิดทุกข์ในจิตว่ามีเหตุให้เกิดทุกข์ในจิตห้าประการ รูปราคะก็เป็นเหตุให้เกิดทุกข์ อรูปราคะก็เป็นเหตุให้เกิดทุกข์ มานะเป็นเหตุให้เกิดทุกข์ อุทธัจจะเป็นเหตุให้เกิดทุกข์ อวิชชาก็เป็นเหตุให้เกิดทุกข์ จิตจะเป็นจิตระดับไหนก็ตามมีอวิชชาครอบงําทั้งสิ้น จิตพระอรหันต์ไม่มีอวิชชา เพราะรู้จิตอย่างสิ้นเชิงแล้ว อวิชชาในจิตไม่มี มีแต่ระบบของจิตที่เป็นไป อัตราในจิตจึงถูกทําลาย ตัวของจิตจึงไม่สามารถที่จะก่อเกิดเป็นภพใหม่ชาติใหม่ได้ นี่คือการดับในทางพระพุทธศาสนา เรียกว่าปรินิพพาน",00.20.55,00.29.07,,,,,,,,,,,,,,,,,,,,,,,,,,,,,,,,,,,,,,,,,,,,,,,,,,,,,,,,,,,,,,,,,,,,,,,,,,,,,,,,,,,,,,,,,,,,,,,,,,,,,,,,,,,,,,,,,,,,,,,,,,,,,,,,,,,,,,,,,,,,,,,,,,,,,,,,,,,,,,,,,,,,,,,,,,,,,,,,,,,,,,,,,,,,,,,,,,,,,,,,,,,,,,,,,,,,,,,,,,,,,,,,,,,,,,,,,,,,,,,,,,,,,,,,,,,,,,,,,,,,,,,,,,,,,,,,,,,,,,,,,,,,,,,,,,,,,,,,,,,,,,,,,,,,,,,,,,,,,,,,,,,,,,,,,,,,,,,,,,,,,,,,,,,,,,,,,,,,,,,,,,,,,,,,,,,,,,,,,,,,,,,,,,,,,,,,,,,,,,,,,,,,,,,,,,,,,,,,,,,,,,,,,,,,,,,,,,,,,,,,,,,,,,,,,,,,,,,,,,,,,,,,,,,,,,,,,,,,,,,,,,,,,,,,,,,,,,,,,,,,,,,,,,,,,,,,,,,,,,,,,,,,,,,,,,,,,,,,,,,,,,,,,,,,,,,,,,,,,,,,,,,,,,,,,,,,,,,,,,,,,,,,,,,,,,,,,,,,,,,,,,,,,,,,,,,,,,,,,,,,,,,,,,,,,,,,,,,,,,,,,,,,,,,,,,,,,,,,,,,,,,,,,,,,,,,,,,,,,,,,,,,,,,,,,,,,,,,,,,,,,,,,,,,,,,,,,,,,,,,,,,,,,,,,,,,,,,,,,,,,,,,,,,,,,,,,,,,,,,,,,,,,,,,,,,,,,,,,,,,,,,,,,,,,,,,,,,,,,,,,,,,,,,,,,,,,,,,,,,,,,,,,,,,,,,,,,,,,,,,,,,,,,,,,,,,,,,,,,,,,,,,,,,,,,,,,,,,,,,,,,,,,,,,,,,,,,,,,,,,,,,,,,,,,,,,,,,,,,,,,,,,,,,,,,,,,,,,,,,,,,,,,,,,,,,,,,,,,,,,,,,,,,,,,,,,,,,,,,,,,,,,,,,,,,,,,,,,,,,,,,,,,,,,,,,,,,,,,,,,,
ถามว่าทําอย่างไรไปพรหมโลกทั้งรูปพรหมกับอรูปพรหมมีอะไรครับ,พรหมโลกมันจะมีพรหมปุถุชนกับพรหมอริยเจ้า พรหมปุถุชนก็สิบเอ็ดชั้นทั้งรูปพรหมอรูปพรหม เรื่องนี้มันไกลตัวนะอันนี้ แต่ว่าไกลตัวมันก็ไม่ไกล ก็อยู่ใกล้ๆเพราะเราเห็นรูปกันอยู่ เห็นรูปคือเห็นกันและกันเรียกว่าเห็นรูป เห็นต้นไม้ รถรา ทรัพย์สินข้าวของเงินทอง เสื่อศาสตร์ เห็นสิ่งที่ตั้งอยู่นี่เห็นรูป เห็นกันและกันเขาเรียกว่าเห็นรูป เมื่อเห็นก็เพ่งไปในรูป พ่งอะไร เพ่งสิ่งที่ชอบกับเพ่งสิ่งที่ไม่ชอบ รูปนี้ชอบใจรูปนี้ไม่ชอบใจ เพ่งในรูปในเสียง การเพ่งอันเนี่ย หากเพ่งมากๆ เพ่งจดจ่อ เพ่งอยู่เรื่อยๆ เพ่งอยู่เป็นประจํา หากการเพ่งนั้นเป็นกุศลจิตก็นําไปสู่พรหมโลกได้ จริงๆก็ไม่ใช่เรื่องไกลตัวนะ ใกล้ๆนั่นแหละ เพียงแต่ว่าการเพ่งของเรามันอ่อนจึงไม่ไปถึงชั้นของพรหมโลก อยู่ในชั้นของสวรรค์ หากเพ่งในเรื่องของบุญกุศล เช่น มาวัดมาวาอย่าง เพ่งศาลาวัด เพ่งข้อธรรมต่างๆ อันนี้ก็เป็นรูปพรหม แต่การเพ่งนั้นมันอ่อน กําลังอ่อนได้แค่ชั้นสวรรค์ในชั้นกุศลจิต เพ่งสิ่งที่ไม่ใช่รูปคือเพ่งอะไร เพ่งอารมณ์นั้นไม่ใช่รูป เพ่งอารมณ์มีอะไรบ้าง อารมณ์ที่เป็นอรูปคืออะไร มีความว่างใช่ไหม อากาศ อากาศัญจายตนะ อันนี้เราเพ่งไปไม่ค่อยจะถึง แต่มันจะเกิดกับบุคคลผู้พิจารณาอยู่บ่อยๆ ผู้พิจารณากายอยู่บ่อยๆ พิจารณากายเป็นธาตุสี่ดินน้ําไฟลม เมื่อพิจารณาอยู่บ่อยครั้งๆ จิตมันจะทะลุ พอไปเห็นความว่างคือเป็นสภาพอากาศ สภาพความเป็นช่องว่าง จิตจะโปร่งโล่งและเพ่งอยู่ในความว่างนั้น เพ่งอยู่บ่อยๆ เพ่งอยู่เป็นประจํา ไปเกิดพรหมโลก ไม่ได้น้อมไปในอริยมรรค ถ้าเป็นน้อมไปอริยมรรคต้องมองเห็นความว่างเป็นทุกข์สัจจะด้วย มันถึงจะไปสู่อริยมรรค แต่ถ้าเพ่งอย่างเดียวก็ไปเกิดพรหมโลก อันนี้คือเอารูป ,00.29.17,00.32.10,,,,,,,,,,,,,,,,,,,,,,,,,,,,,,,,,,,,,,,,,,,,,,,,,,,,,,,,,,,,,,,,,,,,,,,,,,,,,,,,,,,,,,,,,,,,,,,,,,,,,,,,,,,,,,,,,,,,,,,,,,,,,,,,,,,,,,,,,,,,,,,,,,,,,,,,,,,,,,,,,,,,,,,,,,,,,,,,,,,,,,,,,,,,,,,,,,,,,,,,,,,,,,,,,,,,,,,,,,,,,,,,,,,,,,,,,,,,,,,,,,,,,,,,,,,,,,,,,,,,,,,,,,,,,,,,,,,,,,,,,,,,,,,,,,,,,,,,,,,,,,,,,,,,,,,,,,,,,,,,,,,,,,,,,,,,,,,,,,,,,,,,,,,,,,,,,,,,,,,,,,,,,,,,,,,,,,,,,,,,,,,,,,,,,,,,,,,,,,,,,,,,,,,,,,,,,,,,,,,,,,,,,,,,,,,,,,,,,,,,,,,,,,,,,,,,,,,,,,,,,,,,,,,,,,,,,,,,,,,,,,,,,,,,,,,,,,,,,,,,,,,,,,,,,,,,,,,,,,,,,,,,,,,,,,,,,,,,,,,,,,,,,,,,,,,,,,,,,,,,,,,,,,,,,,,,,,,,,,,,,,,,,,,,,,,,,,,,,,,,,,,,,,,,,,,,,,,,,,,,,,,,,,,,,,,,,,,,,,,,,,,,,,,,,,,,,,,,,,,,,,,,,,,,,,,,,,,,,,,,,,,,,,,,,,,,,,,,,,,,,,,,,,,,,,,,,,,,,,,,,,,,,,,,,,,,,,,,,,,,,,,,,,,,,,,,,,,,,,,,,,,,,,,,,,,,,,,,,,,,,,,,,,,,,,,,,,,,,,,,,,,,,,,,,,,,,,,,,,,,,,,,,,,,,,,,,,,,,,,,,,,,,,,,,,,,,,,,,,,,,,,,,,,,,,,,,,,,,,,,,,,,,,,,,,,,,,,,,,,,,,,,,,,,,,,,,,,,,,,,,,,,,,,,,,,,,,,,,,,,,,,,,,,,,,,,,,,,,,,,,,,,,,,,,,,,,,,,,,,,,,,,,,,,,,,,,,,,,,,,,,,,,,,,,,,,,,,,,,,,
ระดับการบรรลุธรรมของพระอริยะแตกต่างกันอย่างไร,"แตกต่างกันมาก ไม่เหมือนกันพระโสดาบันบรรลุธรรมด้วยอริยสัจแบบโสดาบัน เป็นอริยสัจในชั้นของการพิจารณากาย จริงๆก็พิจารณาเวทนาด้วยนั่นแหละ สัญญาด้วยนั่นแหละ สังขารด้วยนั่นแหละ. วิญญาณด้วยนั่นแหละ แต่พิจารณาเพื่อทําลายศักกายทิฐิคือพิจารณาความเห็นผิดในกาย การบรรลุของท่านจึงมีกําลังทําลายสักกายทิฏฐิเบื้องต้นเท่านั้น ยังไม่สามารถทําลายสังโยชน์เบื้องบนได้ ได้แค่เบื้องล่าง จะพิจารณาระดับไหนก็ตาม มันต้องเข้าไปทําลายสังโยชน์เบื้องต่ําก่อนคือความเห็นผิดในกาย คือการบรรลุ คือโสดาบัน คือพระเจ้าทุกองค์ต้องบรรลุไปตามลําดับ ตั้งแต่โสดาบันขึ้นไป แล้วค่อยขยับเข้าไปสู่สกคาทามีนี้ สกคาทามีต้องบรรลุของท่าน เป็นชั้นของการบรรลุอริยสัจคือรู้อริยสัจ และก็รู้นิพพานในขณะเดียวกันนั้น โดยการทําลายกามาลาคะปฏิฆะอย่างเบาบาง อานาคามีก็ทําลายกามอย่างเด็ดขาด อรหันต์ก็ทําลายสังโยชน์เบื้องบนในระดับการบรรลุที่แตกต่างกันไม่เหมือนกัน แต่แบ่งเป็นสองระดับ ระดับเบื้องต้นพระโสดาบัน สักกธนาคามีและอานาคามีนั้น เรียกว่าเป็นผู้บรรลุธรรมเพื่อทําลายสักกายทิฏฐิ พระอรหันต์ทําลายอัตตานุทิฐิ แบ่งเป็นสองอย่างทิฐิสองอย่างคือความเห็น พูดง่ายๆทําลายความเห็นนั่นเอง ทําลายความเห็นผิด เราไม่ได้ไปทําลายกิเลสตัวไหน เราไม่ได้ไปทําลายความโลภความโกรธความหลง  ความโลภความโกรธความหลงมีอยู่ก็ให้มันมี อยู่กับพวกเราแต่อย่าเอาความโลภความโกรธความหลงไปสร้างบาป ไปสร้างโทษ แต่มันก็ต้องยอมรับว่ามันมีเพียงแต่ว่าเราอย่าเอาไปก้าวล่วงในอกุศล หรือถ้าก้าวล่วงในอกุศลบ้าง ก็สังวรณ์ในภายหลังเพื่อที่จะไม่ให้เกิดโทษติดตามมา สังวรณ์คือรักษาศีลบ้าง ทําสมาธิบ้างภาวนาบ้าง มันก็จะกั้นการสืบต่อในการให้ผลกับเรา เขาเรียกว่าหากยังไม่สามารถทําลายความเห็นผิดในกายได้ แม้จะสงบระงับ
ความโลภ ความโกรธ ความหลงได้ ก็ยังไม่สามารถบรรลุธรรมได้ การสงบความโลภ ความโกรธ ความหลงได้ไม่ได้เป็นเครื่องหมายของการบรรลุ แต่การละความเห็นผิด พระองค์ทรงตรัสไว้ชัดเจนเลยว่าบุคคลผู้รับศักกายยุติวิจิกิจฉาศิลปะปรามาสเรียกว่าโสดาบัน คือบรรลุธรรมที่เป็นโสดาบัน ละเท่านั้นนะ ละความเห็นผิด ละกามราคะปฏิฆะอย่างเบาบาง เรียกว่าสกาทาคามี บรรลุถึงสกาทาคามี ละกามราคะปฏิฆะได้เด็ดขาด  เรียกว่าอนาคามี หรือว่าบรรลุถึงความเป็นอนาคามี คือละความเห็น ละที่ความเห็น แก้ที่ความเห็น
ปฏิบัติที่ความเห็น ดับก็ดับที่ความเห็น สิ่งที่จะทําให้เราเกิดความทุกข์ได้คือความเห็นผิด ความเห็นผิดจึงเป็นรากเหง้าของความทุกข์ทั้งปวง หากมีความเห็นถูกทุกข์ก็ไม่เกิดขึ้น ไม่มีที่ตั้งอยู่ กิเลสแม้จะมีอยู่ก็ตามแต่ทุกข์ไม่ตั้งอยู่ เมื่อทุกข์ไม่ตั้งอยู่ กิเลสที่จะคอยอิงอาศัยทุกข์เกิดเพราะมีทุกข์ กิเลสก็ต้องเกิดมาพร้อมกับทุกข์ มันจะเกิดขึ้นมาพร้อม มีทุกข์ที่ไหนจะมีเหตุให้เกิด เหตุก็คือพวกกิเลสทั้งหลายที่พยายามยุให้เรามีความทุกข์ คือยุแหย่ให้เราไปล่วงผสมรวมกับความทุกข์ที่เกิดขึ้นให้เป็นไปเป็นอันเดียวกันกับความทุกข์แล้วเราก็ยึดทุกข์ทั้งก้อนนั้นไว้เป็นของตัวเราว่าเราทุกข์ เรามีทุกข์ แล้วเราก็ทุกข์กับความทุกข์ชนิดนั้นๆก็คิดวนเวียนอยู่กับเรื่องที่ทุกข์ ก็เครียด ไม่รู้จักการวาง เพราะฉะนั้นหากอยากจะบรรลุธรรมต้องรู้ทุกข์ก่อน
ว่าทุกข์คืออะไร เหตุให้เกิดทุกข์คืออะไร เราจะได้ยอมรับทุกข์แล้วก็ได้ละเหตุให้ถูกต้อง อยู่ที่ความเห็นนะ. เห็นผิดเมื่อไหร่ ทุกข์เกิดขึ้นเมื่อนั้น แต่ทุกข์ที่มันเกิดขึ้นมาตามธรรมดานั้นไม่ต้องไปแก้ปล่อยให้มันเกิดตามธรรมดาของมัน",00.32.13,00.36.50,,,,,,,,,,,,,,,,,,,,,,,,,,,,,,,,,,,,,,,,,,,,,,,,,,,,,,,,,,,,,,,,,,,,,,,,,,,,,,,,,,,,,,,,,,,,,,,,,,,,,,,,,,,,,,,,,,,,,,,,,,,,,,,,,,,,,,,,,,,,,,,,,,,,,,,,,,,,,,,,,,,,,,,,,,,,,,,,,,,,,,,,,,,,,,,,,,,,,,,,,,,,,,,,,,,,,,,,,,,,,,,,,,,,,,,,,,,,,,,,,,,,,,,,,,,,,,,,,,,,,,,,,,,,,,,,,,,,,,,,,,,,,,,,,,,,,,,,,,,,,,,,,,,,,,,,,,,,,,,,,,,,,,,,,,,,,,,,,,,,,,,,,,,,,,,,,,,,,,,,,,,,,,,,,,,,,,,,,,,,,,,,,,,,,,,,,,,,,,,,,,,,,,,,,,,,,,,,,,,,,,,,,,,,,,,,,,,,,,,,,,,,,,,,,,,,,,,,,,,,,,,,,,,,,,,,,,,,,,,,,,,,,,,,,,,,,,,,,,,,,,,,,,,,,,,,,,,,,,,,,,,,,,,,,,,,,,,,,,,,,,,,,,,,,,,,,,,,,,,,,,,,,,,,,,,,,,,,,,,,,,,,,,,,,,,,,,,,,,,,,,,,,,,,,,,,,,,,,,,,,,,,,,,,,,,,,,,,,,,,,,,,,,,,,,,,,,,,,,,,,,,,,,,,,,,,,,,,,,,,,,,,,,,,,,,,,,,,,,,,,,,,,,,,,,,,,,,,,,,,,,,,,,,,,,,,,,,,,,,,,,,,,,,,,,,,,,,,,,,,,,,,,,,,,,,,,,,,,,,,,,,,,,,,,,,,,,,,,,,,,,,,,,,,,,,,,,,,,,,,,,,,,,,,,,,,,,,,,,,,,,,,,,,,,,,,,,,,,,,,,,,,,,,,,,,,,,,,,,,,,,,,,,,,,,,,,,,,,,,,,,,,,,,,,,,,,,,,,,,,,,,,,,,,,,,,,,,,,,,,,,,,,,,,,,,,,,,,,,,,,,,,,,,,,,,,,,,,,,,,,,,,,,,,,,,,,,,,,,,,,,,,,,,,,,,,,,,,,,,,
ญาณคืออะไร และญาณมีกี่ประเภท,ญาณนี่คือญาเนาะภาษาบาลีนะ แปลว่าการรู้ตามความเป็นจริง การรู้ตามความเป็นจริงชื่อว่าญาณ รู้ในทางพุทธศาสนามีกี่รู้ ตอบไม่ได้ รู้ในทางพระพุทธศาสนามีกี่รู้ต้องถามคนเรียนธรรม คําว่ารู้ในทางพระพุทธศาสนามีกี่อัน มีกี่อย่าง อันที่เรียกว่ารู้ทุกข์ รู้เหตุให้เกิดทุกข์ รู้ความเป็นทุกข์ อันนี้เขาเรียกว่าอะไร ความรู้ในอะไร รู้ในพุทธศาสนา หนึ่งรู้ด้วยวิญญาณ รู้แบบไหน รู้ด้วยวิญญาณมีสิ่งผ่านเข้ามาให้รู้จึงรู้ เช่น มีสิ่งผ่านเข้ามาทางตาจึงเห็น มีสิ่งผ่านเข้ามาทางหูจึงได้ยิน รู้ในสิ่งที่เห็น รู้ในเสียงที่ได้ยิน รู้ในกลิ่นที่กระทบ รู้ในลิ้นที่สัมผัสกับรสชาติ รู้ในสิ่งที่กระทบกับกาย และรู้อารมณ์ที่ปรากฏกับใจ รู้อันนี้เรียกว่ารู้แบบวิญญาณ อันนี้รู้แบบวิญญาณนี้เขาเรียกว่ารู้ด้วยสัญชาตญาณ คือรู้ด้วยความธรรมชาติที่เป็นการรับรู้ทางอายตนะอันนี้คือรู้แบบวิญญาณ รู้แบบวิชาคือเรียนรู้ เราไม่รู้ในอะไรเราก็ไปเรียนรู้ในอันนั้น เพื่อก่อให้เกิดความรู้ การรู้แบบวิชานี้จึงเป็นความรู้แบบ หนึ่งศึกษาเรียนรู้ สองฝึกฝนและรู้ สามเข้าใจแล้วรู้อันนี้คือวิชา  รู้แบบสติคือระลึกรู้ ไม่เหมือนกันนะ รู้แบบสติคือระลึกรู้อยู่ว่าขณะนี้กายเราตั้งอยู่อย่างไร และเมื่อเรารู้ว่าขณะนี้กายเราอยู่ยังไง เรานั่งอยู่เวทนาปรากฏกับกายเป็นเวทนาอะไร สุขทุกข์หรือไม่สุขมีทุกข์ตอนนี้ ระลึกรู้มัน บอกว่าทุกข์ ทุกข์เวทนาปวดแข้งปวดขาก็ว่ากันไป เมื่อทุกข์เวทนาเกิดขึ้น ระลึกรู้ไปอีกว่าจิตเราเป็นยังไง กระสับกระส่ายหรือเปล่า ฟุ้งซ่านหรือเปล่า ฉุนเฉียวหรือเปล่า พอใจหรือไม่พอใจ ระลึกรู้เขาไปอีกนี่คือระดับของสติ แค่นั้นยังไม่พอต้องระลึกรู้ขณะจิตที่ประกอบไปด้วยอารมณ์นั่นน่ะ เป็นกุศลอกุศลหรือเป็นกลางกลาง นี่คือระดับของสตินะคือรู้แบบสติ แล้วก็รู้อีกอันหนึ่งคือรู้แบบปัญญา ปัญญาคือรู้แบบไหน ปัญญาคือการพิจารณาใคร่ครวญรู้ให้ทั่วถึง รู้ให้รอด รู้ในกองสังขารคือปัญญา การรู้ในกองสังขารทั้งปวงเรียกว่าปัญญา รู้อีกอันหนึ่งเรียกว่าญาณ ขาถามมาญาณเนี่ยคืออะไร ญาณนี่คือการรู้ตามความเป็นจริง ใช้ในอะไรบ้าง ช้ในการรู้ในเรื่องของอริยสัจ รู้ทุกข์ รู้เหตุให้เกิดทุกข์ รู้ความดับไปของทุกข์ รู้ทางปฏิบัติได้ถึงความดับทุกข์ อันนี้ต้องใช้ญาณในการรู้ เป็นการญาณหยั่งทราบตามความเป็นจริง หมายถึงว่าความจริงมันกําหนดไว้ว่าต้องทุกข์ เมื่อความจริงกําหนดไว้ว่าต้องทุกข์ เวลาความทุกข์เกิดขึ้นก็ต้องแสดงว่าเป็นการเกิดขึ้นตามความเป็นจริง แต่เราไม่รู้ตามความเป็นจริง เราจึงหลงอาการแห่งความทุกข์ที่เกิดกับเรา เราไม่ยอมรับว่าเป็นจริง เราจะพยายามบิดเบือนความจริงที่เกิดกับเราไม่ให้มันเกิดขึ้นก็เท่ากับว่าไปทําให้สัจจะหรือความเป็นจริงเปลี่ยนแปลง การไปเปลี่ยนแปลงความจริง คนนั้นยิ่งจะมีความทุกข์เพราะมันเปลี่ยนไม่ได้ คือความจริงเป็นความจริง เปลี่ยนไม่ได้ ยิ่งไปเปลี่ยนก็ยิ่งจะทุกข์ ไปฝืนมัน ไปปีนเกลียวกับความทุกข์ไม่ได้ พระพุทธเจ้าจึงบอกว่าให้ใช้ญาณคือ รู้ตามเป็นจริงว่ามันเป็นจริงของมันอย่างนี้ ชีวิตมีความทุกข์อย่างนี้ มันต้องเกิดทุกข์อย่างนี้ ต้องเป็นอย่างนี้ ทุกข์มาเพราะเหตุอันนี้ เมื่อมีเหตุอันนี้จึงก่อให้เกิดทุกข์อันนี้ เมื่อก่อให้เกิดทุกข์อันนี้ ทุกข์ก็ต้องดํารงอยู่ เมื่อเหตุอันนี้ดับทุกข์จึงจะคลายดับไปเป็นตามธรรมดาของมัน เมื่อเราไม่สร้างเหตุเพิ่ม ไม่ซ้ําเติมเหตุเข้าไป มันก็จะละไป ดับไป ละไป ดับไปของมันตามกระบวนการของมัน เราไม่สามารถเข้าไปดับได้ ญาณมันมีหลายประเภทเนอะ ญาณในชั้นที่เป็นวิชาก็มี ญาณในชั้นที่เป็นการรอบรู้ตามความเป็นจริงก็มี ถ้าเป็นวิปัสสนาญาณก็มี วิปัสสนาญาณเก้า คือวิปัสสนาญาณที่ดําเนินเนี่ยมีเก้าและก็ญาณในอริยสัจ คือกิจจญาณ กตญาณ สัจจญาณ ญาณในอริยสัจสี่ พระพุทธเจ้าบอกให้ระลึกรู้ภายในตัวเราจะได้อยู่กับตัวเอง แล้วการอยู่กับตัวเองมันมีประโยชน์อะไร มีประโยชน์ตรงที่ทําให้เราไม่คล้อยตามไปในอดีต คือไม่ปล่อยให้จิตคล้อยไปในเรื่องของอดีต ไม่ปล่อยจิตให้ ไปวิตกในเรื่องของอนาคต จะทําให้เรารู้ในขณะปัจจุบันว่าทุกข์ที่เกิดในขณะปัจจุบันนี้มันเกิดขึ้นและตั้งอยู่และดับไปได้อย่างไร จะทําให้เราเกิดความรู้ มันจะพัฒนาไปเป็นญาณ ถ้าเราไม่ฝึกสติอย่างนี้จิตเราก็คล้อยไปตามอดีต วิตกไปในอนาคต ขาดการรับรู้ในปัจจุบันจะไม่เห็นสภาพธรรมที่เกิดๆดับๆ,00.36.57,00.45.05,,,,,,,,,,,,,,,,,,,,,,,,,,,,,,,,,,,,,,,,,,,,,,,,,,,,,,,,,,,,,,,,,,,,,,,,,,,,,,,,,,,,,,,,,,,,,,,,,,,,,,,,,,,,,,,,,,,,,,,,,,,,,,,,,,,,,,,,,,,,,,,,,,,,,,,,,,,,,,,,,,,,,,,,,,,,,,,,,,,,,,,,,,,,,,,,,,,,,,,,,,,,,,,,,,,,,,,,,,,,,,,,,,,,,,,,,,,,,,,,,,,,,,,,,,,,,,,,,,,,,,,,,,,,,,,,,,,,,,,,,,,,,,,,,,,,,,,,,,,,,,,,,,,,,,,,,,,,,,,,,,,,,,,,,,,,,,,,,,,,,,,,,,,,,,,,,,,,,,,,,,,,,,,,,,,,,,,,,,,,,,,,,,,,,,,,,,,,,,,,,,,,,,,,,,,,,,,,,,,,,,,,,,,,,,,,,,,,,,,,,,,,,,,,,,,,,,,,,,,,,,,,,,,,,,,,,,,,,,,,,,,,,,,,,,,,,,,,,,,,,,,,,,,,,,,,,,,,,,,,,,,,,,,,,,,,,,,,,,,,,,,,,,,,,,,,,,,,,,,,,,,,,,,,,,,,,,,,,,,,,,,,,,,,,,,,,,,,,,,,,,,,,,,,,,,,,,,,,,,,,,,,,,,,,,,,,,,,,,,,,,,,,,,,,,,,,,,,,,,,,,,,,,,,,,,,,,,,,,,,,,,,,,,,,,,,,,,,,,,,,,,,,,,,,,,,,,,,,,,,,,,,,,,,,,,,,,,,,,,,,,,,,,,,,,,,,,,,,,,,,,,,,,,,,,,,,,,,,,,,,,,,,,,,,,,,,,,,,,,,,,,,,,,,,,,,,,,,,,,,,,,,,,,,,,,,,,,,,,,,,,,,,,,,,,,,,,,,,,,,,,,,,,,,,,,,,,,,,,,,,,,,,,,,,,,,,,,,,,,,,,,,,,,,,,,,,,,,,,,,,,,,,,,,,,,,,,,,,,,,,,,,,,,,,,,,,,,,,,,,,,,,,,,,,,,,,,,,,,,,,,,,,,,,,,,,,,,,,,,,,,,,,,,,,,,,,,,,,,,,
ทุกข์ที่เกิดจากคนอื่นจะทําให้เราทุกข์ พอเราไม่รับฟังปั๊บ มันก็จะอยู่แต่ตรงนั้น จะพูดก็พูดไป,เขาโทรศัพท์มาหาเราแล้วเราไม่กดรับจะคุยกับเขาได้ไหม ไม่ได้ มันก็แค่นั้นเอง เดี๋ยวมันก็หยุดแล้วใช่ไหม เสียงโทรศัพท์น่ะ อันนี้เรามัวแต่ไปรับ เขาพูดมาก็รับไป แล้วก็ทุกข์ไปตามเรื่องของเขา แล้วคนที่พูดเขาก็ประสงค์ให้เราได้รับความทุกข์อยู่แล้วนะ ก็วางไปเสีย มันจะตกไปเข้าหาเขาเองคนที่เขาทํา คนพูดเขาก็ประสงค์ให้เราได้รับความทุกข์อยู่แล้ว มันก็จะพยายามสร้างเรื่องให้เรา ตกอยู่ภายใต้ห้วงแห่งอารมณ์ อยู่ไม่เป็นสุข คนที่โกรธเราก็มี เกลียดเราก็มี ไม่พอใจเราก็มีเป็นเรื่องธรรมดาของโลก เราจะมัวแต่ถือเอาเรื่องของโลกมาเป็นอารมณ์ทางใจอยู่ มันก็ไม่ใช่สาระ ชีวิตเราจะไม่มีสาระประโยชน์อะไรเลย เรื่องของโลกมีแต่เรื่องต้องปล่อย ต้องปล่อย ต้องวาง แม้กระทั่งความดีก็ยังยึดถือเอาไม่ได้ ต้องปล่อยต้องวาง ความดีเป็นเพียงแค่ปัจจัยที่จะส่งผลให้กับเราเป็นไปในภายภาคหน้าในทางที่ดีเท่านั้น ปัจจัยส่งผลอันนี้ยึดถือก็ไม่ได้ ขึ้นอยู่ที่ว่า มันจะส่งผลเมื่อไหร่ตามโอกาสจะอํานวยในระยะเวลาที่เร็วบ้าง ช้าบ้าง ไม่เท่ากันในแต่ละคน แม้แต่การปฏิบัติภาวนาเองก็ตาม บุคคลมาไม่กี่ปี ฃมาศึกษาอยู่กับอาตมา ไม่กี่ปีก็สามารถรู้เข้าใจในหลักธรรมในศาสนา หายสงสัยในหลักคําสอน หายสงสัยในศาสนา บางคนก็หลายปีเหลือเกิน สอนแล้วสอนอีก ย้ําแล้วย้ําอีก กว่าจะรู้จะเข้าใจก็ใช้ระยะเวลานาน กว่าจะรู้ก็ไม่เป็นไร แต่ละคนสะสมมาไม่เหมือนกัน การเจริญเติบโตทางจิตใจ เจริญเติบโตตาม มูลเหตุแห่งความจริง ไม่สามารถที่จะชี้ให้คนนี้บรรลุ ชี้ให้คนนั้นบรรลุยังไม่ได้ พุทธเจ้าก็ทําไม่ได้ ,00.46.57,00.51.20,,,,,,,,,,,,,,,,,,,,,,,,,,,,,,,,,,,,,,,,,,,,,,,,,,,,,,,,,,,,,,,,,,,,,,,,,,,,,,,,,,,,,,,,,,,,,,,,,,,,,,,,,,,,,,,,,,,,,,,,,,,,,,,,,,,,,,,,,,,,,,,,,,,,,,,,,,,,,,,,,,,,,,,,,,,,,,,,,,,,,,,,,,,,,,,,,,,,,,,,,,,,,,,,,,,,,,,,,,,,,,,,,,,,,,,,,,,,,,,,,,,,,,,,,,,,,,,,,,,,,,,,,,,,,,,,,,,,,,,,,,,,,,,,,,,,,,,,,,,,,,,,,,,,,,,,,,,,,,,,,,,,,,,,,,,,,,,,,,,,,,,,,,,,,,,,,,,,,,,,,,,,,,,,,,,,,,,,,,,,,,,,,,,,,,,,,,,,,,,,,,,,,,,,,,,,,,,,,,,,,,,,,,,,,,,,,,,,,,,,,,,,,,,,,,,,,,,,,,,,,,,,,,,,,,,,,,,,,,,,,,,,,,,,,,,,,,,,,,,,,,,,,,,,,,,,,,,,,,,,,,,,,,,,,,,,,,,,,,,,,,,,,,,,,,,,,,,,,,,,,,,,,,,,,,,,,,,,,,,,,,,,,,,,,,,,,,,,,,,,,,,,,,,,,,,,,,,,,,,,,,,,,,,,,,,,,,,,,,,,,,,,,,,,,,,,,,,,,,,,,,,,,,,,,,,,,,,,,,,,,,,,,,,,,,,,,,,,,,,,,,,,,,,,,,,,,,,,,,,,,,,,,,,,,,,,,,,,,,,,,,,,,,,,,,,,,,,,,,,,,,,,,,,,,,,,,,,,,,,,,,,,,,,,,,,,,,,,,,,,,,,,,,,,,,,,,,,,,,,,,,,,,,,,,,,,,,,,,,,,,,,,,,,,,,,,,,,,,,,,,,,,,,,,,,,,,,,,,,,,,,,,,,,,,,,,,,,,,,,,,,,,,,,,,,,,,,,,,,,,,,,,,,,,,,,,,,,,,,,,,,,,,,,,,,,,,,,,,,,,,,,,,,,,,,,,,,,,,,,,,,,,,,,,,,,,,,,,,,,,,,,,,,,,,,,,,,,,,,,,
,,,,,,,,,,,,,,,,,,,,,,,,,,,,,,,,,,,,,,,,,,,,,,,,,,,,,,,,,,,,,,,,,,,,,,,,,,,,,,,,,,,,,,,,,,,,,,,,,,,,,,,,,,,,,,,,,,,,,,,,,,,,,,,,,,,,,,,,,,,,,,,,,,,,,,,,,,,,,,,,,,,,,,,,,,,,,,,,,,,,,,,,,,,,,,,,,,,,,,,,,,,,,,,,,,,,,,,,,,,,,,,,,,,,,,,,,,,,,,,,,,,,,,,,,,,,,,,,,,,,,,,,,,,,,,,,,,,,,,,,,,,,,,,,,,,,,,,,,,,,,,,,,,,,,,,,,,,,,,,,,,,,,,,,,,,,,,,,,,,,,,,,,,,,,,,,,,,,,,,,,,,,,,,,,,,,,,,,,,,,,,,,,,,,,,,,,,,,,,,,,,,,,,,,,,,,,,,,,,,,,,,,,,,,,,,,,,,,,,,,,,,,,,,,,,,,,,,,,,,,,,,,,,,,,,,,,,,,,,,,,,,,,,,,,,,,,,,,,,,,,,,,,,,,,,,,,,,,,,,,,,,,,,,,,,,,,,,,,,,,,,,,,,,,,,,,,,,,,,,,,,,,,,,,,,,,,,,,,,,,,,,,,,,,,,,,,,,,,,,,,,,,,,,,,,,,,,,,,,,,,,,,,,,,,,,,,,,,,,,,,,,,,,,,,,,,,,,,,,,,,,,,,,,,,,,,,,,,,,,,,,,,,,,,,,,,,,,,,,,,,,,,,,,,,,,,,,,,,,,,,,,,,,,,,,,,,,,,,,,,,,,,,,,,,,,,,,,,,,,,,,,,,,,,,,,,,,,,,,,,,,,,,,,,,,,,,,,,,,,,,,,,,,,,,,,,,,,,,,,,,,,,,,,,,,,,,,,,,,,,,,,,,,,,,,,,,,,,,,,,,,,,,,,,,,,,,,,,,,,,,,,,,,,,,,,,,,,,,,,,,,,,,,,,,,,,,,,,,,,,,,,,,,,,,,,,,,,,,,,,,,,,,,,,,,,,,,,,,,,,,,,,,,,,,,,,,,,,,,,,,,,,,,,,,,,,,,,,,,,,,,,,,,,,,,,,,,,,,,,,,,,
,,,,,,,,,,,,,,,,,,,,,,,,,,,,,,,,,,,,,,,,,,,,,,,,,,,,,,,,,,,,,,,,,,,,,,,,,,,,,,,,,,,,,,,,,,,,,,,,,,,,,,,,,,,,,,,,,,,,,,,,,,,,,,,,,,,,,,,,,,,,,,,,,,,,,,,,,,,,,,,,,,,,,,,,,,,,,,,,,,,,,,,,,,,,,,,,,,,,,,,,,,,,,,,,,,,,,,,,,,,,,,,,,,,,,,,,,,,,,,,,,,,,,,,,,,,,,,,,,,,,,,,,,,,,,,,,,,,,,,,,,,,,,,,,,,,,,,,,,,,,,,,,,,,,,,,,,,,,,,,,,,,,,,,,,,,,,,,,,,,,,,,,,,,,,,,,,,,,,,,,,,,,,,,,,,,,,,,,,,,,,,,,,,,,,,,,,,,,,,,,,,,,,,,,,,,,,,,,,,,,,,,,,,,,,,,,,,,,,,,,,,,,,,,,,,,,,,,,,,,,,,,,,,,,,,,,,,,,,,,,,,,,,,,,,,,,,,,,,,,,,,,,,,,,,,,,,,,,,,,,,,,,,,,,,,,,,,,,,,,,,,,,,,,,,,,,,,,,,,,,,,,,,,,,,,,,,,,,,,,,,,,,,,,,,,,,,,,,,,,,,,,,,,,,,,,,,,,,,,,,,,,,,,,,,,,,,,,,,,,,,,,,,,,,,,,,,,,,,,,,,,,,,,,,,,,,,,,,,,,,,,,,,,,,,,,,,,,,,,,,,,,,,,,,,,,,,,,,,,,,,,,,,,,,,,,,,,,,,,,,,,,,,,,,,,,,,,,,,,,,,,,,,,,,,,,,,,,,,,,,,,,,,,,,,,,,,,,,,,,,,,,,,,,,,,,,,,,,,,,,,,,,,,,,,,,,,,,,,,,,,,,,,,,,,,,,,,,,,,,,,,,,,,,,,,,,,,,,,,,,,,,,,,,,,,,,,,,,,,,,,,,,,,,,,,,,,,,,,,,,,,,,,,,,,,,,,,,,,,,,,,,,,,,,,,,,,,,,,,,,,,,,,,,,,,,,,,,,,,,,,,,,,,,,,,,,,,,,,,,,,,,,,,,,,,,,,,,,,,,,,,,
,,,,,,,,,,,,,,,,,,,,,,,,,,,,,,,,,,,,,,,,,,,,,,,,,,,,,,,,,,,,,,,,,,,,,,,,,,,,,,,,,,,,,,,,,,,,,,,,,,,,,,,,,,,,,,,,,,,,,,,,,,,,,,,,,,,,,,,,,,,,,,,,,,,,,,,,,,,,,,,,,,,,,,,,,,,,,,,,,,,,,,,,,,,,,,,,,,,,,,,,,,,,,,,,,,,,,,,,,,,,,,,,,,,,,,,,,,,,,,,,,,,,,,,,,,,,,,,,,,,,,,,,,,,,,,,,,,,,,,,,,,,,,,,,,,,,,,,,,,,,,,,,,,,,,,,,,,,,,,,,,,,,,,,,,,,,,,,,,,,,,,,,,,,,,,,,,,,,,,,,,,,,,,,,,,,,,,,,,,,,,,,,,,,,,,,,,,,,,,,,,,,,,,,,,,,,,,,,,,,,,,,,,,,,,,,,,,,,,,,,,,,,,,,,,,,,,,,,,,,,,,,,,,,,,,,,,,,,,,,,,,,,,,,,,,,,,,,,,,,,,,,,,,,,,,,,,,,,,,,,,,,,,,,,,,,,,,,,,,,,,,,,,,,,,,,,,,,,,,,,,,,,,,,,,,,,,,,,,,,,,,,,,,,,,,,,,,,,,,,,,,,,,,,,,,,,,,,,,,,,,,,,,,,,,,,,,,,,,,,,,,,,,,,,,,,,,,,,,,,,,,,,,,,,,,,,,,,,,,,,,,,,,,,,,,,,,,,,,,,,,,,,,,,,,,,,,,,,,,,,,,,,,,,,,,,,,,,,,,,,,,,,,,,,,,,,,,,,,,,,,,,,,,,,,,,,,,,,,,,,,,,,,,,,,,,,,,,,,,,,,,,,,,,,,,,,,,,,,,,,,,,,,,,,,,,,,,,,,,,,,,,,,,,,,,,,,,,,,,,,,,,,,,,,,,,,,,,,,,,,,,,,,,,,,,,,,,,,,,,,,,,,,,,,,,,,,,,,,,,,,,,,,,,,,,,,,,,,,,,,,,,,,,,,,,,,,,,,,,,,,,,,,,,,,,,,,,,,,,,,,,,,,,,,,,,,,,,,,,,,,,,,,,,,,,,,,,,,,,,,,,,
,,,,,,,,,,,,,,,,,,,,,,,,,,,,,,,,,,,,,,,,,,,,,,,,,,,,,,,,,,,,,,,,,,,,,,,,,,,,,,,,,,,,,,,,,,,,,,,,,,,,,,,,,,,,,,,,,,,,,,,,,,,,,,,,,,,,,,,,,,,,,,,,,,,,,,,,,,,,,,,,,,,,,,,,,,,,,,,,,,,,,,,,,,,,,,,,,,,,,,,,,,,,,,,,,,,,,,,,,,,,,,,,,,,,,,,,,,,,,,,,,,,,,,,,,,,,,,,,,,,,,,,,,,,,,,,,,,,,,,,,,,,,,,,,,,,,,,,,,,,,,,,,,,,,,,,,,,,,,,,,,,,,,,,,,,,,,,,,,,,,,,,,,,,,,,,,,,,,,,,,,,,,,,,,,,,,,,,,,,,,,,,,,,,,,,,,,,,,,,,,,,,,,,,,,,,,,,,,,,,,,,,,,,,,,,,,,,,,,,,,,,,,,,,,,,,,,,,,,,,,,,,,,,,,,,,,,,,,,,,,,,,,,,,,,,,,,,,,,,,,,,,,,,,,,,,,,,,,,,,,,,,,,,,,,,,,,,,,,,,,,,,,,,,,,,,,,,,,,,,,,,,,,,,,,,,,,,,,,,,,,,,,,,,,,,,,,,,,,,,,,,,,,,,,,,,,,,,,,,,,,,,,,,,,,,,,,,,,,,,,,,,,,,,,,,,,,,,,,,,,,,,,,,,,,,,,,,,,,,,,,,,,,,,,,,,,,,,,,,,,,,,,,,,,,,,,,,,,,,,,,,,,,,,,,,,,,,,,,,,,,,,,,,,,,,,,,,,,,,,,,,,,,,,,,,,,,,,,,,,,,,,,,,,,,,,,,,,,,,,,,,,,,,,,,,,,,,,,,,,,,,,,,,,,,,,,,,,,,,,,,,,,,,,,,,,,,,,,,,,,,,,,,,,,,,,,,,,,,,,,,,,,,,,,,,,,,,,,,,,,,,,,,,,,,,,,,,,,,,,,,,,,,,,,,,,,,,,,,,,,,,,,,,,,,,,,,,,,,,,,,,,,,,,,,,,,,,,,,,,,,,,,,,,,,,,,,,,,,,,,,,,,,,,,,,,,,,,,,,,,,,,
,,,,,,,,,,,,,,,,,,,,,,,,,,,,,,,,,,,,,,,,,,,,,,,,,,,,,,,,,,,,,,,,,,,,,,,,,,,,,,,,,,,,,,,,,,,,,,,,,,,,,,,,,,,,,,,,,,,,,,,,,,,,,,,,,,,,,,,,,,,,,,,,,,,,,,,,,,,,,,,,,,,,,,,,,,,,,,,,,,,,,,,,,,,,,,,,,,,,,,,,,,,,,,,,,,,,,,,,,,,,,,,,,,,,,,,,,,,,,,,,,,,,,,,,,,,,,,,,,,,,,,,,,,,,,,,,,,,,,,,,,,,,,,,,,,,,,,,,,,,,,,,,,,,,,,,,,,,,,,,,,,,,,,,,,,,,,,,,,,,,,,,,,,,,,,,,,,,,,,,,,,,,,,,,,,,,,,,,,,,,,,,,,,,,,,,,,,,,,,,,,,,,,,,,,,,,,,,,,,,,,,,,,,,,,,,,,,,,,,,,,,,,,,,,,,,,,,,,,,,,,,,,,,,,,,,,,,,,,,,,,,,,,,,,,,,,,,,,,,,,,,,,,,,,,,,,,,,,,,,,,,,,,,,,,,,,,,,,,,,,,,,,,,,,,,,,,,,,,,,,,,,,,,,,,,,,,,,,,,,,,,,,,,,,,,,,,,,,,,,,,,,,,,,,,,,,,,,,,,,,,,,,,,,,,,,,,,,,,,,,,,,,,,,,,,,,,,,,,,,,,,,,,,,,,,,,,,,,,,,,,,,,,,,,,,,,,,,,,,,,,,,,,,,,,,,,,,,,,,,,,,,,,,,,,,,,,,,,,,,,,,,,,,,,,,,,,,,,,,,,,,,,,,,,,,,,,,,,,,,,,,,,,,,,,,,,,,,,,,,,,,,,,,,,,,,,,,,,,,,,,,,,,,,,,,,,,,,,,,,,,,,,,,,,,,,,,,,,,,,,,,,,,,,,,,,,,,,,,,,,,,,,,,,,,,,,,,,,,,,,,,,,,,,,,,,,,,,,,,,,,,,,,,,,,,,,,,,,,,,,,,,,,,,,,,,,,,,,,,,,,,,,,,,,,,,,,,,,,,,,,,,,,,,,,,,,,,,,,,,,,,,,,,,,,,,,,,,,,,,,,,,
,,,,,,,,,,,,,,,,,,,,,,,,,,,,,,,,,,,,,,,,,,,,,,,,,,,,,,,,,,,,,,,,,,,,,,,,,,,,,,,,,,,,,,,,,,,,,,,,,,,,,,,,,,,,,,,,,,,,,,,,,,,,,,,,,,,,,,,,,,,,,,,,,,,,,,,,,,,,,,,,,,,,,,,,,,,,,,,,,,,,,,,,,,,,,,,,,,,,,,,,,,,,,,,,,,,,,,,,,,,,,,,,,,,,,,,,,,,,,,,,,,,,,,,,,,,,,,,,,,,,,,,,,,,,,,,,,,,,,,,,,,,,,,,,,,,,,,,,,,,,,,,,,,,,,,,,,,,,,,,,,,,,,,,,,,,,,,,,,,,,,,,,,,,,,,,,,,,,,,,,,,,,,,,,,,,,,,,,,,,,,,,,,,,,,,,,,,,,,,,,,,,,,,,,,,,,,,,,,,,,,,,,,,,,,,,,,,,,,,,,,,,,,,,,,,,,,,,,,,,,,,,,,,,,,,,,,,,,,,,,,,,,,,,,,,,,,,,,,,,,,,,,,,,,,,,,,,,,,,,,,,,,,,,,,,,,,,,,,,,,,,,,,,,,,,,,,,,,,,,,,,,,,,,,,,,,,,,,,,,,,,,,,,,,,,,,,,,,,,,,,,,,,,,,,,,,,,,,,,,,,,,,,,,,,,,,,,,,,,,,,,,,,,,,,,,,,,,,,,,,,,,,,,,,,,,,,,,,,,,,,,,,,,,,,,,,,,,,,,,,,,,,,,,,,,,,,,,,,,,,,,,,,,,,,,,,,,,,,,,,,,,,,,,,,,,,,,,,,,,,,,,,,,,,,,,,,,,,,,,,,,,,,,,,,,,,,,,,,,,,,,,,,,,,,,,,,,,,,,,,,,,,,,,,,,,,,,,,,,,,,,,,,,,,,,,,,,,,,,,,,,,,,,,,,,,,,,,,,,,,,,,,,,,,,,,,,,,,,,,,,,,,,,,,,,,,,,,,,,,,,,,,,,,,,,,,,,,,,,,,,,,,,,,,,,,,,,,,,,,,,,,,,,,,,,,,,,,,,,,,,,,,,,,,,,,,,,,,,,,,,,,,,,,,,,,,,,,,,,,,,,,
,,,,,,,,,,,,,,,,,,,,,,,,,,,,,,,,,,,,,,,,,,,,,,,,,,,,,,,,,,,,,,,,,,,,,,,,,,,,,,,,,,,,,,,,,,,,,,,,,,,,,,,,,,,,,,,,,,,,,,,,,,,,,,,,,,,,,,,,,,,,,,,,,,,,,,,,,,,,,,,,,,,,,,,,,,,,,,,,,,,,,,,,,,,,,,,,,,,,,,,,,,,,,,,,,,,,,,,,,,,,,,,,,,,,,,,,,,,,,,,,,,,,,,,,,,,,,,,,,,,,,,,,,,,,,,,,,,,,,,,,,,,,,,,,,,,,,,,,,,,,,,,,,,,,,,,,,,,,,,,,,,,,,,,,,,,,,,,,,,,,,,,,,,,,,,,,,,,,,,,,,,,,,,,,,,,,,,,,,,,,,,,,,,,,,,,,,,,,,,,,,,,,,,,,,,,,,,,,,,,,,,,,,,,,,,,,,,,,,,,,,,,,,,,,,,,,,,,,,,,,,,,,,,,,,,,,,,,,,,,,,,,,,,,,,,,,,,,,,,,,,,,,,,,,,,,,,,,,,,,,,,,,,,,,,,,,,,,,,,,,,,,,,,,,,,,,,,,,,,,,,,,,,,,,,,,,,,,,,,,,,,,,,,,,,,,,,,,,,,,,,,,,,,,,,,,,,,,,,,,,,,,,,,,,,,,,,,,,,,,,,,,,,,,,,,,,,,,,,,,,,,,,,,,,,,,,,,,,,,,,,,,,,,,,,,,,,,,,,,,,,,,,,,,,,,,,,,,,,,,,,,,,,,,,,,,,,,,,,,,,,,,,,,,,,,,,,,,,,,,,,,,,,,,,,,,,,,,,,,,,,,,,,,,,,,,,,,,,,,,,,,,,,,,,,,,,,,,,,,,,,,,,,,,,,,,,,,,,,,,,,,,,,,,,,,,,,,,,,,,,,,,,,,,,,,,,,,,,,,,,,,,,,,,,,,,,,,,,,,,,,,,,,,,,,,,,,,,,,,,,,,,,,,,,,,,,,,,,,,,,,,,,,,,,,,,,,,,,,,,,,,,,,,,,,,,,,,,,,,,,,,,,,,,,,,,,,,,,,,,,,,,,,,,,,,,,,,,,,,,,,,,
,,,,,,,,,,,,,,,,,,,,,,,,,,,,,,,,,,,,,,,,,,,,,,,,,,,,,,,,,,,,,,,,,,,,,,,,,,,,,,,,,,,,,,,,,,,,,,,,,,,,,,,,,,,,,,,,,,,,,,,,,,,,,,,,,,,,,,,,,,,,,,,,,,,,,,,,,,,,,,,,,,,,,,,,,,,,,,,,,,,,,,,,,,,,,,,,,,,,,,,,,,,,,,,,,,,,,,,,,,,,,,,,,,,,,,,,,,,,,,,,,,,,,,,,,,,,,,,,,,,,,,,,,,,,,,,,,,,,,,,,,,,,,,,,,,,,,,,,,,,,,,,,,,,,,,,,,,,,,,,,,,,,,,,,,,,,,,,,,,,,,,,,,,,,,,,,,,,,,,,,,,,,,,,,,,,,,,,,,,,,,,,,,,,,,,,,,,,,,,,,,,,,,,,,,,,,,,,,,,,,,,,,,,,,,,,,,,,,,,,,,,,,,,,,,,,,,,,,,,,,,,,,,,,,,,,,,,,,,,,,,,,,,,,,,,,,,,,,,,,,,,,,,,,,,,,,,,,,,,,,,,,,,,,,,,,,,,,,,,,,,,,,,,,,,,,,,,,,,,,,,,,,,,,,,,,,,,,,,,,,,,,,,,,,,,,,,,,,,,,,,,,,,,,,,,,,,,,,,,,,,,,,,,,,,,,,,,,,,,,,,,,,,,,,,,,,,,,,,,,,,,,,,,,,,,,,,,,,,,,,,,,,,,,,,,,,,,,,,,,,,,,,,,,,,,,,,,,,,,,,,,,,,,,,,,,,,,,,,,,,,,,,,,,,,,,,,,,,,,,,,,,,,,,,,,,,,,,,,,,,,,,,,,,,,,,,,,,,,,,,,,,,,,,,,,,,,,,,,,,,,,,,,,,,,,,,,,,,,,,,,,,,,,,,,,,,,,,,,,,,,,,,,,,,,,,,,,,,,,,,,,,,,,,,,,,,,,,,,,,,,,,,,,,,,,,,,,,,,,,,,,,,,,,,,,,,,,,,,,,,,,,,,,,,,,,,,,,,,,,,,,,,,,,,,,,,,,,,,,,,,,,,,,,,,,,,,,,,,,,,,,,,,,,,,,,,,,,,,,,,,,,
,,,,,,,,,,,,,,,,,,,,,,,,,,,,,,,,,,,,,,,,,,,,,,,,,,,,,,,,,,,,,,,,,,,,,,,,,,,,,,,,,,,,,,,,,,,,,,,,,,,,,,,,,,,,,,,,,,,,,,,,,,,,,,,,,,,,,,,,,,,,,,,,,,,,,,,,,,,,,,,,,,,,,,,,,,,,,,,,,,,,,,,,,,,,,,,,,,,,,,,,,,,,,,,,,,,,,,,,,,,,,,,,,,,,,,,,,,,,,,,,,,,,,,,,,,,,,,,,,,,,,,,,,,,,,,,,,,,,,,,,,,,,,,,,,,,,,,,,,,,,,,,,,,,,,,,,,,,,,,,,,,,,,,,,,,,,,,,,,,,,,,,,,,,,,,,,,,,,,,,,,,,,,,,,,,,,,,,,,,,,,,,,,,,,,,,,,,,,,,,,,,,,,,,,,,,,,,,,,,,,,,,,,,,,,,,,,,,,,,,,,,,,,,,,,,,,,,,,,,,,,,,,,,,,,,,,,,,,,,,,,,,,,,,,,,,,,,,,,,,,,,,,,,,,,,,,,,,,,,,,,,,,,,,,,,,,,,,,,,,,,,,,,,,,,,,,,,,,,,,,,,,,,,,,,,,,,,,,,,,,,,,,,,,,,,,,,,,,,,,,,,,,,,,,,,,,,,,,,,,,,,,,,,,,,,,,,,,,,,,,,,,,,,,,,,,,,,,,,,,,,,,,,,,,,,,,,,,,,,,,,,,,,,,,,,,,,,,,,,,,,,,,,,,,,,,,,,,,,,,,,,,,,,,,,,,,,,,,,,,,,,,,,,,,,,,,,,,,,,,,,,,,,,,,,,,,,,,,,,,,,,,,,,,,,,,,,,,,,,,,,,,,,,,,,,,,,,,,,,,,,,,,,,,,,,,,,,,,,,,,,,,,,,,,,,,,,,,,,,,,,,,,,,,,,,,,,,,,,,,,,,,,,,,,,,,,,,,,,,,,,,,,,,,,,,,,,,,,,,,,,,,,,,,,,,,,,,,,,,,,,,,,,,,,,,,,,,,,,,,,,,,,,,,,,,,,,,,,,,,,,,,,,,,,,,,,,,,,,,,,,,,,,,,,,,,,,,,,,,,,,,,
,,,,,,,,,,,,,,,,,,,,,,,,,,,,,,,,,,,,,,,,,,,,,,,,,,,,,,,,,,,,,,,,,,,,,,,,,,,,,,,,,,,,,,,,,,,,,,,,,,,,,,,,,,,,,,,,,,,,,,,,,,,,,,,,,,,,,,,,,,,,,,,,,,,,,,,,,,,,,,,,,,,,,,,,,,,,,,,,,,,,,,,,,,,,,,,,,,,,,,,,,,,,,,,,,,,,,,,,,,,,,,,,,,,,,,,,,,,,,,,,,,,,,,,,,,,,,,,,,,,,,,,,,,,,,,,,,,,,,,,,,,,,,,,,,,,,,,,,,,,,,,,,,,,,,,,,,,,,,,,,,,,,,,,,,,,,,,,,,,,,,,,,,,,,,,,,,,,,,,,,,,,,,,,,,,,,,,,,,,,,,,,,,,,,,,,,,,,,,,,,,,,,,,,,,,,,,,,,,,,,,,,,,,,,,,,,,,,,,,,,,,,,,,,,,,,,,,,,,,,,,,,,,,,,,,,,,,,,,,,,,,,,,,,,,,,,,,,,,,,,,,,,,,,,,,,,,,,,,,,,,,,,,,,,,,,,,,,,,,,,,,,,,,,,,,,,,,,,,,,,,,,,,,,,,,,,,,,,,,,,,,,,,,,,,,,,,,,,,,,,,,,,,,,,,,,,,,,,,,,,,,,,,,,,,,,,,,,,,,,,,,,,,,,,,,,,,,,,,,,,,,,,,,,,,,,,,,,,,,,,,,,,,,,,,,,,,,,,,,,,,,,,,,,,,,,,,,,,,,,,,,,,,,,,,,,,,,,,,,,,,,,,,,,,,,,,,,,,,,,,,,,,,,,,,,,,,,,,,,,,,,,,,,,,,,,,,,,,,,,,,,,,,,,,,,,,,,,,,,,,,,,,,,,,,,,,,,,,,,,,,,,,,,,,,,,,,,,,,,,,,,,,,,,,,,,,,,,,,,,,,,,,,,,,,,,,,,,,,,,,,,,,,,,,,,,,,,,,,,,,,,,,,,,,,,,,,,,,,,,,,,,,,,,,,,,,,,,,,,,,,,,,,,,,,,,,,,,,,,,,,,,,,,,,,,,,,,,,,,,,,,,,,,,,,,,,,,,,,,,,,,,
,,,,,,,,,,,,,,,,,,,,,,,,,,,,,,,,,,,,,,,,,,,,,,,,,,,,,,,,,,,,,,,,,,,,,,,,,,,,,,,,,,,,,,,,,,,,,,,,,,,,,,,,,,,,,,,,,,,,,,,,,,,,,,,,,,,,,,,,,,,,,,,,,,,,,,,,,,,,,,,,,,,,,,,,,,,,,,,,,,,,,,,,,,,,,,,,,,,,,,,,,,,,,,,,,,,,,,,,,,,,,,,,,,,,,,,,,,,,,,,,,,,,,,,,,,,,,,,,,,,,,,,,,,,,,,,,,,,,,,,,,,,,,,,,,,,,,,,,,,,,,,,,,,,,,,,,,,,,,,,,,,,,,,,,,,,,,,,,,,,,,,,,,,,,,,,,,,,,,,,,,,,,,,,,,,,,,,,,,,,,,,,,,,,,,,,,,,,,,,,,,,,,,,,,,,,,,,,,,,,,,,,,,,,,,,,,,,,,,,,,,,,,,,,,,,,,,,,,,,,,,,,,,,,,,,,,,,,,,,,,,,,,,,,,,,,,,,,,,,,,,,,,,,,,,,,,,,,,,,,,,,,,,,,,,,,,,,,,,,,,,,,,,,,,,,,,,,,,,,,,,,,,,,,,,,,,,,,,,,,,,,,,,,,,,,,,,,,,,,,,,,,,,,,,,,,,,,,,,,,,,,,,,,,,,,,,,,,,,,,,,,,,,,,,,,,,,,,,,,,,,,,,,,,,,,,,,,,,,,,,,,,,,,,,,,,,,,,,,,,,,,,,,,,,,,,,,,,,,,,,,,,,,,,,,,,,,,,,,,,,,,,,,,,,,,,,,,,,,,,,,,,,,,,,,,,,,,,,,,,,,,,,,,,,,,,,,,,,,,,,,,,,,,,,,,,,,,,,,,,,,,,,,,,,,,,,,,,,,,,,,,,,,,,,,,,,,,,,,,,,,,,,,,,,,,,,,,,,,,,,,,,,,,,,,,,,,,,,,,,,,,,,,,,,,,,,,,,,,,,,,,,,,,,,,,,,,,,,,,,,,,,,,,,,,,,,,,,,,,,,,,,,,,,,,,,,,,,,,,,,,,,,,,,,,,,,,,,,,,,,,,,,,,,,,,,,,,,,,,,,,,,
,,,,,,,,,,,,,,,,,,,,,,,,,,,,,,,,,,,,,,,,,,,,,,,,,,,,,,,,,,,,,,,,,,,,,,,,,,,,,,,,,,,,,,,,,,,,,,,,,,,,,,,,,,,,,,,,,,,,,,,,,,,,,,,,,,,,,,,,,,,,,,,,,,,,,,,,,,,,,,,,,,,,,,,,,,,,,,,,,,,,,,,,,,,,,,,,,,,,,,,,,,,,,,,,,,,,,,,,,,,,,,,,,,,,,,,,,,,,,,,,,,,,,,,,,,,,,,,,,,,,,,,,,,,,,,,,,,,,,,,,,,,,,,,,,,,,,,,,,,,,,,,,,,,,,,,,,,,,,,,,,,,,,,,,,,,,,,,,,,,,,,,,,,,,,,,,,,,,,,,,,,,,,,,,,,,,,,,,,,,,,,,,,,,,,,,,,,,,,,,,,,,,,,,,,,,,,,,,,,,,,,,,,,,,,,,,,,,,,,,,,,,,,,,,,,,,,,,,,,,,,,,,,,,,,,,,,,,,,,,,,,,,,,,,,,,,,,,,,,,,,,,,,,,,,,,,,,,,,,,,,,,,,,,,,,,,,,,,,,,,,,,,,,,,,,,,,,,,,,,,,,,,,,,,,,,,,,,,,,,,,,,,,,,,,,,,,,,,,,,,,,,,,,,,,,,,,,,,,,,,,,,,,,,,,,,,,,,,,,,,,,,,,,,,,,,,,,,,,,,,,,,,,,,,,,,,,,,,,,,,,,,,,,,,,,,,,,,,,,,,,,,,,,,,,,,,,,,,,,,,,,,,,,,,,,,,,,,,,,,,,,,,,,,,,,,,,,,,,,,,,,,,,,,,,,,,,,,,,,,,,,,,,,,,,,,,,,,,,,,,,,,,,,,,,,,,,,,,,,,,,,,,,,,,,,,,,,,,,,,,,,,,,,,,,,,,,,,,,,,,,,,,,,,,,,,,,,,,,,,,,,,,,,,,,,,,,,,,,,,,,,,,,,,,,,,,,,,,,,,,,,,,,,,,,,,,,,,,,,,,,,,,,,,,,,,,,,,,,,,,,,,,,,,,,,,,,,,,,,,,,,,,,,,,,,,,,,,,,,,,,,,,,,,,,,,,,,,,,,,,,,,
,,,,,,,,,,,,,,,,,,,,,,,,,,,,,,,,,,,,,,,,,,,,,,,,,,,,,,,,,,,,,,,,,,,,,,,,,,,,,,,,,,,,,,,,,,,,,,,,,,,,,,,,,,,,,,,,,,,,,,,,,,,,,,,,,,,,,,,,,,,,,,,,,,,,,,,,,,,,,,,,,,,,,,,,,,,,,,,,,,,,,,,,,,,,,,,,,,,,,,,,,,,,,,,,,,,,,,,,,,,,,,,,,,,,,,,,,,,,,,,,,,,,,,,,,,,,,,,,,,,,,,,,,,,,,,,,,,,,,,,,,,,,,,,,,,,,,,,,,,,,,,,,,,,,,,,,,,,,,,,,,,,,,,,,,,,,,,,,,,,,,,,,,,,,,,,,,,,,,,,,,,,,,,,,,,,,,,,,,,,,,,,,,,,,,,,,,,,,,,,,,,,,,,,,,,,,,,,,,,,,,,,,,,,,,,,,,,,,,,,,,,,,,,,,,,,,,,,,,,,,,,,,,,,,,,,,,,,,,,,,,,,,,,,,,,,,,,,,,,,,,,,,,,,,,,,,,,,,,,,,,,,,,,,,,,,,,,,,,,,,,,,,,,,,,,,,,,,,,,,,,,,,,,,,,,,,,,,,,,,,,,,,,,,,,,,,,,,,,,,,,,,,,,,,,,,,,,,,,,,,,,,,,,,,,,,,,,,,,,,,,,,,,,,,,,,,,,,,,,,,,,,,,,,,,,,,,,,,,,,,,,,,,,,,,,,,,,,,,,,,,,,,,,,,,,,,,,,,,,,,,,,,,,,,,,,,,,,,,,,,,,,,,,,,,,,,,,,,,,,,,,,,,,,,,,,,,,,,,,,,,,,,,,,,,,,,,,,,,,,,,,,,,,,,,,,,,,,,,,,,,,,,,,,,,,,,,,,,,,,,,,,,,,,,,,,,,,,,,,,,,,,,,,,,,,,,,,,,,,,,,,,,,,,,,,,,,,,,,,,,,,,,,,,,,,,,,,,,,,,,,,,,,,,,,,,,,,,,,,,,,,,,,,,,,,,,,,,,,,,,,,,,,,,,,,,,,,,,,,,,,,,,,,,,,,,,,,,,,,,,,,,,,,,,,,,,,,,,,,,,,,,
,,,,,,,,,,,,,,,,,,,,,,,,,,,,,,,,,,,,,,,,,,,,,,,,,,,,,,,,,,,,,,,,,,,,,,,,,,,,,,,,,,,,,,,,,,,,,,,,,,,,,,,,,,,,,,,,,,,,,,,,,,,,,,,,,,,,,,,,,,,,,,,,,,,,,,,,,,,,,,,,,,,,,,,,,,,,,,,,,,,,,,,,,,,,,,,,,,,,,,,,,,,,,,,,,,,,,,,,,,,,,,,,,,,,,,,,,,,,,,,,,,,,,,,,,,,,,,,,,,,,,,,,,,,,,,,,,,,,,,,,,,,,,,,,,,,,,,,,,,,,,,,,,,,,,,,,,,,,,,,,,,,,,,,,,,,,,,,,,,,,,,,,,,,,,,,,,,,,,,,,,,,,,,,,,,,,,,,,,,,,,,,,,,,,,,,,,,,,,,,,,,,,,,,,,,,,,,,,,,,,,,,,,,,,,,,,,,,,,,,,,,,,,,,,,,,,,,,,,,,,,,,,,,,,,,,,,,,,,,,,,,,,,,,,,,,,,,,,,,,,,,,,,,,,,,,,,,,,,,,,,,,,,,,,,,,,,,,,,,,,,,,,,,,,,,,,,,,,,,,,,,,,,,,,,,,,,,,,,,,,,,,,,,,,,,,,,,,,,,,,,,,,,,,,,,,,,,,,,,,,,,,,,,,,,,,,,,,,,,,,,,,,,,,,,,,,,,,,,,,,,,,,,,,,,,,,,,,,,,,,,,,,,,,,,,,,,,,,,,,,,,,,,,,,,,,,,,,,,,,,,,,,,,,,,,,,,,,,,,,,,,,,,,,,,,,,,,,,,,,,,,,,,,,,,,,,,,,,,,,,,,,,,,,,,,,,,,,,,,,,,,,,,,,,,,,,,,,,,,,,,,,,,,,,,,,,,,,,,,,,,,,,,,,,,,,,,,,,,,,,,,,,,,,,,,,,,,,,,,,,,,,,,,,,,,,,,,,,,,,,,,,,,,,,,,,,,,,,,,,,,,,,,,,,,,,,,,,,,,,,,,,,,,,,,,,,,,,,,,,,,,,,,,,,,,,,,,,,,,,,,,,,,,,,,,,,,,,,,,,,,,,,,,,,,,,,,,,,,,,,,,,
,,,,,,,,,,,,,,,,,,,,,,,,,,,,,,,,,,,,,,,,,,,,,,,,,,,,,,,,,,,,,,,,,,,,,,,,,,,,,,,,,,,,,,,,,,,,,,,,,,,,,,,,,,,,,,,,,,,,,,,,,,,,,,,,,,,,,,,,,,,,,,,,,,,,,,,,,,,,,,,,,,,,,,,,,,,,,,,,,,,,,,,,,,,,,,,,,,,,,,,,,,,,,,,,,,,,,,,,,,,,,,,,,,,,,,,,,,,,,,,,,,,,,,,,,,,,,,,,,,,,,,,,,,,,,,,,,,,,,,,,,,,,,,,,,,,,,,,,,,,,,,,,,,,,,,,,,,,,,,,,,,,,,,,,,,,,,,,,,,,,,,,,,,,,,,,,,,,,,,,,,,,,,,,,,,,,,,,,,,,,,,,,,,,,,,,,,,,,,,,,,,,,,,,,,,,,,,,,,,,,,,,,,,,,,,,,,,,,,,,,,,,,,,,,,,,,,,,,,,,,,,,,,,,,,,,,,,,,,,,,,,,,,,,,,,,,,,,,,,,,,,,,,,,,,,,,,,,,,,,,,,,,,,,,,,,,,,,,,,,,,,,,,,,,,,,,,,,,,,,,,,,,,,,,,,,,,,,,,,,,,,,,,,,,,,,,,,,,,,,,,,,,,,,,,,,,,,,,,,,,,,,,,,,,,,,,,,,,,,,,,,,,,,,,,,,,,,,,,,,,,,,,,,,,,,,,,,,,,,,,,,,,,,,,,,,,,,,,,,,,,,,,,,,,,,,,,,,,,,,,,,,,,,,,,,,,,,,,,,,,,,,,,,,,,,,,,,,,,,,,,,,,,,,,,,,,,,,,,,,,,,,,,,,,,,,,,,,,,,,,,,,,,,,,,,,,,,,,,,,,,,,,,,,,,,,,,,,,,,,,,,,,,,,,,,,,,,,,,,,,,,,,,,,,,,,,,,,,,,,,,,,,,,,,,,,,,,,,,,,,,,,,,,,,,,,,,,,,,,,,,,,,,,,,,,,,,,,,,,,,,,,,,,,,,,,,,,,,,,,,,,,,,,,,,,,,,,,,,,,,,,,,,,,,,,,,,,,,,,,,,,,,,,,,,,,,,,,,,,,,,,,
,,,,,,,,,,,,,,,,,,,,,,,,,,,,,,,,,,,,,,,,,,,,,,,,,,,,,,,,,,,,,,,,,,,,,,,,,,,,,,,,,,,,,,,,,,,,,,,,,,,,,,,,,,,,,,,,,,,,,,,,,,,,,,,,,,,,,,,,,,,,,,,,,,,,,,,,,,,,,,,,,,,,,,,,,,,,,,,,,,,,,,,,,,,,,,,,,,,,,,,,,,,,,,,,,,,,,,,,,,,,,,,,,,,,,,,,,,,,,,,,,,,,,,,,,,,,,,,,,,,,,,,,,,,,,,,,,,,,,,,,,,,,,,,,,,,,,,,,,,,,,,,,,,,,,,,,,,,,,,,,,,,,,,,,,,,,,,,,,,,,,,,,,,,,,,,,,,,,,,,,,,,,,,,,,,,,,,,,,,,,,,,,,,,,,,,,,,,,,,,,,,,,,,,,,,,,,,,,,,,,,,,,,,,,,,,,,,,,,,,,,,,,,,,,,,,,,,,,,,,,,,,,,,,,,,,,,,,,,,,,,,,,,,,,,,,,,,,,,,,,,,,,,,,,,,,,,,,,,,,,,,,,,,,,,,,,,,,,,,,,,,,,,,,,,,,,,,,,,,,,,,,,,,,,,,,,,,,,,,,,,,,,,,,,,,,,,,,,,,,,,,,,,,,,,,,,,,,,,,,,,,,,,,,,,,,,,,,,,,,,,,,,,,,,,,,,,,,,,,,,,,,,,,,,,,,,,,,,,,,,,,,,,,,,,,,,,,,,,,,,,,,,,,,,,,,,,,,,,,,,,,,,,,,,,,,,,,,,,,,,,,,,,,,,,,,,,,,,,,,,,,,,,,,,,,,,,,,,,,,,,,,,,,,,,,,,,,,,,,,,,,,,,,,,,,,,,,,,,,,,,,,,,,,,,,,,,,,,,,,,,,,,,,,,,,,,,,,,,,,,,,,,,,,,,,,,,,,,,,,,,,,,,,,,,,,,,,,,,,,,,,,,,,,,,,,,,,,,,,,,,,,,,,,,,,,,,,,,,,,,,,,,,,,,,,,,,,,,,,,,,,,,,,,,,,,,,,,,,,,,,,,,,,,,,,,,,,,,,,,,,,,,,,,,,,,,,,,,,,,,,,,
,,,,,,,,,,,,,,,,,,,,,,,,,,,,,,,,,,,,,,,,,,,,,,,,,,,,,,,,,,,,,,,,,,,,,,,,,,,,,,,,,,,,,,,,,,,,,,,,,,,,,,,,,,,,,,,,,,,,,,,,,,,,,,,,,,,,,,,,,,,,,,,,,,,,,,,,,,,,,,,,,,,,,,,,,,,,,,,,,,,,,,,,,,,,,,,,,,,,,,,,,,,,,,,,,,,,,,,,,,,,,,,,,,,,,,,,,,,,,,,,,,,,,,,,,,,,,,,,,,,,,,,,,,,,,,,,,,,,,,,,,,,,,,,,,,,,,,,,,,,,,,,,,,,,,,,,,,,,,,,,,,,,,,,,,,,,,,,,,,,,,,,,,,,,,,,,,,,,,,,,,,,,,,,,,,,,,,,,,,,,,,,,,,,,,,,,,,,,,,,,,,,,,,,,,,,,,,,,,,,,,,,,,,,,,,,,,,,,,,,,,,,,,,,,,,,,,,,,,,,,,,,,,,,,,,,,,,,,,,,,,,,,,,,,,,,,,,,,,,,,,,,,,,,,,,,,,,,,,,,,,,,,,,,,,,,,,,,,,,,,,,,,,,,,,,,,,,,,,,,,,,,,,,,,,,,,,,,,,,,,,,,,,,,,,,,,,,,,,,,,,,,,,,,,,,,,,,,,,,,,,,,,,,,,,,,,,,,,,,,,,,,,,,,,,,,,,,,,,,,,,,,,,,,,,,,,,,,,,,,,,,,,,,,,,,,,,,,,,,,,,,,,,,,,,,,,,,,,,,,,,,,,,,,,,,,,,,,,,,,,,,,,,,,,,,,,,,,,,,,,,,,,,,,,,,,,,,,,,,,,,,,,,,,,,,,,,,,,,,,,,,,,,,,,,,,,,,,,,,,,,,,,,,,,,,,,,,,,,,,,,,,,,,,,,,,,,,,,,,,,,,,,,,,,,,,,,,,,,,,,,,,,,,,,,,,,,,,,,,,,,,,,,,,,,,,,,,,,,,,,,,,,,,,,,,,,,,,,,,,,,,,,,,,,,,,,,,,,,,,,,,,,,,,,,,,,,,,,,,,,,,,,,,,,,,,,,,,,,,,,,,,,,,,,,,,,,,,,,,,,,,,
,,,,,,,,,,,,,,,,,,,,,,,,,,,,,,,,,,,,,,,,,,,,,,,,,,,,,,,,,,,,,,,,,,,,,,,,,,,,,,,,,,,,,,,,,,,,,,,,,,,,,,,,,,,,,,,,,,,,,,,,,,,,,,,,,,,,,,,,,,,,,,,,,,,,,,,,,,,,,,,,,,,,,,,,,,,,,,,,,,,,,,,,,,,,,,,,,,,,,,,,,,,,,,,,,,,,,,,,,,,,,,,,,,,,,,,,,,,,,,,,,,,,,,,,,,,,,,,,,,,,,,,,,,,,,,,,,,,,,,,,,,,,,,,,,,,,,,,,,,,,,,,,,,,,,,,,,,,,,,,,,,,,,,,,,,,,,,,,,,,,,,,,,,,,,,,,,,,,,,,,,,,,,,,,,,,,,,,,,,,,,,,,,,,,,,,,,,,,,,,,,,,,,,,,,,,,,,,,,,,,,,,,,,,,,,,,,,,,,,,,,,,,,,,,,,,,,,,,,,,,,,,,,,,,,,,,,,,,,,,,,,,,,,,,,,,,,,,,,,,,,,,,,,,,,,,,,,,,,,,,,,,,,,,,,,,,,,,,,,,,,,,,,,,,,,,,,,,,,,,,,,,,,,,,,,,,,,,,,,,,,,,,,,,,,,,,,,,,,,,,,,,,,,,,,,,,,,,,,,,,,,,,,,,,,,,,,,,,,,,,,,,,,,,,,,,,,,,,,,,,,,,,,,,,,,,,,,,,,,,,,,,,,,,,,,,,,,,,,,,,,,,,,,,,,,,,,,,,,,,,,,,,,,,,,,,,,,,,,,,,,,,,,,,,,,,,,,,,,,,,,,,,,,,,,,,,,,,,,,,,,,,,,,,,,,,,,,,,,,,,,,,,,,,,,,,,,,,,,,,,,,,,,,,,,,,,,,,,,,,,,,,,,,,,,,,,,,,,,,,,,,,,,,,,,,,,,,,,,,,,,,,,,,,,,,,,,,,,,,,,,,,,,,,,,,,,,,,,,,,,,,,,,,,,,,,,,,,,,,,,,,,,,,,,,,,,,,,,,,,,,,,,,,,,,,,,,,,,,,,,,,,,,,,,,,,,,,,,,,,,,,,,,,,,,,,,,,,,,,,,,,,
,,,,,,,,,,,,,,,,,,,,,,,,,,,,,,,,,,,,,,,,,,,,,,,,,,,,,,,,,,,,,,,,,,,,,,,,,,,,,,,,,,,,,,,,,,,,,,,,,,,,,,,,,,,,,,,,,,,,,,,,,,,,,,,,,,,,,,,,,,,,,,,,,,,,,,,,,,,,,,,,,,,,,,,,,,,,,,,,,,,,,,,,,,,,,,,,,,,,,,,,,,,,,,,,,,,,,,,,,,,,,,,,,,,,,,,,,,,,,,,,,,,,,,,,,,,,,,,,,,,,,,,,,,,,,,,,,,,,,,,,,,,,,,,,,,,,,,,,,,,,,,,,,,,,,,,,,,,,,,,,,,,,,,,,,,,,,,,,,,,,,,,,,,,,,,,,,,,,,,,,,,,,,,,,,,,,,,,,,,,,,,,,,,,,,,,,,,,,,,,,,,,,,,,,,,,,,,,,,,,,,,,,,,,,,,,,,,,,,,,,,,,,,,,,,,,,,,,,,,,,,,,,,,,,,,,,,,,,,,,,,,,,,,,,,,,,,,,,,,,,,,,,,,,,,,,,,,,,,,,,,,,,,,,,,,,,,,,,,,,,,,,,,,,,,,,,,,,,,,,,,,,,,,,,,,,,,,,,,,,,,,,,,,,,,,,,,,,,,,,,,,,,,,,,,,,,,,,,,,,,,,,,,,,,,,,,,,,,,,,,,,,,,,,,,,,,,,,,,,,,,,,,,,,,,,,,,,,,,,,,,,,,,,,,,,,,,,,,,,,,,,,,,,,,,,,,,,,,,,,,,,,,,,,,,,,,,,,,,,,,,,,,,,,,,,,,,,,,,,,,,,,,,,,,,,,,,,,,,,,,,,,,,,,,,,,,,,,,,,,,,,,,,,,,,,,,,,,,,,,,,,,,,,,,,,,,,,,,,,,,,,,,,,,,,,,,,,,,,,,,,,,,,,,,,,,,,,,,,,,,,,,,,,,,,,,,,,,,,,,,,,,,,,,,,,,,,,,,,,,,,,,,,,,,,,,,,,,,,,,,,,,,,,,,,,,,,,,,,,,,,,,,,,,,,,,,,,,,,,,,,,,,,,,,,,,,,,,,,,,,,,,,,,,,,,,,,,,,,,,,,,,
,,,,,,,,,,,,,,,,,,,,,,,,,,,,,,,,,,,,,,,,,,,,,,,,,,,,,,,,,,,,,,,,,,,,,,,,,,,,,,,,,,,,,,,,,,,,,,,,,,,,,,,,,,,,,,,,,,,,,,,,,,,,,,,,,,,,,,,,,,,,,,,,,,,,,,,,,,,,,,,,,,,,,,,,,,,,,,,,,,,,,,,,,,,,,,,,,,,,,,,,,,,,,,,,,,,,,,,,,,,,,,,,,,,,,,,,,,,,,,,,,,,,,,,,,,,,,,,,,,,,,,,,,,,,,,,,,,,,,,,,,,,,,,,,,,,,,,,,,,,,,,,,,,,,,,,,,,,,,,,,,,,,,,,,,,,,,,,,,,,,,,,,,,,,,,,,,,,,,,,,,,,,,,,,,,,,,,,,,,,,,,,,,,,,,,,,,,,,,,,,,,,,,,,,,,,,,,,,,,,,,,,,,,,,,,,,,,,,,,,,,,,,,,,,,,,,,,,,,,,,,,,,,,,,,,,,,,,,,,,,,,,,,,,,,,,,,,,,,,,,,,,,,,,,,,,,,,,,,,,,,,,,,,,,,,,,,,,,,,,,,,,,,,,,,,,,,,,,,,,,,,,,,,,,,,,,,,,,,,,,,,,,,,,,,,,,,,,,,,,,,,,,,,,,,,,,,,,,,,,,,,,,,,,,,,,,,,,,,,,,,,,,,,,,,,,,,,,,,,,,,,,,,,,,,,,,,,,,,,,,,,,,,,,,,,,,,,,,,,,,,,,,,,,,,,,,,,,,,,,,,,,,,,,,,,,,,,,,,,,,,,,,,,,,,,,,,,,,,,,,,,,,,,,,,,,,,,,,,,,,,,,,,,,,,,,,,,,,,,,,,,,,,,,,,,,,,,,,,,,,,,,,,,,,,,,,,,,,,,,,,,,,,,,,,,,,,,,,,,,,,,,,,,,,,,,,,,,,,,,,,,,,,,,,,,,,,,,,,,,,,,,,,,,,,,,,,,,,,,,,,,,,,,,,,,,,,,,,,,,,,,,,,,,,,,,,,,,,,,,,,,,,,,,,,,,,,,,,,,,,,,,,,,,,,,,,,,,,,,,,,,,,,,,,,,,,,,,,,,,,,,,
,,,,,,,,,,,,,,,,,,,,,,,,,,,,,,,,,,,,,,,,,,,,,,,,,,,,,,,,,,,,,,,,,,,,,,,,,,,,,,,,,,,,,,,,,,,,,,,,,,,,,,,,,,,,,,,,,,,,,,,,,,,,,,,,,,,,,,,,,,,,,,,,,,,,,,,,,,,,,,,,,,,,,,,,,,,,,,,,,,,,,,,,,,,,,,,,,,,,,,,,,,,,,,,,,,,,,,,,,,,,,,,,,,,,,,,,,,,,,,,,,,,,,,,,,,,,,,,,,,,,,,,,,,,,,,,,,,,,,,,,,,,,,,,,,,,,,,,,,,,,,,,,,,,,,,,,,,,,,,,,,,,,,,,,,,,,,,,,,,,,,,,,,,,,,,,,,,,,,,,,,,,,,,,,,,,,,,,,,,,,,,,,,,,,,,,,,,,,,,,,,,,,,,,,,,,,,,,,,,,,,,,,,,,,,,,,,,,,,,,,,,,,,,,,,,,,,,,,,,,,,,,,,,,,,,,,,,,,,,,,,,,,,,,,,,,,,,,,,,,,,,,,,,,,,,,,,,,,,,,,,,,,,,,,,,,,,,,,,,,,,,,,,,,,,,,,,,,,,,,,,,,,,,,,,,,,,,,,,,,,,,,,,,,,,,,,,,,,,,,,,,,,,,,,,,,,,,,,,,,,,,,,,,,,,,,,,,,,,,,,,,,,,,,,,,,,,,,,,,,,,,,,,,,,,,,,,,,,,,,,,,,,,,,,,,,,,,,,,,,,,,,,,,,,,,,,,,,,,,,,,,,,,,,,,,,,,,,,,,,,,,,,,,,,,,,,,,,,,,,,,,,,,,,,,,,,,,,,,,,,,,,,,,,,,,,,,,,,,,,,,,,,,,,,,,,,,,,,,,,,,,,,,,,,,,,,,,,,,,,,,,,,,,,,,,,,,,,,,,,,,,,,,,,,,,,,,,,,,,,,,,,,,,,,,,,,,,,,,,,,,,,,,,,,,,,,,,,,,,,,,,,,,,,,,,,,,,,,,,,,,,,,,,,,,,,,,,,,,,,,,,,,,,,,,,,,,,,,,,,,,,,,,,,,,,,,,,,,,,,,,,,,,,,,,,,,,,,,,,,,,,,
,,,,,,,,,,,,,,,,,,,,,,,,,,,,,,,,,,,,,,,,,,,,,,,,,,,,,,,,,,,,,,,,,,,,,,,,,,,,,,,,,,,,,,,,,,,,,,,,,,,,,,,,,,,,,,,,,,,,,,,,,,,,,,,,,,,,,,,,,,,,,,,,,,,,,,,,,,,,,,,,,,,,,,,,,,,,,,,,,,,,,,,,,,,,,,,,,,,,,,,,,,,,,,,,,,,,,,,,,,,,,,,,,,,,,,,,,,,,,,,,,,,,,,,,,,,,,,,,,,,,,,,,,,,,,,,,,,,,,,,,,,,,,,,,,,,,,,,,,,,,,,,,,,,,,,,,,,,,,,,,,,,,,,,,,,,,,,,,,,,,,,,,,,,,,,,,,,,,,,,,,,,,,,,,,,,,,,,,,,,,,,,,,,,,,,,,,,,,,,,,,,,,,,,,,,,,,,,,,,,,,,,,,,,,,,,,,,,,,,,,,,,,,,,,,,,,,,,,,,,,,,,,,,,,,,,,,,,,,,,,,,,,,,,,,,,,,,,,,,,,,,,,,,,,,,,,,,,,,,,,,,,,,,,,,,,,,,,,,,,,,,,,,,,,,,,,,,,,,,,,,,,,,,,,,,,,,,,,,,,,,,,,,,,,,,,,,,,,,,,,,,,,,,,,,,,,,,,,,,,,,,,,,,,,,,,,,,,,,,,,,,,,,,,,,,,,,,,,,,,,,,,,,,,,,,,,,,,,,,,,,,,,,,,,,,,,,,,,,,,,,,,,,,,,,,,,,,,,,,,,,,,,,,,,,,,,,,,,,,,,,,,,,,,,,,,,,,,,,,,,,,,,,,,,,,,,,,,,,,,,,,,,,,,,,,,,,,,,,,,,,,,,,,,,,,,,,,,,,,,,,,,,,,,,,,,,,,,,,,,,,,,,,,,,,,,,,,,,,,,,,,,,,,,,,,,,,,,,,,,,,,,,,,,,,,,,,,,,,,,,,,,,,,,,,,,,,,,,,,,,,,,,,,,,,,,,,,,,,,,,,,,,,,,,,,,,,,,,,,,,,,,,,,,,,,,,,,,,,,,,,,,,,,,,,,,,,,,,,,,,,,,,,,,,,,,,,,,,,,,,,,,
,,,,,,,,,,,,,,,,,,,,,,,,,,,,,,,,,,,,,,,,,,,,,,,,,,,,,,,,,,,,,,,,,,,,,,,,,,,,,,,,,,,,,,,,,,,,,,,,,,,,,,,,,,,,,,,,,,,,,,,,,,,,,,,,,,,,,,,,,,,,,,,,,,,,,,,,,,,,,,,,,,,,,,,,,,,,,,,,,,,,,,,,,,,,,,,,,,,,,,,,,,,,,,,,,,,,,,,,,,,,,,,,,,,,,,,,,,,,,,,,,,,,,,,,,,,,,,,,,,,,,,,,,,,,,,,,,,,,,,,,,,,,,,,,,,,,,,,,,,,,,,,,,,,,,,,,,,,,,,,,,,,,,,,,,,,,,,,,,,,,,,,,,,,,,,,,,,,,,,,,,,,,,,,,,,,,,,,,,,,,,,,,,,,,,,,,,,,,,,,,,,,,,,,,,,,,,,,,,,,,,,,,,,,,,,,,,,,,,,,,,,,,,,,,,,,,,,,,,,,,,,,,,,,,,,,,,,,,,,,,,,,,,,,,,,,,,,,,,,,,,,,,,,,,,,,,,,,,,,,,,,,,,,,,,,,,,,,,,,,,,,,,,,,,,,,,,,,,,,,,,,,,,,,,,,,,,,,,,,,,,,,,,,,,,,,,,,,,,,,,,,,,,,,,,,,,,,,,,,,,,,,,,,,,,,,,,,,,,,,,,,,,,,,,,,,,,,,,,,,,,,,,,,,,,,,,,,,,,,,,,,,,,,,,,,,,,,,,,,,,,,,,,,,,,,,,,,,,,,,,,,,,,,,,,,,,,,,,,,,,,,,,,,,,,,,,,,,,,,,,,,,,,,,,,,,,,,,,,,,,,,,,,,,,,,,,,,,,,,,,,,,,,,,,,,,,,,,,,,,,,,,,,,,,,,,,,,,,,,,,,,,,,,,,,,,,,,,,,,,,,,,,,,,,,,,,,,,,,,,,,,,,,,,,,,,,,,,,,,,,,,,,,,,,,,,,,,,,,,,,,,,,,,,,,,,,,,,,,,,,,,,,,,,,,,,,,,,,,,,,,,,,,,,,,,,,,,,,,,,,,,,,,,,,,,,,,,,,,,,,,,,,,,,,,,,,,,,,,,,,,,,
,,,,,,,,,,,,,,,,,,,,,,,,,,,,,,,,,,,,,,,,,,,,,,,,,,,,,,,,,,,,,,,,,,,,,,,,,,,,,,,,,,,,,,,,,,,,,,,,,,,,,,,,,,,,,,,,,,,,,,,,,,,,,,,,,,,,,,,,,,,,,,,,,,,,,,,,,,,,,,,,,,,,,,,,,,,,,,,,,,,,,,,,,,,,,,,,,,,,,,,,,,,,,,,,,,,,,,,,,,,,,,,,,,,,,,,,,,,,,,,,,,,,,,,,,,,,,,,,,,,,,,,,,,,,,,,,,,,,,,,,,,,,,,,,,,,,,,,,,,,,,,,,,,,,,,,,,,,,,,,,,,,,,,,,,,,,,,,,,,,,,,,,,,,,,,,,,,,,,,,,,,,,,,,,,,,,,,,,,,,,,,,,,,,,,,,,,,,,,,,,,,,,,,,,,,,,,,,,,,,,,,,,,,,,,,,,,,,,,,,,,,,,,,,,,,,,,,,,,,,,,,,,,,,,,,,,,,,,,,,,,,,,,,,,,,,,,,,,,,,,,,,,,,,,,,,,,,,,,,,,,,,,,,,,,,,,,,,,,,,,,,,,,,,,,,,,,,,,,,,,,,,,,,,,,,,,,,,,,,,,,,,,,,,,,,,,,,,,,,,,,,,,,,,,,,,,,,,,,,,,,,,,,,,,,,,,,,,,,,,,,,,,,,,,,,,,,,,,,,,,,,,,,,,,,,,,,,,,,,,,,,,,,,,,,,,,,,,,,,,,,,,,,,,,,,,,,,,,,,,,,,,,,,,,,,,,,,,,,,,,,,,,,,,,,,,,,,,,,,,,,,,,,,,,,,,,,,,,,,,,,,,,,,,,,,,,,,,,,,,,,,,,,,,,,,,,,,,,,,,,,,,,,,,,,,,,,,,,,,,,,,,,,,,,,,,,,,,,,,,,,,,,,,,,,,,,,,,,,,,,,,,,,,,,,,,,,,,,,,,,,,,,,,,,,,,,,,,,,,,,,,,,,,,,,,,,,,,,,,,,,,,,,,,,,,,,,,,,,,,,,,,,,,,,,,,,,,,,,,,,,,,,,,,,,,,,,,,,,,,,,,,,,,,,,,,,,,,,,,,,,,,
,,,,,,,,,,,,,,,,,,,,,,,,,,,,,,,,,,,,,,,,,,,,,,,,,,,,,,,,,,,,,,,,,,,,,,,,,,,,,,,,,,,,,,,,,,,,,,,,,,,,,,,,,,,,,,,,,,,,,,,,,,,,,,,,,,,,,,,,,,,,,,,,,,,,,,,,,,,,,,,,,,,,,,,,,,,,,,,,,,,,,,,,,,,,,,,,,,,,,,,,,,,,,,,,,,,,,,,,,,,,,,,,,,,,,,,,,,,,,,,,,,,,,,,,,,,,,,,,,,,,,,,,,,,,,,,,,,,,,,,,,,,,,,,,,,,,,,,,,,,,,,,,,,,,,,,,,,,,,,,,,,,,,,,,,,,,,,,,,,,,,,,,,,,,,,,,,,,,,,,,,,,,,,,,,,,,,,,,,,,,,,,,,,,,,,,,,,,,,,,,,,,,,,,,,,,,,,,,,,,,,,,,,,,,,,,,,,,,,,,,,,,,,,,,,,,,,,,,,,,,,,,,,,,,,,,,,,,,,,,,,,,,,,,,,,,,,,,,,,,,,,,,,,,,,,,,,,,,,,,,,,,,,,,,,,,,,,,,,,,,,,,,,,,,,,,,,,,,,,,,,,,,,,,,,,,,,,,,,,,,,,,,,,,,,,,,,,,,,,,,,,,,,,,,,,,,,,,,,,,,,,,,,,,,,,,,,,,,,,,,,,,,,,,,,,,,,,,,,,,,,,,,,,,,,,,,,,,,,,,,,,,,,,,,,,,,,,,,,,,,,,,,,,,,,,,,,,,,,,,,,,,,,,,,,,,,,,,,,,,,,,,,,,,,,,,,,,,,,,,,,,,,,,,,,,,,,,,,,,,,,,,,,,,,,,,,,,,,,,,,,,,,,,,,,,,,,,,,,,,,,,,,,,,,,,,,,,,,,,,,,,,,,,,,,,,,,,,,,,,,,,,,,,,,,,,,,,,,,,,,,,,,,,,,,,,,,,,,,,,,,,,,,,,,,,,,,,,,,,,,,,,,,,,,,,,,,,,,,,,,,,,,,,,,,,,,,,,,,,,,,,,,,,,,,,,,,,,,,,,,,,,,,,,,,,,,,,,,,,,,,,,,,,,,,,,,,,,,,,,,,,,
,,,,,,,,,,,,,,,,,,,,,,,,,,,,,,,,,,,,,,,,,,,,,,,,,,,,,,,,,,,,,,,,,,,,,,,,,,,,,,,,,,,,,,,,,,,,,,,,,,,,,,,,,,,,,,,,,,,,,,,,,,,,,,,,,,,,,,,,,,,,,,,,,,,,,,,,,,,,,,,,,,,,,,,,,,,,,,,,,,,,,,,,,,,,,,,,,,,,,,,,,,,,,,,,,,,,,,,,,,,,,,,,,,,,,,,,,,,,,,,,,,,,,,,,,,,,,,,,,,,,,,,,,,,,,,,,,,,,,,,,,,,,,,,,,,,,,,,,,,,,,,,,,,,,,,,,,,,,,,,,,,,,,,,,,,,,,,,,,,,,,,,,,,,,,,,,,,,,,,,,,,,,,,,,,,,,,,,,,,,,,,,,,,,,,,,,,,,,,,,,,,,,,,,,,,,,,,,,,,,,,,,,,,,,,,,,,,,,,,,,,,,,,,,,,,,,,,,,,,,,,,,,,,,,,,,,,,,,,,,,,,,,,,,,,,,,,,,,,,,,,,,,,,,,,,,,,,,,,,,,,,,,,,,,,,,,,,,,,,,,,,,,,,,,,,,,,,,,,,,,,,,,,,,,,,,,,,,,,,,,,,,,,,,,,,,,,,,,,,,,,,,,,,,,,,,,,,,,,,,,,,,,,,,,,,,,,,,,,,,,,,,,,,,,,,,,,,,,,,,,,,,,,,,,,,,,,,,,,,,,,,,,,,,,,,,,,,,,,,,,,,,,,,,,,,,,,,,,,,,,,,,,,,,,,,,,,,,,,,,,,,,,,,,,,,,,,,,,,,,,,,,,,,,,,,,,,,,,,,,,,,,,,,,,,,,,,,,,,,,,,,,,,,,,,,,,,,,,,,,,,,,,,,,,,,,,,,,,,,,,,,,,,,,,,,,,,,,,,,,,,,,,,,,,,,,,,,,,,,,,,,,,,,,,,,,,,,,,,,,,,,,,,,,,,,,,,,,,,,,,,,,,,,,,,,,,,,,,,,,,,,,,,,,,,,,,,,,,,,,,,,,,,,,,,,,,,,,,,,,,,,,,,,,,,,,,,,,,,,,,,,,,,,,,,,,,,,,,,,,,,,,
,,,,,,,,,,,,,,,,,,,,,,,,,,,,,,,,,,,,,,,,,,,,,,,,,,,,,,,,,,,,,,,,,,,,,,,,,,,,,,,,,,,,,,,,,,,,,,,,,,,,,,,,,,,,,,,,,,,,,,,,,,,,,,,,,,,,,,,,,,,,,,,,,,,,,,,,,,,,,,,,,,,,,,,,,,,,,,,,,,,,,,,,,,,,,,,,,,,,,,,,,,,,,,,,,,,,,,,,,,,,,,,,,,,,,,,,,,,,,,,,,,,,,,,,,,,,,,,,,,,,,,,,,,,,,,,,,,,,,,,,,,,,,,,,,,,,,,,,,,,,,,,,,,,,,,,,,,,,,,,,,,,,,,,,,,,,,,,,,,,,,,,,,,,,,,,,,,,,,,,,,,,,,,,,,,,,,,,,,,,,,,,,,,,,,,,,,,,,,,,,,,,,,,,,,,,,,,,,,,,,,,,,,,,,,,,,,,,,,,,,,,,,,,,,,,,,,,,,,,,,,,,,,,,,,,,,,,,,,,,,,,,,,,,,,,,,,,,,,,,,,,,,,,,,,,,,,,,,,,,,,,,,,,,,,,,,,,,,,,,,,,,,,,,,,,,,,,,,,,,,,,,,,,,,,,,,,,,,,,,,,,,,,,,,,,,,,,,,,,,,,,,,,,,,,,,,,,,,,,,,,,,,,,,,,,,,,,,,,,,,,,,,,,,,,,,,,,,,,,,,,,,,,,,,,,,,,,,,,,,,,,,,,,,,,,,,,,,,,,,,,,,,,,,,,,,,,,,,,,,,,,,,,,,,,,,,,,,,,,,,,,,,,,,,,,,,,,,,,,,,,,,,,,,,,,,,,,,,,,,,,,,,,,,,,,,,,,,,,,,,,,,,,,,,,,,,,,,,,,,,,,,,,,,,,,,,,,,,,,,,,,,,,,,,,,,,,,,,,,,,,,,,,,,,,,,,,,,,,,,,,,,,,,,,,,,,,,,,,,,,,,,,,,,,,,,,,,,,,,,,,,,,,,,,,,,,,,,,,,,,,,,,,,,,,,,,,,,,,,,,,,,,,,,,,,,,,,,,,,,,,,,,,,,,,,,,,,,,,,,,,,,,,,,,,,,,,,,,,,,,,,,
,,,,,,,,,,,,,,,,,,,,,,,,,,,,,,,,,,,,,,,,,,,,,,,,,,,,,,,,,,,,,,,,,,,,,,,,,,,,,,,,,,,,,,,,,,,,,,,,,,,,,,,,,,,,,,,,,,,,,,,,,,,,,,,,,,,,,,,,,,,,,,,,,,,,,,,,,,,,,,,,,,,,,,,,,,,,,,,,,,,,,,,,,,,,,,,,,,,,,,,,,,,,,,,,,,,,,,,,,,,,,,,,,,,,,,,,,,,,,,,,,,,,,,,,,,,,,,,,,,,,,,,,,,,,,,,,,,,,,,,,,,,,,,,,,,,,,,,,,,,,,,,,,,,,,,,,,,,,,,,,,,,,,,,,,,,,,,,,,,,,,,,,,,,,,,,,,,,,,,,,,,,,,,,,,,,,,,,,,,,,,,,,,,,,,,,,,,,,,,,,,,,,,,,,,,,,,,,,,,,,,,,,,,,,,,,,,,,,,,,,,,,,,,,,,,,,,,,,,,,,,,,,,,,,,,,,,,,,,,,,,,,,,,,,,,,,,,,,,,,,,,,,,,,,,,,,,,,,,,,,,,,,,,,,,,,,,,,,,,,,,,,,,,,,,,,,,,,,,,,,,,,,,,,,,,,,,,,,,,,,,,,,,,,,,,,,,,,,,,,,,,,,,,,,,,,,,,,,,,,,,,,,,,,,,,,,,,,,,,,,,,,,,,,,,,,,,,,,,,,,,,,,,,,,,,,,,,,,,,,,,,,,,,,,,,,,,,,,,,,,,,,,,,,,,,,,,,,,,,,,,,,,,,,,,,,,,,,,,,,,,,,,,,,,,,,,,,,,,,,,,,,,,,,,,,,,,,,,,,,,,,,,,,,,,,,,,,,,,,,,,,,,,,,,,,,,,,,,,,,,,,,,,,,,,,,,,,,,,,,,,,,,,,,,,,,,,,,,,,,,,,,,,,,,,,,,,,,,,,,,,,,,,,,,,,,,,,,,,,,,,,,,,,,,,,,,,,,,,,,,,,,,,,,,,,,,,,,,,,,,,,,,,,,,,,,,,,,,,,,,,,,,,,,,,,,,,,,,,,,,,,,,,,,,,,,,,,,,,,,,,,,,,,,,,,,,,,,,,,,,,,,
,,,,,,,,,,,,,,,,,,,,,,,,,,,,,,,,,,,,,,,,,,,,,,,,,,,,,,,,,,,,,,,,,,,,,,,,,,,,,,,,,,,,,,,,,,,,,,,,,,,,,,,,,,,,,,,,,,,,,,,,,,,,,,,,,,,,,,,,,,,,,,,,,,,,,,,,,,,,,,,,,,,,,,,,,,,,,,,,,,,,,,,,,,,,,,,,,,,,,,,,,,,,,,,,,,,,,,,,,,,,,,,,,,,,,,,,,,,,,,,,,,,,,,,,,,,,,,,,,,,,,,,,,,,,,,,,,,,,,,,,,,,,,,,,,,,,,,,,,,,,,,,,,,,,,,,,,,,,,,,,,,,,,,,,,,,,,,,,,,,,,,,,,,,,,,,,,,,,,,,,,,,,,,,,,,,,,,,,,,,,,,,,,,,,,,,,,,,,,,,,,,,,,,,,,,,,,,,,,,,,,,,,,,,,,,,,,,,,,,,,,,,,,,,,,,,,,,,,,,,,,,,,,,,,,,,,,,,,,,,,,,,,,,,,,,,,,,,,,,,,,,,,,,,,,,,,,,,,,,,,,,,,,,,,,,,,,,,,,,,,,,,,,,,,,,,,,,,,,,,,,,,,,,,,,,,,,,,,,,,,,,,,,,,,,,,,,,,,,,,,,,,,,,,,,,,,,,,,,,,,,,,,,,,,,,,,,,,,,,,,,,,,,,,,,,,,,,,,,,,,,,,,,,,,,,,,,,,,,,,,,,,,,,,,,,,,,,,,,,,,,,,,,,,,,,,,,,,,,,,,,,,,,,,,,,,,,,,,,,,,,,,,,,,,,,,,,,,,,,,,,,,,,,,,,,,,,,,,,,,,,,,,,,,,,,,,,,,,,,,,,,,,,,,,,,,,,,,,,,,,,,,,,,,,,,,,,,,,,,,,,,,,,,,,,,,,,,,,,,,,,,,,,,,,,,,,,,,,,,,,,,,,,,,,,,,,,,,,,,,,,,,,,,,,,,,,,,,,,,,,,,,,,,,,,,,,,,,,,,,,,,,,,,,,,,,,,,,,,,,,,,,,,,,,,,,,,,,,,,,,,,,,,,,,,,,,,,,,,,,,,,,,,,,,,,,,,,,,,,,,,,,
,,,,,,,,,,,,,,,,,,,,,,,,,,,,,,,,,,,,,,,,,,,,,,,,,,,,,,,,,,,,,,,,,,,,,,,,,,,,,,,,,,,,,,,,,,,,,,,,,,,,,,,,,,,,,,,,,,,,,,,,,,,,,,,,,,,,,,,,,,,,,,,,,,,,,,,,,,,,,,,,,,,,,,,,,,,,,,,,,,,,,,,,,,,,,,,,,,,,,,,,,,,,,,,,,,,,,,,,,,,,,,,,,,,,,,,,,,,,,,,,,,,,,,,,,,,,,,,,,,,,,,,,,,,,,,,,,,,,,,,,,,,,,,,,,,,,,,,,,,,,,,,,,,,,,,,,,,,,,,,,,,,,,,,,,,,,,,,,,,,,,,,,,,,,,,,,,,,,,,,,,,,,,,,,,,,,,,,,,,,,,,,,,,,,,,,,,,,,,,,,,,,,,,,,,,,,,,,,,,,,,,,,,,,,,,,,,,,,,,,,,,,,,,,,,,,,,,,,,,,,,,,,,,,,,,,,,,,,,,,,,,,,,,,,,,,,,,,,,,,,,,,,,,,,,,,,,,,,,,,,,,,,,,,,,,,,,,,,,,,,,,,,,,,,,,,,,,,,,,,,,,,,,,,,,,,,,,,,,,,,,,,,,,,,,,,,,,,,,,,,,,,,,,,,,,,,,,,,,,,,,,,,,,,,,,,,,,,,,,,,,,,,,,,,,,,,,,,,,,,,,,,,,,,,,,,,,,,,,,,,,,,,,,,,,,,,,,,,,,,,,,,,,,,,,,,,,,,,,,,,,,,,,,,,,,,,,,,,,,,,,,,,,,,,,,,,,,,,,,,,,,,,,,,,,,,,,,,,,,,,,,,,,,,,,,,,,,,,,,,,,,,,,,,,,,,,,,,,,,,,,,,,,,,,,,,,,,,,,,,,,,,,,,,,,,,,,,,,,,,,,,,,,,,,,,,,,,,,,,,,,,,,,,,,,,,,,,,,,,,,,,,,,,,,,,,,,,,,,,,,,,,,,,,,,,,,,,,,,,,,,,,,,,,,,,,,,,,,,,,,,,,,,,,,,,,,,,,,,,,,,,,,,,,,,,,,,,,,,,,,,,,,,,,,,,,,,,,,,,,,,,,
,,,,,,,,,,,,,,,,,,,,,,,,,,,,,,,,,,,,,,,,,,,,,,,,,,,,,,,,,,,,,,,,,,,,,,,,,,,,,,,,,,,,,,,,,,,,,,,,,,,,,,,,,,,,,,,,,,,,,,,,,,,,,,,,,,,,,,,,,,,,,,,,,,,,,,,,,,,,,,,,,,,,,,,,,,,,,,,,,,,,,,,,,,,,,,,,,,,,,,,,,,,,,,,,,,,,,,,,,,,,,,,,,,,,,,,,,,,,,,,,,,,,,,,,,,,,,,,,,,,,,,,,,,,,,,,,,,,,,,,,,,,,,,,,,,,,,,,,,,,,,,,,,,,,,,,,,,,,,,,,,,,,,,,,,,,,,,,,,,,,,,,,,,,,,,,,,,,,,,,,,,,,,,,,,,,,,,,,,,,,,,,,,,,,,,,,,,,,,,,,,,,,,,,,,,,,,,,,,,,,,,,,,,,,,,,,,,,,,,,,,,,,,,,,,,,,,,,,,,,,,,,,,,,,,,,,,,,,,,,,,,,,,,,,,,,,,,,,,,,,,,,,,,,,,,,,,,,,,,,,,,,,,,,,,,,,,,,,,,,,,,,,,,,,,,,,,,,,,,,,,,,,,,,,,,,,,,,,,,,,,,,,,,,,,,,,,,,,,,,,,,,,,,,,,,,,,,,,,,,,,,,,,,,,,,,,,,,,,,,,,,,,,,,,,,,,,,,,,,,,,,,,,,,,,,,,,,,,,,,,,,,,,,,,,,,,,,,,,,,,,,,,,,,,,,,,,,,,,,,,,,,,,,,,,,,,,,,,,,,,,,,,,,,,,,,,,,,,,,,,,,,,,,,,,,,,,,,,,,,,,,,,,,,,,,,,,,,,,,,,,,,,,,,,,,,,,,,,,,,,,,,,,,,,,,,,,,,,,,,,,,,,,,,,,,,,,,,,,,,,,,,,,,,,,,,,,,,,,,,,,,,,,,,,,,,,,,,,,,,,,,,,,,,,,,,,,,,,,,,,,,,,,,,,,,,,,,,,,,,,,,,,,,,,,,,,,,,,,,,,,,,,,,,,,,,,,,,,,,,,,,,,,,,,,,,,,,,,,,,,,,,,,,,,,,,,,,,,,,,,,,,
,,,,,,,,,,,,,,,,,,,,,,,,,,,,,,,,,,,,,,,,,,,,,,,,,,,,,,,,,,,,,,,,,,,,,,,,,,,,,,,,,,,,,,,,,,,,,,,,,,,,,,,,,,,,,,,,,,,,,,,,,,,,,,,,,,,,,,,,,,,,,,,,,,,,,,,,,,,,,,,,,,,,,,,,,,,,,,,,,,,,,,,,,,,,,,,,,,,,,,,,,,,,,,,,,,,,,,,,,,,,,,,,,,,,,,,,,,,,,,,,,,,,,,,,,,,,,,,,,,,,,,,,,,,,,,,,,,,,,,,,,,,,,,,,,,,,,,,,,,,,,,,,,,,,,,,,,,,,,,,,,,,,,,,,,,,,,,,,,,,,,,,,,,,,,,,,,,,,,,,,,,,,,,,,,,,,,,,,,,,,,,,,,,,,,,,,,,,,,,,,,,,,,,,,,,,,,,,,,,,,,,,,,,,,,,,,,,,,,,,,,,,,,,,,,,,,,,,,,,,,,,,,,,,,,,,,,,,,,,,,,,,,,,,,,,,,,,,,,,,,,,,,,,,,,,,,,,,,,,,,,,,,,,,,,,,,,,,,,,,,,,,,,,,,,,,,,,,,,,,,,,,,,,,,,,,,,,,,,,,,,,,,,,,,,,,,,,,,,,,,,,,,,,,,,,,,,,,,,,,,,,,,,,,,,,,,,,,,,,,,,,,,,,,,,,,,,,,,,,,,,,,,,,,,,,,,,,,,,,,,,,,,,,,,,,,,,,,,,,,,,,,,,,,,,,,,,,,,,,,,,,,,,,,,,,,,,,,,,,,,,,,,,,,,,,,,,,,,,,,,,,,,,,,,,,,,,,,,,,,,,,,,,,,,,,,,,,,,,,,,,,,,,,,,,,,,,,,,,,,,,,,,,,,,,,,,,,,,,,,,,,,,,,,,,,,,,,,,,,,,,,,,,,,,,,,,,,,,,,,,,,,,,,,,,,,,,,,,,,,,,,,,,,,,,,,,,,,,,,,,,,,,,,,,,,,,,,,,,,,,,,,,,,,,,,,,,,,,,,,,,,,,,,,,,,,,,,,,,,,,,,,,,,,,,,,,,,,,,,,,,,,,,,,,,,,,,,,,,,,,,,,
,,,,,,,,,,,,,,,,,,,,,,,,,,,,,,,,,,,,,,,,,,,,,,,,,,,,,,,,,,,,,,,,,,,,,,,,,,,,,,,,,,,,,,,,,,,,,,,,,,,,,,,,,,,,,,,,,,,,,,,,,,,,,,,,,,,,,,,,,,,,,,,,,,,,,,,,,,,,,,,,,,,,,,,,,,,,,,,,,,,,,,,,,,,,,,,,,,,,,,,,,,,,,,,,,,,,,,,,,,,,,,,,,,,,,,,,,,,,,,,,,,,,,,,,,,,,,,,,,,,,,,,,,,,,,,,,,,,,,,,,,,,,,,,,,,,,,,,,,,,,,,,,,,,,,,,,,,,,,,,,,,,,,,,,,,,,,,,,,,,,,,,,,,,,,,,,,,,,,,,,,,,,,,,,,,,,,,,,,,,,,,,,,,,,,,,,,,,,,,,,,,,,,,,,,,,,,,,,,,,,,,,,,,,,,,,,,,,,,,,,,,,,,,,,,,,,,,,,,,,,,,,,,,,,,,,,,,,,,,,,,,,,,,,,,,,,,,,,,,,,,,,,,,,,,,,,,,,,,,,,,,,,,,,,,,,,,,,,,,,,,,,,,,,,,,,,,,,,,,,,,,,,,,,,,,,,,,,,,,,,,,,,,,,,,,,,,,,,,,,,,,,,,,,,,,,,,,,,,,,,,,,,,,,,,,,,,,,,,,,,,,,,,,,,,,,,,,,,,,,,,,,,,,,,,,,,,,,,,,,,,,,,,,,,,,,,,,,,,,,,,,,,,,,,,,,,,,,,,,,,,,,,,,,,,,,,,,,,,,,,,,,,,,,,,,,,,,,,,,,,,,,,,,,,,,,,,,,,,,,,,,,,,,,,,,,,,,,,,,,,,,,,,,,,,,,,,,,,,,,,,,,,,,,,,,,,,,,,,,,,,,,,,,,,,,,,,,,,,,,,,,,,,,,,,,,,,,,,,,,,,,,,,,,,,,,,,,,,,,,,,,,,,,,,,,,,,,,,,,,,,,,,,,,,,,,,,,,,,,,,,,,,,,,,,,,,,,,,,,,,,,,,,,,,,,,,,,,,,,,,,,,,,,,,,,,,,,,,,,,,,,,,,,,,,,,,,,,,,,,,,,,
