Unnamed: 0,question,answer,start_time,end_time,Unnamed: 5
,เวลาที่เวทนาเกิดเนี่ยความรู้สึกปฏิฆะหรือความรู้สึกปฏิเสธบางครั้งถ้ามันเป็นทุกขเวทนาเป็นเป็นความรู้สึกความรู้สึกทางไม่ดี มันจะมีปฏิฆะเกิดร่วมมาด้วยแบบพอดีมันจะตามกันมาอย่างนี้ เลยมันมีไหมคะ ที่ทุกขเวทนาเกิดขึ้น คือหมายถึงว่าเราต้องปฏิบัติไปถึงระดับหนึ่งที่พอทุกขเวทนาเกิดขึ้นแล้วเราไม่ได้มีสติมากพอที่จะไม่ไปปฏิฆะมันค่ะพระอาจารย์,พระอาจารย์อยากจะอธิบายอย่างนี้ว่าทุกขเวทนาเกิดขึ้นจะต้องมีปฏิฆะนอนเนื่องเสมอเขาเรียกว่าอนุสัย แต่ถ้าเราไม่รู้จักปฏิฆะที่มันนอนเนื่องอยู่นั้น ปฏิฆะนั้นจะเป็นปฏิฆะตสังโยชน์ คืออยู่ในส่วนของกิเลสคือในตัวของปฏิฆะตโดยตัวของปฏิฆะเองมันเป็นเพียงแค่อนุสัยที่นอนเนื่องมาพร้อมกับเวทนา ฉะนั้นการรอบรู้เวทนาเพื่อรู้อนิสัยอนุสัยที่มันนอนเนื่องมานี้ เพื่อที่จะไม่ให้ปฏิฆะตัวนี้ไปเป็นสังโยชน์ถูกจิตเรา ประเด็นของการปฏิบัติเพื่อรอบรู้อนุสัยอนุสัยใดก็ตามที่ถูกรู้ในทุกขเวทนาปฏิฆะอนุสัยเหล่านี้มันก็จะเป็นปฏิฆะอนุสัยที่เกิดและดับไป ไม่ได้เป็นสังโยชน์ที่จะเป็นเชื้อแห่งภพในการนําเกิดด้วยตัวปฏิฆะนั้น 	ๆ ฉะนั้นพระอาจารย์จึงบอกว่าเวทนาที่เป็นทุกขเวทนาปฏิฆะนอนเนื่องแล้วปฏิฆะที่นอนเนื่องมาแล้วไม่ได้ถูกรู้จักเราปฏิฆะนี้จะไปเป็นสังโยชน์ ,00.02.02,00.03.54,
,*ครูเงาะอธิบายเพิ่มเติม ,ที่ครูเงาะถามพระอาจารย์ คือเวทนา คือความรู้สึกบางทีเราเจ็บ เจ็บปุ๊บ มันคือเหมือนการปฏิเสธ เหมือนการที่เราไม่อยากเจ็บ มันจะนอนมันจะแนบมาด้วย ก็จะกลายเป็นว่าเหมือนเรามีกิเลสแนบตลอดเวลาเลย แต่ถ้าเรารู้ว่ามีเวทนาแล้วเราก็รู้ด้วยว่ามีปฏิฆะ เกิด ไอ้ตัวรู้ตัวนี้มันจะไปตัดไม่ให้ไม่ให้ไปเกิดกิเลสนอนเนื่องในจิตของเราเพื่อก่อภพก่อชาติอีก ถ้าขอแค่เรารู้ ตอนแรกก็เข้าใจว่าทําไมเราถึงมีปฏิฆะ หรือการปฏิเสธแต่จริง ๆ แล้วเมื่อมันเป็นทุกขเวทนาหรือเป็นความรู้สึกที่ไม่ชอบ เช่น เจ็บปวดหรืออะไร ไอ้ความรู้สึกปฏิเสธมันแนบมานอนมาด้วยกันอยู่แล้วเรามีหน้าที่แค่แค่รู้นะคะ ,00.04.14,00.05.05,
,*พระอาจารย์ต้น อธิบายเพิ่มเติม ,"จริงๆ ควรจะอธิบายลักษณะของเวทนากับปฏิฆะที่นอนเนื่องมาด้วยกันด้วยอริยสัจ 4 จึงจะแจ่มแจ้งได้ทางปัญญาว่าทุกขเวทนาไม่ใช่กิเลสเป็นอริยสัจข้อที่หนึ่ง ตัวปฏิฆะที่ต่อเนื่องมาเป็นสมุทัยสมุทัยสัตย์ใหญ่ใช่ไหม เพราะทุกขเวทนาเนี่ยเป็นทุกขสัจจักร ปฏิฆะเป็นสมุทัยสัจจะเมื่อปฏิฆะถูกรู้ปฏิฆะใหม่ไม่เกิดจากปฏิฆะเดิมที่เกิดขึ้นปฏิฆะใหม่ถูกละก็คือสมุทัยถูกละ เมื่อสมุทัยถูกละมันก็เป็นนิโรธ วิธีการเจริญมรรคในเวทนานี้ให้รู้ว่าทุกขเวทนาเป็นทุกขสัจจักให้รู้ว่าปฏิฆะเป็นสมุทัยสัจจะให้รู้ว่าเมื่อเรารู้จักปฏิฆะแล้ว
สมุทัยใหม่ก็ดับไปเรียกว่านิโรจน์สกัดการรู้อย่างนี้ รอบรู้อย่างนี้ คือการเจริญมรรคในเวทนา
	ฉะนั้นเวทนาจะต้องถูกรู้อย่างนี้ ",00.05.06,00.08.16,
,แคทได้ฟังคลิปพระอาจารย์ต้นมาหลายคลิปเรื่องการฝึกการละสักกายทิฐิวิจิกอิจฉาศิลปะปรามาส ตอนนี้พอเข้าใจแล้วถ้าจะปฏิบัติต่อเพื่อละราคะและปฏิฆะต้องปฏิบัติต่ออย่างไรขอบคุณครับ,"กามระคะปฏิฆะยังสืบเนื่องอยู่กับกายเพราะกามยังอาศัยกายปรากฏ
กามระคะปฏิฆะเป็นชั้นของอารมณ์ที่เกี่ยวเนื่องกับกาย ฉะนั้นวิธีการในการที่จะแก้ไขกามราคะปฏิฆะเราก็ยังจะต้องพิจารณาร่างกาย 6 ขั้นตอนเป็นตัวยืนพื้น ที่จะกำหนดรู้อารมณ์ที่เกี่ยวเนื่องกับกายนั้นว่า กามราคะปฏิฆะเกิดขึ้นเพราะอะไร เราก็จะรู้ว่ากามระคะปฏิฆะเกิดขึ้นเพราะเวทนา เวทนาที่เรียกว่าสุขก็คือเกิดกามราคะ เวทนาที่เรียกว่าทุกข์ก็เกิดปฏิฆะ 
	ฉะนั้นกามระคะปฏิฆะตัวนี้ที่มันเป็นสังโยชน์ได้ก็ต่อเมื่อที่โยมครูเงาะพูดมาตั้งแต่ต้นว่าเวลาเราเจอเวทนา ทุกขเวทนา มีปฏิฆะนอนเนื่อง ซึ่งการที่มีปฏิฆะตนเนื่อง มันเป็นการนอนเนื่องมาโดยที่ไม่ได้ผิดจากหลักแห่งความเป็นจริงมันต้องนอนเรื่องมา อาตมาใช้คําว่าเป็นสมุทัยที่มาพร้อมกับขันธ์ สมุทัยที่มาพร้อมกับขันธ์อันนี้ ไม่ใช่สมุทัยที่เราต้องละแต่สิ่งที่เราต้องละคือปฏิฆะสังโยชน์ ปฏิฆะสังโยชน์นอนเนื่องที่ไหน ปฏิฆะสังโยชน์นอนเนื่องที่ฐิติแต่ปฏิฆะธรรมดาที่เป็นปฏิฆะนุสัยนอนเนื่องอยู่ที่เวทนาต่างกันนะ การที่ปฏิฆะนอนเนื่องเวทนาเพื่อแสดงออกถึงความเป็นสมุทัยสัจจะในทุกขเวทนานั้น แต่ปฏิฆะสังโยชน์นอนเนื่องอยู่ทิฐิ ทิฐิคืออะไร ทิฐิ คือการที่เราไม่ได้เห็นกามราคะปฏิฆะ ตอนที่มันเกิดและนอนเรื่องมาพร้อมกับเวทนานั้นเมื่อเราไม่ได้เห็นเราจึงไปปฏิบัติต่อ กามราคะปฏิฆะผิดโดยอาศัยราคะนุสัยกับปฏิฆะนุสัย กระทำต่อ ๆ อารมณ์เหล่านั้น	ฉะนั้นราคะหรือปฏิฆะทั้งสองอย่างที่อยู่ในส่วนสังโยชน์ เราจะต้องแก้ไขที่ความเห็นเท่านั้นแต่ความเห็นนี้มันสืบเนื่องมาจากกายสังขารอยู่เราไม่ได้ไปแก้ที่อาการของกามราคะปฏิฆะที่เกิดในขันธ์ นั่นหมายถึงว่ากามราคะปฏิฆะเกิดในกายได้เกิดในขันธ์ได้ ไม่ผิดมันเป็นสิ่งที่นอนเรื่องมามันแนบมาพร้อมกับกายอยู่แล้วมันแนบมาพร้อมกับขันอยู่แล้วแต่ทำยังไงที่เราจะไม่เห็นผิดในกามราคะปฏิฆะอันนั้น การที่เราจะไม่เป็นผิดก็คือยกกามราคะปฏิฆะมากำหนดดูรู้ว่านี่คือทุกข์
กามราคะปฏิฆะ เกิดขึ้นให้กำหนดว่านี่คือทุกข์การที่ไม่รู้จักกามราคะตามความเป็นจริง ปฏิฆะตามความเป็นจริงคือเหตุที่เกิดทุกข์ การรู้ว่ากามราคะปฏิฆะเกิดขึ้นมาแล้ว แล้วถูกรู้จักเราอยู่ก็คือนั้นไม่ถูกปิดบังด้วยอวิชชาคือความไม่รู้ คือการที่เราไม่รู้จักกามราคะปฏิฆะเกิดดับตามความเป็นจริงอันนี้มันจะมีอวิชชาอยู่ สิ่งเหล่านี้คือเราต้องแก้ไข เพราะอวิชชามันนอนเรื่องอยู่ที่ทิฐิ อวิชชาจะไม่ได้นอนเนื่องอยู่ในขันธ์ 5 แต่นอนเนื่องอยู่ในทิฐิคือผู้ที่เห็นผิด อวิชชาจะนอนเนื่องอยู่
	นั้นหมายถึงว่ากามราคะเกิด ปฏิฆะเกิด แล้วเราไม่ได้เห็นกามราคะปฏิฆะเกิดตามความเป็นจริงว่ามันเกิดยังไงแล้วดับไปอย่างไร เมื่อไม่เห็นกามราคะปฏิฆะเกิดดับตามความเป็นจริงอวิชชาจึงมีใช่ไหมล่ะ ฉะนั้นเมื่อเราเข้าไปกำหนดรู้กามราคะปฏิฆะอยู่อวิชชาก็ถูกแก้ไข คือทิฐิ คือความเห็นผิดก็จะหายไป มันจะเหลือแต่ตัวกามราคะนุสัยกับปฏิฆะนุสัย ไม่ใช่กามราคะสังโยชน์กับปฏิฆะสังโยชน์คนละส่วนกัน ในระหว่างที่เรารู้กามราคะปฏิฆะเกิดดับอยู่นั้นเราก็พิจารณาร่างกาย6 ขั้นตอนไปด้วยพร้อมกับขณะที่กามราคะปฏิฆะเกิดนั้น แม้จะละกามราคะปฏิฆะไม่ได้ก็ตาม แต่กามราคะปฏิฆะยังเกี่ยวเนื่องกับกายอยู่ฉะนั้นการพิจารณาร่างกายยังต้องเป็นตัวยืนพื้นพระอาจารย์จึงสอนให้พิจารณาร่างกาย 6 ขั้นตอน เป็นความคุ้นเคย เป็นอัตโนมัติในจิตและเป็นเครื่องเครื่องมือในการที่จะดำเนินในข้อปฏิบัติด้านต่อไป ก็คือกามราคะปฏิฆะนี้เองยังต้องจัดการยังต้องอาศัยกายเข้ามาเกี่ยวข้องในการพิจารณาอยู่ แล้วเมื่อใดก็ตามที่เราเข้าไปรู้กามราคะปฏิฆะตามความเป็นจริงแล้วไม่เกิดเป็นสังข์โยชน์ กามราคะปฏิฆะสังโยชน์ก็ดับไปในคราวครั้งนั้นแต่ยังไม่ได้ดับถาวรนะยังไม่คือดับไปในคราวเมื่อมันดับไปในคราวครั้งนั้นแล้วบุคคลผู้รู้จักกามราคะปฏิฆะที่เกิดขึ้นมาพร้อมกับเวทนา รู้การเกิดการดับพร้อมกับพิจารณาร่างกาย 6 ขั้นตอน ก็เป็นรู้สมุทัยสัจจะ บุคคลนั้นก็ได้เป็นผู้ละกามราคะปฏิฆะสังโยชน์นั้นในคราวครั้งนั้น การรู้อยู่อย่างนี้ปฏิบัติอยู่อย่างนี้ คือการเจริญอริยมรรค เมื่อมรรคเต็มเมื่อไหร่มันก็จะทําลายเมื่อนั้นถ้ามรรคยังไม่เต็มมันก็จะยังไม่ทําลาย ",00.09.11,00.14.14,
,*ครูเงาะอธิบายเพิ่มเติม ,"คือสมมุติว่าเราลองใช้คําว่าเจ็บแล้วกันนะคะ เวทนาทุกขเวทนาสมมุติเป็นความเจ็บ พอเราเจ็บมาสิ่งที่มันจะแนบไปกับความเจ็บคือความไม่ชอบความเจ็บ สมมุติลมเย็นหรือกลิ่นหอมหรือ
อะไรที่เรารู้สึกชอบ มีสัมผัสดี ๆ แล้วเรารู้สึกชอบความรู้สึกชอบมันก็แนบมากับความรู้สึกดี ตัวที่แนบมานี้ เราเรียกมันสมมุติว่าเราไม่ชอบเราเรียกปฏิฆะ ไม่ชอบคือปฏิฆะ
อันนี้ที่พระอาจารย์เรียกว่าปฏิฆะนุสัย มันคือติดมาตั้งแต่ในอดีตเพราะเราละมันไม่ได้ตั้งแต่อดีตชาติสะสมมารวมถึงปัจจุบันอดีตในชาติปัจจุบันด้วย สั่งสมมาเราเรียกว่าเป็นอนุสัย ตัวที่ติดมาด้วยตัวนี้ยังไม่ได้ทำให้เราเป็นอันตรายต่อการใช้ชีวิตในฐานะมนุษย์ ตัวกิเลสของเรานอนมาแต่พอเราไม่มีความเห็นที่ถูกต้องมันก็เลยทําให้เรามีปฏิฆะตัวใหม่ขึ้นมาจากความที่เราไม่มีสัมมาทิฐิหรือมรรคข้อที่หนึ่ง พอเราไม่เห็นถูกต้องว่าสิ่งนี้มันเป็นสิ่งที่มันเกิดขึ้น นี่คือทุกข์ สิ่งที่เกิดขึ้นคือเราไม่เห็น เราเข้าไปเป็นกับมันเลยพอเจ็บปุ๊บโอ๊ยไม่ชอบ โอ๊ยเมื่อไหร่จะ โอ๊ยทําไมมันถึงเจ็บเมื่อไหร่มันจะหาย ต่าง ๆ นา ๆ ตัวนี้แหละเราสร้างปฏิฆะตัวใหม่ตัวใหม่ตัวนี้อันตรายกับชีวิตเราในฐานะมนุษย์ ที่พระอาจารย์ท่านเรียกว่าปฏิฆะที่เป็นสังโยชน์ สังโยชน์คือตัวที่มันยึดเราไม่ให้เราออกจากการเวียนว่ายตายเกิด ตัวใหม่นี้มันสร้างเลยยึดเลยแล้วมันก็โยงเราต่อทําให้เราเกิดเป็นภพเป็นชาติเวียนว่ายตายเกิดไม่จบไม่สิ้นคือตัวนี้
	ฉะนั้นถ้าเราเจ็บแล้วเรารู้สึกไม่ชอบความเจ็บ ไม่เป็นไรแต่ขอให้เรารู้สัมมาทิฐิที่พระอาจารย์บอกคือรู้แล้วเห็นมันว่าเรียกมันได้ว่าเจ็บคือทุกข์อยากที่จะไม่เจ็บคือสมุทัย ให้เรียกมันรู้มันไปตามสิ่งนี้ พอเรารู้เราเห็นแล้วเราอดทนอยู่กับความเจ็บ ไม่ได้แปลว่าเราจะเดินออกจากความเจ็บไม่ได้ สมมุติว่ามีของทับมือไม่ใช่แบบตามรู้ไปเราก็เอาออกได้ แต่ว่าให้เรารู้เราเห็นทั้งทุกขณะว่ามันเจ็บอยากหายเจ็บ แล้วตอนนี้เราก็แก้ความเจ็บสมมุติมันความเจ็บทางกายเราก็เอาออกมันได้ใช่ไหม เราก็ย่อมเอาออกได้แต่ทั้งหมดทําแบบรู้หมดเลยว่ามันเกิดอะไรขึ้น รู้ไปจนเห็นการดับของมัน ตัวนี้ก็จะไม่สร้างอันตรายให้ชีวิตของเราคือการไปถูกรัดยึดโยงกับชีวิตของเรานี่คือคําว่าสังโยชน์ที่พระอาจารย์บอก แล้วมนุษย์เรามี 10 สังโยชน์ เรามี 10 สังโยชน์ ที่เราต้องค่อย ๆ แก้เป็นด่าน ที่เรียกว่าด่านอรหันต์ เราต้องแก้ไปถ้าเราแก้ 3 ตัวแรกได้เราเรียกบุคคลผู้นั้นว่าโสดาบัน ฉะนั้นตัวที่เพื่อนถามมา ศักยทิฐิก็คือศักยทิฐิ การยึดว่ากายนี้มันเป็นเรา วิจิอิจฉาความสงสัยในการปฏิบัติ สงสัยพระพุทธศาสนาสอนถูกใช่ไหม ไอที่ฉันทําถูกหรือเปล่า สงสัยทั้งมวลศิลปะะปรามาสคือไปยึดถือวิธีผิด ๆ ไปถูหวยไปกราบไหว้สิ่งศักดิ์สิทธิ์นู่นนี่นั่น คือยึดถือมั่วซั่วหรือปฏิบัติมั่วซั่วอะไรต่าง ๆ 3 ตัวนี้มันจะหายพอหายแปลว่าเราเข้าสู่โสดาบันใช่ไหมคะ แล้วเราก็จะค่อยไปต่อขั้นที่ละราคะปฏิฆะ ฉะนั้นแปลว่าถ้าเราแค่เข้าใจมันละไม่ได้ พระอาจารย์ต้นก็เลยให้เราฝึกเห็นการพิจารณากายของเราจนจิตมันไม่ใช่แค่เข้าใจแต่มันคือเข้าถึง บางทีเห็นชัด ๆ แจ้ง ๆ เหมือนวันนี้ครูเงาะอธิบายว่า อเมริกาดีแต่ถ้าเราไม่เคยไปเราก็ไม่แจ้ง ฉะนั้นพอเราเห็นแล้วเราแจ้งเราถึงจะละได้แล้วเราค่อยไปละตัวถัด ๆ ไป ฉะนั้น 3 อันนี้อย่าให้แค่พอเข้าใจเอาให้เข้าถึงให้ได้ โดยการทําตามลําดับที่พระอาจารย์ต้นสอนมาอย่างชัดเจนนะคะ ว่าไม่ว่าจะเป็นเริ่มจากการบทพระรัตนตรัยแล้วก็ท่องธาตุแล้วก็รวมไปถึงการพิจารณาการ 6 ขั้นตอน ย้ำ ๆ ซ้ำ ๆ จนจิตมันเชื่อจนมรรคเป็นอย่างที่พระอาจารย์บอกนะคะ ",00.14.32,00.18.45,
,เคยฟังพระอาจารย์พูดเรื่องอโหสิกรรมว่าถ้ามีใครมาทําอะไรให้เราแล้วเราอโหสิกรรมให้ก็จะเป็นการจบกรรมระหว่างเรากับเขาใช่ไหมครับ แล้วการอโหสิกรรมถือเป็นอภัยทานด้วยไหมครับ,อโหสิกรรม มีความหมายว่ากรรมที่ให้ผลสําเร็จแล้วการที่จะให้ผลสําเร็จแล้วก็เกิดจากการที่เรารู้จักยอมรับผลวิบากที่เกิดขึ้นกับตัวเราว่านี่คือผลกรรมที่เราเคยทํามาไม่ว่าเราจะได้รับผลกรรมในด้านใด ๆ ก็ตามก็ให้มองภาพกรรมนั้นเป็นสิ่งที่เราจะต้องยอมรับตามความเป็นจริง ถ้าเราทําจิตยอมรับได้กรรมจะเกิดเป็นอโหสิกรรมถ้าเราไม่ทําจิตให้ยอมรับกรรมจะไม่เป็นอโหสิก็จะคอยวนเวียนเพื่อให้เราได้ยอมรับต่อสภาพกรรมนั้น ๆ ฉะนั้นเมื่อเราทํากรรมให้เป็นอโหสิโดยการตั้งจิตยอมรับในกรรมที่เราเคยทําเขาเรียกว่าตั้งจิตสํานึกในกรรมที่เราเคยทําพลาดพลั้งไม่ว่าแต่ปางไหนก็ตามแล้วเราก็ไม่พยายามที่จะทํากรรมแบบนั้นที่จะเกิดกับตน ไม่ว่ากรรมนั้นจะอํานวยผลผ่านการกระทําจากบุคคลอื่น บุคคลรอบข้าง หรือใครก็ตาม หรือคนที่เราไม่ชอบก็ตามกรรมในการกระทําผ่านบุคคลเหล่านั้นก็อย่าไปตั้งครรภ์เพ่งโทษในบุคคลเหล่านั้นไว้ ถ้าเราไม่ตั้งครรภ์เพ่งโทษใดใดไว้กรรมก็จะเกิดอโหสิที่เรียกว่าจบกรรมไม่ใช่จบกรรมจากคน ๆ นั้นนะ คือจบกรรมที่เราเคยทํามาแล้วเราจะไม่ได้รับผลแบบนี้จากใคร ๆ และไม่มีใคร ๆ ทํากรรมแบบนี้กับเราอีก อย่างนี้เขาเรียกว่าจบกรรม ถามว่าเป็นการอภัยไหม อภัยเขาไม่ได้ใช้ในกรณีของการที่เป็นอโหสิกรรมการอภัยเราจะใช้ในกรณีที่เราเห็นคนอื่นทําความผิดกับเราแล้วเราตั้งใจอภัยให้เขาได้ แล้วจริง ๆ การอภัยไม่ได้การเป็นการแสดงออกถึงน้ำใจของเราที่แสดงออกต่อคนอื่นที่เขากระทําผิดแต่แท้ ๆ ที่จริงแล้วอภัยทานเนี่ยมันเป็นการแสดงออกต่อสภาพการทางจิตใจของเราเองที่ทําให้ใจของเราไม่ไปเกิดการเพ่งโทษในสิ่งที่เขาทำผิด ,00.18.54,00.21.04,
,*ครูเงาะอธิบายเพิ่มเติม ,"คือบางทีคนพูดคํานี้กันว่ามันมาทําให้เราอโหสิกรรมให้มันไปคืออันนี้จริง ๆ คือเป็นการให้อภัยทานถูกไหมคะพระอาจารย์ ใช่
ที่ว่าเป็นอโหสิกรรมที่พระอาจารย์ว่าก็คือเช่นอย่างสมมุติว่าครูเงาะเจ็บไข้ได้ป่วยอะไรก็แล้วแต่แล้วครูเงาะไม่พยายามที่จะไปด่าทอโรคภัยที่ครูเขาเกิดก็ยอมรับว่ามันเกิดแล้วรักษาก็รักษาไปรักษาไม่ได้หรือได้แค่ไหนก็ยอมรับว่านี่คือกรรมที่เราเคยไปทําไว้ก็เผชิญยอมรับกับสิ่งที่เกิดขึ้นแล้วเมื่อกรรมนี้ พอเรายอมรับเสร็จแล้วกรรมเขาก็ถือว่าเขาก็ได้ให้ผลกับเราแล้วกรรมนี้ก็จะหมดฤทธิ์ของเขาไปที่เรียกว่าอโหสิกรรมที่พระอาจารย์ต้นหมายถึงนะคะ ก็คือกรรมมันหมดรอบของมันแล้วจบแล้วนะคะ ",00.21.09,00.21.56,
,เมื่อช่วงบ่ายนั่งสมาธิได้พักใหญ่แล้วได้ยินเสียงคล้ายคนแก่มากระซิบข้างหู ฟังจับใจความไม่ได้ขณะนั้นจิตอยู่กับตัวไม่รู้สึกตกใจจึงทําสมาธิต่อไป แต่เมื่อออกจากสมาธิแล้วเกิดความสงสัยขอพระอาจารย์เมตตาแนะนําการปฏิบัติต่อเหตุการณ์แบบนี้ด้วยค่ะ,การทําสมาธิเราจะสามารถรับรู้รับทราบทางเสียงทางภาพหรือทางไหน ๆ ก็ได้อาตมาเคยบอกว่าเวลาทําสมาธิมันจะเกิดการเชื่อมต่อกับภาวะรอบข้างกับเรา เราไม่รู้หรอกว่าภาวะรอบข้างก่อนที่เราจะนั่งสมาธิมันมีอะไรอยู่กับเราบ้างในแวดล้อมขนาดนั้น เวลาทําสมาธิลงไปจิตที่เป็นสมาธิในขณะบางขณะคือคุณสมบัติของสมาธิบางอย่างมันจะเกิดการเชื่อมต่อกับสิ่งรอบข้างอยู่เมื่อมันเกิดการเชื่อมต่อสิ่งนั้นจะแสดงออกมา ถ้าเป็นทางเสียงก็จะมาพูดกับหูเราอย่างนี้แหละแล้วเราก็มาสงสัยว่ามันเกิดอะไร มันคือการระบบการเชื่อมต่อในทางสมาธิทางจิตนั่นเองก็นี่แหละคือคําตอบ,00.22.00,00.23.01,
,เรื่องอาศวะกิเลสครับ การพูดหรือนึกคิดถึงผู้อื่นในทางที่ไม่ดีพูดเพื่อแนะนําสอนหรือคิดเองเพื่อระมัดระวังตัวเองไม่ให้ถูกกระทําไม่ดีจากคนคนหนึ่งจะส่งผลทําให้เราหมักดองอยู่ในอาศวรกิเลสหรือไม่ครับ,ก็เป็นการหมักดองในอาศวะกิเลสแต่เป็นการหมักดองในทางที่ดีแล้วก็จะมีอัสวะทางที่ดีที่ดองเราไว้ให้อยู่ในส่วนที่ดี จะเป็นอัสวะเหมือนกัน ,00.23.05,00.23.34,
,มีข้อสงสัยว่าการอธิษฐานยกบุญให้คนอื่นกับการแผ่เมตตาเหมือนกันหรือแตกต่างกันไหมคะ ถ้าอธิษฐานยกบุญให้คนอื่นแล้วบุญของเราจะลดลงไหมคะ,การอธิษฐานยกบุญให้คนอื่นต่างจากเมตตาคนละส่วนกัน การอุทิศส่วนกุศลหรือแบ่งปันบุญให้คนอื่นนั้นจัดอยู่ในปฏิธานามัยบุญที่สําเร็จด้วยการให้ส่วนบุญ พระพุทธองค์บอกว่าบุญที่เกิดจากการให้ส่วนบุญเป็นบุญอย่างหนึ่ง เป็นบุญอย่างหนึ่งหมายถึงว่าเราให้ส่วนบุญยิ่งให้ก็ยิ่งจะเกิดบุญใหม่ที่เกิดจากการที่ให้ส่วนบุญนั้นอีกชั้นหนึ่งซ้อนขึ้นมา ฉะนั้นเราให้ไปเท่าไหร่ก็ตามมันไม่มีทางหมดเพราะจะมีบุญใหม่ซ้อนขึ้นมาจากการให้ส่วนบุญนั้น ส่วนในการแผ่เมตตาก็คือการทําจิตของเราให้ปราศจากเวรคนละส่วนกับการให้ส่วนบุญหรืออุทิศส่วนกุศลให้คนอื่นต่างกัน ,00.23.47,00.24.42,
,มีวิธีไหนไหมคะที่ทําให้เราพ้นจากทุกข์ที่คนอื่นกระทําต่อเราคือเห็นครอบครัวของสามีทะเลาะกันซึ่งเห็นแล้วเศร้ามาก ๆ ซึ่งหนูมองว่าทําไมถึงต้องมาเจอกับอะไรแบบนี้ หนูรู้สึกทุกข์มาก ๆ เพราะว่าครอบครัวของหนูจะเป็นสายแบบซอฟท์มาก ๆ ค่ะ หนูต้องปรับตัวยังไงคะ,"พระอาจารย์อยากจะให้เรียนรู้ความเป็นจริงของชีวิตผ่านเรื่องราวที่มันเกิดขึ้นนี้นี่แหละว่า ชีวิตของแต่ละคนมีพื้นฐานที่นําสืบเรื่องราวแต่ละเรื่องผ่านตัวบุคคลนั้นนั้นมาที่ไม่เหมือนกันแต่ละคนสะสมเรื่องราวในวัฏสงสารเนี่ยแตกต่างกันเราก็ไม่รู้ว่าส่วนใดจะให้ผลกับเขาแล้วเขาก็จะต้องชดใช้วิบากหรือกระทํากรรมใหม่จากผลแห่งวิบากที่เขาได้รับอยู่ คือการเกิดขึ้นของชีวิตทุกคนมันเกิดมาจากผลของกรรม ตา หัว จมูก ลิ้น กายใจ หรือชีวิตของเราเองก็ตามทั้งหมดนี้เป็นผลของกรรมทั้งหมดเลย คําว่าเป็นผลของกรรม หมายถึงว่ากรรมตกแต่งไว้เรียบร้อยแล้วว่าเราจะต้องเป็นแบบไหนอย่างไรแล้วนอกจากกรรมจะตกแต่งชีวิตเราไว้แล้วว่าเราจะต้องเป็นแบบไหนอย่างไรกรรมยังจะผลักดันชีวิตและแสดงออกถึงพฤติกรรมความเป็นอยู่การกระทําและคําพูดเรื่องราวอุปนิสัยชีวิตทั้งหมดแสดงออกมาล้วนแล้วแต่เป็นเรื่องของระบบกรรมที่แสดงออกผ่านในตัวของคน ๆ นั้น
นั่นหมายถึงว่าเราจะไม่สามารถเปลี่ยนแปลงคน ๆ นั้นได้ง่าย ๆ เลยเพราะคําว่ากรรมนั้นมันมาจากแสนกัปที่แล้ว นั่นหมายถึงว่าแสนกัปที่แล้วเขาไม่ได้สร้างความเป็นตัวตนของเขาเกิดขึ้นเพียงแค่วันหนึ่งสองวันแต่หมายถึงว่าถูกสร้างมาแล้วตัวตนชนิดนั้นเป็นแสนกัปหรือก่อนหน้านั้นอีกไปเท่าไรเราก็ไม่รู้แต่การให้ผล พระพุทธเจ้าบอกว่าแสนกัปที่ผ่านมาจะยังให้ผลอยู่แต่ก่อนหน้านั้นไม่ได้กล่าวถึง ฉะนั้นขอให้เข้าใจว่าเมื่อเขาได้สร้างความเป็นตัวตนมาแสดงออกถึงภาวะแห่งเป็นตัวเขาหรือเป็นพฤติกรรมของเขาในเวลานี้มันมีระบบการเข้าไปเชื่อมโยง ทีนี้เราก็บอกว่าจะทําให้เราพ้นจากทุกข์ยังไง เรามองความเป็นจริงเถอะว่านี่คือความเป็นจริงของโลก ความเป็นจริงของชีวิตความเป็นจริงของเรื่องราวที่โลกมันต้องเป็นที่ชีวิตคนมันต้องเป็น เราไม่ได้เป็นอย่างนั้นเราควรจะดีใจได้ว่าดีแล้วที่เราพ้นจากความเป็นอย่างนั้นในสิ่งที่บุคคลนั้นกระทํา ดีแล้วที่เราได้รับการอบรมมาดี ดีแล้วที่เราได้สร้างเลแห่งกรรมมาให้อํานวยผลกับเราในทางที่ดี ในแสงกัปที่ผ่านมานึกถึงในส่วนดีให้มาก ๆ ขึ้นเรื่อย ๆ อย่าไปเอาอารมณ์การกระทําของคนอื่นมาสร้างความสุขในใจของตัวเอง ",00.24.48,00.27.28,
,แผ่เมตตาในวงเล็บมีขอขมากรรมทุกภพทุกชาติ แล้วรู้สึกเจ็บจี๊ด ๆ ที่หัวใจแสดงว่าอะไรคะชดใช้กรรมเลยใช่ไหมคะ จบเลยไหมคะ,"แน่นอนว่าใจเราก็เป็นส่วนหนึ่งของกรรมวิบากหรือว่าเป็นผลของกรรมเหมือนกันแล้วกรรมจะติดตามให้ผลใครได้ก็สืบเนื่องมาจากใจนี่แหละ คือเขาจะติดตามมาตามที่กระแสแห่งใจเพราะใจเป็นผู้รับรู้เรื่องราวทุกอย่างในวัฏฏะฉะนั้นนํามาปรากฏอีกครั้งหนึ่งเราจะรู้ก็ตามไม่รู้ก็ตามไม่เกี่ยวกับเราแต่มันติดตามมาจากใจเนี่ยเป็นตัวเชื่อมโยงและเกี่ยวข้องและส่งผลต่อภาวะการ
ชีวิตในปัจจุบันนี้ เราจะรู้สึกเจ็บจี๊ด ๆ ยอมรับไปเถอะนั่นก็คือส่วนของวิบากที่ได้จัดคลายออกจากกิจหรือได้ถูกแก้ไขหรือได้ถูกทําให้เบาบางไปในโอกาสนั้นในช่วงเวลานั้นก็พยายามขอขมากรรมบ่อยๆ อยู่เรื่อย ๆ จนกว่าอาการจี๊ด ๆ จะหายไ",00.27.42,00.28.39,
,1.ไปยืนฉี่หรือขับถ่ายที่ต้นไม้หรือนอกสถานที่ต้องไหว้ขอโทษไหมครับ 2.การไปเที่ยวป่าเที่ยวเขาต้องไหว้เจ้าป่าเจ้าเขาไหมครับ 3.ศาลพระภูมิศาลเพียงตาศาลตายายควรไหว้บูชาไหมครับ,วิธีการที่เรามีความจําเป็นในการปัสสาวะในป่าหรือที่ที่มีต้นไม้มาก ๆ ก็บอกเขาหน่อยก็ดีเพราะว่าขอให้เข้าใจว่าตามหลักพุทธศาสนาเราให้ความสําคัญแม้กระทั่งผู้สถิตตามต้นไม้ตามกอหญ้าตามพื้นดิน แต่ถ้าเราต้องการจะขับถ่ายอุจจาระปัสสาวะก็บอกเขาว่า มนุษย์ผีปีศาจหรือเทวดาเหล่าใดก็ตามที่สถิตบริเวณแห่งนี้ข้าพเจ้าขออนุญาตในการขับถ่ายปัสสาวะหรืออุจจาระขอท่านจงออกจากการสถิตย์ชั่วคราว ก็คือให้เขาหลีกออกไปก่อนก็คือขออนุญาต ในส่วน 1.ถามว่าถ้าเจอต้นไม้ต้องไหว้ไหมไ ม่จําเป็นต้องไหว้แต่ควรจะอุทิศส่วนกุศลให้เทวดาที่สถิตในที่นั้น ๆ เจอศาลเจ้าปู่เจ้าตาศาลเพียงตาอย่างนี้ควรจะทําไงก็ควรอุทิศส่วนกุศลให้กับผู้ที่สถิตย์ในฉันนั้น ไม่จําเป็นต้องยกมือไหว้ไม่ต้องจุดธูปจุดเทียนเพราะคําว่าบูชาในทางพระพุทธศาสนา เขาใช้คำว่าทําบุญอุทิศส่วนกุศลให้ได้เชื่อว่าเป็นการบูชาตามบทที่พระองค์ตรัสไว้ว่าบูชาปูชันติ มรรคนิตัง มะนิตัง มะลิยัณตินัง ก็คือการอุทิศส่วนกุศลให้ได้เชื่อว่าเป็นการบูชาผู้ที่อยู่ในอีกมิติหนึ่งภาวะหนึ่งที่เขาอยู่ร่วมกันกับเรา ,00.28.47,00.30.18,
,พระอาจารย์เคยแนะนําว่าหากเราไม่สามารถรักษาศีลให้ครบหรือตลอดเวลาได้ ให้เราตั้งใจเป็นบางช่วงบางเวลาหรือบางข้อก็ได้ แบบนี้ถ้าหนูตั้งใจรักษาศีลช่วงเวลาอื่น ๆ ไว้แต่ในชีวิตมันเป็นไปได้ยากหากเราเผลอไปเดินเหยียบสัตว์เล็กสัตว์น้อยตายหรือเผลอพูดเพ้อเจ้อโดยที่ไม่ได้ตั้งใจจะผิดศีลเราจะตั้งมั่นว่าจะขอถือศีลไปจนกว่าจะเผลอผิดศีลโดยไม่ตั้งใจได้ไหมคะ เพราะไม่รู้จริง ๆ ว่าเราจะไปเผลอเหยียบมดเหยียบอะไรตอนไหน จะบาปไหมคะ แล้วก็ตั้งใจกําหนดใหม่อย่างนี้ไปเรื่อย ๆ ได้ไหมคะ,"การเผลอไม่ได้ถือว่าเป็นความผิด อันนี้เขาเรียกว่าเป็นความพลาดถ้ากับผิดไม่ได้เหมือนกันแต่ในเมื่อใดก็ตามที่พลาดแล้วให้ตั้งสติหรือเจตนางดเว้นใหม่ในคราวครั้งนั้นความพลาดนั้นก็พ้นจากโทษในความพลาดแต่ถ้าความผิดก็คือจงใจละเมิดจงใจที่จะทําลายเจตนาที่ตัวเองตั้งไว้อย่างด้วยเจตนาของเราเองไม่ได้มีสภาพการณ์เหตุการณ์เรื่องราวมาทําให้เรามีเงื่อนไขในการทําตามสภาพการที่เราอยู่เหนือนอกเหนือการควบคุมหรือการบังคับ ฉะนั้นการเดินไปเหยียบสัตว์ตายพุทธองค์ไม่ได้ถือว่าเป็นปาณาติบาปแต่อย่างใดนะหรือเผลอพูดอะไรที่มันเป็นความเพ้อเจ้อพระองค์ก็ไม่ได้ถือว่าเป็นความผิดศีล นั่นคือความผิดพลาดผิดพลาดกับผิดศีลไม่ได้เหมือนกันตีความหมายให้ออก ฉะนั้นถ้าเราเข้าใจอย่างถูกต้องแล้วก็ตั้งเจตนาคตเว้นใหม่เสมอไม่จําเป็นจะต้องไปอธิษฐานว่าข้าพเจ้าจะสมาทานงดเว้นจากการ งดเว้นในศีลข้อนี้ไปจนกว่าจะเผลอหรือพลาดไม่ต้อง ไม่มีแบบวิธีอย่างนี้
",00.30.33,00.32.40,
,มีเพื่อนท่านหนึ่งไล่พนักงานออกเพราะว่าเขาทําทุจริตแต่พนักงานคนนั้นไปฆ่าตัวตายวันนี้เพื่อนก็กลุ้มใจมากเลยค่ะเขามาถามว่าเขาผิดไหม บาปจะตกที่เขาหรือเปล่า ถ้าจิตเขาไม่ได้ทําไม่ได้เจตนาคือไม่ได้เจตนาให้เขาไปฆ่าตัวตายเราจะบาปไหมคะ,ไม่บาปกรณีนี้เราไม่ได้มีส่วนเกี่ยวข้องจากการกระทําของเขาที่เขาไปฆ่าตัวตายเลยเราก็ยังปกติดีเหมือนเดิมบาปเกิดขึ้นจากการตายของเขานั้นนะผมคนละส่วนกันเอาให้เข้าใจ ,00.32.48,00.33.26,
,ถ้าเกิดสมมุติว่าคนตาย สมมุติว่าเกิดเขาอาฆาตคนนี้ว่าเธอทําให้ฉันตายนะ เพราะเธอทําแบบนี้งั้นฉันก็เลย อาจจะไม่ใช่เป็นเคสนี้เคสนี้เขาอาจจะรู้สึกผิดเสียใจอะไรของเขาอับอายหรืออะไรแต่บางเคสค่ะพระอาจารย์ เช่น ผู้หญิงคนบางคนเนี่ยสามีนอกใจแล้วเขาก็ตัดสินใจฆ่าตัวตายเพื่ออยากให้สามีรู้สึกผิด เขาตายไปด้วยความอาฆาตสามีของเขาอย่างนี้ค่ะ สามีไม่ได้บาปเพราะว่าไม่ได้เป็นคนที่อยากให้เธอไปตายเพราะบาปที่ไปนอกใจใช่แต่ความจองเวรของผู้หญิงคนนี้ก็จะมีผลกับผู้ชายคนนี้ในภพชาติถัดไปถูกไหมคะพระอาจารย์,การจองเวรจะไม่สามารถจองเวรกันได้หากอีกฝ่ายหนึ่งไม่ได้มีการทําเวรตอบ การจะจองเวรกันได้ก็ต่อเมื่อมีฝ่ายคู่กรณีทําเวรตอบถ้าเป็นการจองเวรโดยฝ่ายเดียวมันเกิดขึ้นไม่ได้ธรรมชาติไม่อํานวยผลหรืออําใบอนุญาตให้คนที่จะจองเวรโดยที่ไม่มีคู่กรณีตอบ มันต้องมีคู่กรณีกันเขาต้องการจะจองเวรสามีซึ่งสามีไม่ได้เคยกระทําเวรตอบกับเขาเลยไม่ว่ากรณีใด ๆ ถ้าเป็นเวรก็เป็นเวรในแง่ของการทําให้เขารู้สึกเสียใจ น้อยเนื้อต่ำใจจนนําไปสู่การฆ่าตัวตาย ถ้าเป็นเวรในกรณีนี้ถ้าเขาจะอาศัยมูลเหตุอย่างนี้มาก่อเวรสามีคืนจริง ๆ พระพุทธองค์ก็ตรัสไว้ชัดเจนว่าเวรย่อมระงับด้วยการไม่จองเวรการจองเวรไม่ได้ทําให้เขารู้สึกตัวว่าสิ่งที่เขาทําเป็นความผิด แต่การที่เราไปจองเวรเขาเราจะสร้างเวรให้กับตัวเองแล้วใจเราก็เป็นทุกข์ ฉะนั้นวิธีที่ดีที่สุดคือการระงับเวรตัวเองดีกว่าไม่ว่าจะเป็นมนุษย์หรือมนุษย์ที่ละชีวิตไปแล้วหรือดวงจิตดวงวิญญาณใดก็ตามที่ผูกใจอาฆาตจองเวรใด ๆ ไว้ก็ตามขอให้ยึดถือหลักธรรมคําสอนของพระพุทธเจ้าว่าเวรย่อมระงับด้วยการไม่จองเวร ถ้าเราไม่ไม่ตั้งจิตที่จะระงับเวรในใจตัวเอง เราก็จะมีความทุกข์และความผูกเวรจะดึงเราไปสู่การกระทําเวรกันอย่างนี้ไม่มีทางที่สิ้นสุด ,00.33.32,00.35.37,
, เหมือนอย่างลูกเคยได้ยินเรื่องของสาเหตุที่พระพาหิยะถูกวัวขวิดตาย เพราะแม่วัวตัวนี้ ในอดีตเคยเป็นนางโสเภณีที่พระพาหิยะกับแก๊งของพระพาหิยะไปปล้นแล้วก็คือไปมีอะไรกับเขาด้วยแถมยังไม่จ่ายตังค์แถมยังปล้นฆ่าเขาแล้วปล้นเขาอีก ผู้หญิงคนนั้นผูกอาฆาตคนที่ฆ่า แสดงว่าเขาก็ต้องมีจิตโยงหมายถึงว่าพอเขาฆ่าเสร็จ เจ้าแม่วัวตัวนี้ก็เลยแบบว่าเกิดกี่ชาติก็มาตามไล่ฆ่าคนกลุ่มนี้ไปตลอด อันนี้ก็คือเป็นเพราะว่าเขาได้มีจิตที่ไปโยงกับการตายครั้งนั้นอะไรอย่างนี้ใช่ไหมคะพระอาจารย์,อันนี้แน่นอนเป็นการกล่าวถึงการก่อเวรกันทั้งสองฝ่ายมีคู่กรณีอื้อแน่นอนก็ต้องคําตอบกันไปคําตอบกันมาอย่างนี้ไม่มีที่สิ้นสุดอยู่แล้วแม้ในชาติสุดท้ายพระนั้นถูกแม่โคขวิดตายแต่ในฐานะของความเป็นพระอรหันต์แม่โคนั้นก็หนักเหมือนกัน ,00.35.40,00.36.46,
,พระอาจารย์เคยสอนพวกเราแล้วว่าถ้าเรามีความโกรธ บางครั้งมันค้างในจิตในใจหรืออารมณ์อะไรต่าง ๆ ที่มันค้างพอเวลาเราเดินจงกรมมันจะเกิดการถ่ายทอดถ่ายเทอารมณ์ออกมาบางคนไม่รู้ก็ไปพยายามตัดอารมณ์ทําไมฉันถึงคิดลบฉันกําลังเดินจงกรมอยู่นะ แต่พระอาจารย์บอกว่าให้ถ่ายอารมณ์ออกมาเพราะว่าตัวเนี้ยถ้าไม่ถ่ายมันก็จะหมักดองในจิตของเราแต่พระอาจารย์บอกว่าให้ระมัดระวังว่าในขณะที่มันถ่ายเทอย่าไปคิดเพิ่ม ทีนี้เราจะรู้ได้ยังไงคะพระอาจารย์ว่าอันไหนเป็นตัวถ่ายเท อันไหนเป็นตัวคิดเพิ่มอยากให้พระอาจารย์ช่วยยกตัวอย่างตอนที่สมัยพระอาจารย์ถ่ายเทอารมณ์โกรธในอดีตของพระจันทร์หรืออะไรก็ได้เจ้าค่ะ แล้วแยกให้ลูกเห็นทีว่าอะไรเรียกว่าอันนี้ของเก่าแล้วอันนี้เพิ่มอย่างนี้ค่ะ,"ตอนสมัยพระอาจารย์ปฏิบัติพระอาจารย์ยังไม่เคยเข้าใจคําว่าถ่ายเทอารมณ์เพราะไม่มีใครสอน ในขณะที่นั่งสมาธิอยู่ก็ไปนึกถึงคู่กรณีขณะที่เป็นฆราวาส นั่งสมาธิอยู่ดี ๆ นี่แหละแต่จิตมันวางแผนไว้ว่ามึงเวลาสิกขาออกไปกูจะไปดักรอตีมึงอยู่ตรงนั้นกูจะเตรียมอาวุธไปด้วยมึงผ่านมาเมื่อไหร่ มึงเสร็จกูเมื่อนั้นวางแผนอะไรอย่างนี้ แต่อีกจุดหนึ่งก็บอกว่าไม่ได้เราเป็นพระเรามาคิดอย่างนี้ไม่ได้ คือพยายามจะกดความคิดอันนั้นไว้คือตอนนั้นยังไม่เข้าใจวิธีการถ่ายเทอารมณ์แล้วเราก็มาฝึกแผ่เมตตาแล้วก็บอกจงเป็นสุขเป็นสุขเถิดนะอย่าได้มีเวรต่อกันและกันเลย อีกจุดหนึ่งจิตที่มันอาฆาตจองเวรเขาบอกว่ามึงจะไปให้คู่กรณีมึงเป็นสุขได้ยังไง ต้องออกไปสึกออกไปแล้วต้องไปจัดการมันให้ได้ไอ้คนคนนี้ หยามน้ำใจกูเหลือเกินอะไรประมาณนี้ เจ็บใจอยู่อย่างนี้สุดท้ายจิตก็พลิกมาอีกว่าจงเป็นสุขเป็นสุขเถิดอย่าได้มีเวรต่อกันและกันเลย พอสักพักหนึ่งการแผ่เมตตามันอ่อนลงก็มาวาง
วางแผนที่จะไปดักตีมันอีกแล้วจนสลับกันไปสลับกันมาอยู่อย่างนี้ยตอนนั้นยังไม่รู้จักการถ่ายเทอารมณ์ก็เลยใช้การแผ่เมตตาเป็นตัวช่วย แผ่เมตตาตลอดทั้งวันทั้งคืน พอหนึ่งเดือนก็สงบแล้วครับไม่มีความคิดในแง่ของอาฆาตเรื่องนี้อีกเลย ฉะนั้นถ้าในกรณีอย่างนี้ให้ใช้แผ่เมตตาช่วยจะดี
	ส่วนการถ่ายเทอารมณ์เครื่องอื่น ๆ พระอาจารย์อยากจะให้แยกแยะว่าความคิดที่เกิดขึ้นกับจิตความคิดใดก็ตามที่เกิดขึ้นโดยที่ไม่ได้เกิดจากความจงใจคิดของเรา ความคิดเหล่านั้นเป็นอารมณ์ที่ถูกถ่ายเทออกผ่านความคิดของเราแต่เราไม่ได้คิดแต่มันถ่ายเทออกผ่านความคิดของเราและแยกอีกอันหนึ่งว่าถ้าความคิดใดก็ตามที่เราจงใจคิดเองอันนั้นคือความคิดที่เกิดจากเจตนาที่เราคิดต่อ ฉะนั้นส่วนที่ถ่ายเทเทออกไปแล้วเราวางสิ่งที่จะคิดต่อจากเรื่องที่ถ่ายเทออกนั้น ",00.37.14,00.40.14,
,อย่างตัวหนูเองในอดีต สมมุติมีคนหนึ่งคนมาทําสิ่งที่ไม่ถูกต้องกับหนูแล้วหนูก็ระหว่างเดินจงกลมสิ่งนี้มันก็จะแทรกขึ้นมาไม่ได้เจตนาแต่มันคิดว่าเราจะตอบโต้เขายังไง เราจะเถียงเขายังไง เราจะให้ความจริงกับโลกยังไง หนูก็ไม่รู้จักคําว่าถ่ายเทเหมือนกันค่ะ แต่ตอนนั้นหนูปฏิบัติอยู่แล้วพระอาจารย์ตั๋นท่านก็บอกว่าถ้าไม่ไหว ถ้าความคิดมันมาแล้วมันต้านแรงไม่ไหวก็ปล่อยให้มันคิดแต่ให้รู้ตัวว่ากําลังคิด เสร็จปุ๊บหนูก็เลยก็ปล่อยยืนคิดเลยค่ะพระอาจารย์เป็นชั่วโมงเลยนะคะมันก็ไหลบ่ามาทีนี้พอมันไหลบ่าใจหนูมันก็เลยมีบวกเจตนาลงไปด้วยคือเจตนาตั้งใจคิดไปเลยว่าคือเหมือนตอนนั้นมันแบบอยากพูดสิ่งนี้เราไม่ได้พูดเพราะเราเลือกที่จะไม่สร้างเวรต่อเลยไม่พูดแต่มันค้างในหัวว่าเราอยากพูดหนูก็เลยอยากพูดอะไรพูดออกมาให้หมดถ้านึกไม่ออกเขียนออกมาให้หมดว่าเธออยากพูดอะไรกับเขาถ้าเธอจะพูดเธอจะพูดอะไร ก็เขียนลงไปอันนี้ถือว่าหนูเจตนาไปด้วยแล้วใช่ไหมคะพระอาจารย์,ในเจตนานั้นมันเป็นเจตนาเพื่อการถ่ายเทไม่ได้เป็นเจตนาเพื่อที่จะสืบต่ออารมณ์การคิดมีอยู่สองแบบคือเจตนาในการคิดโดยการสืบต่ออารมณ์อันนั้นโดยที่ไม่หยุดอารมณ์นั้นเลยอารมณ์นั้นไม่ถูกแก้ไข แต่การเจตนาในการเขียนออกมาเพื่อเราต้องการที่จะถ่ายเทมันออกมาผ่านการเขียนการพูด พอมันถ่ายเทออกมาหมดแล้วมันก็ไม่มีเรื่องมารบกวนอีก ,00.40.23 ,00.42.08,
,*พระอาจารย์ต้นแนะนำเพิ่มเติม ,สิ่งที่พระอาจารย์อยากจะแนะนําก็คือในขณะที่มันเกิดการถ่ายเทอารมณ์เหล่านี้ขึ้นมาเราให้ตั้งเจตนากําหนดไว้ว่า ตอนนี้จิตกําลังถ่ายเทอารมณ์อารมณ์กําลังถูกถ่ายเทออกมาจากจิต จิตกําลังถ่ายเทอารมณ์ออกมา คือให้เข้าใจว่ามันเป็นเรื่องของการถ่ายเทอารมณ์ในระบบของจิตเองให้ตั้งการกําหนดรู้ไว้อย่างนี้มันก็จะเข้าใจในขณะนั้น ๆ ,00.42.42 ,00.43.02,
,"เวลาที่ใส่บาตรแล้วเราแผ่เมตตาให้ผู้ที่ล่วงลับเช่นแม่ปู่ย่าตายายเทวดาหรือสรรพสัตว์
เราจะเหลือบุญให้ตัวเองไหมคะ เราควรใส่บาตรสองรูปทุกครั้งรูปแรกให้ให้ผู้ล่วงลับรูปที่สองให้ตัวเองดีคะ",จุดประสงค์ของการอุทิศส่วนกุศลก็คือให้ผู้ล่วงลับทั้งนั้นแหละเราอย่าอุทิศบุญให้ตัวเราเลยนะครับเราได้บุญอยู่แล้วในผู้ทําพระองค์ก็บอกว่าการทําบุญเราได้แล้วส่วนหนึ่งสองอ่าอุทิศให้กับผู้ที่ละชีวิตไปเขาก็ได้ประโยชน์สองส่วนเราได้แน่นอนอยู่แล้วเราไม่ได้ส่วนส่วนบุญของเราไม่ได้หายไปไหนนะยังเป็นของเราอยู่การอุทิศก็ได้เกิดบุญใหม่จากบุญที่เราอุทิศนั้นได้อีกนะไม่ต้องกลัวว่าบุญจะหมด ,00.43.13,00.43.59,
,ผมทําสมาธิทั้งวันกลัวส่งพลังลบไปให้จัง แต่ก็อยากสนทนาทําด้วยจิตของผมร้อนจัดกิเลส เวลาทําสมาธิกลัวว่าถ้าแชทไปด้วยพลังลบ กลัวจิตผมร้อนกิเลสพอเวลาแชทกลัวผมส่งพลังลบให้ให้กับผู้คน เลยอยากถามพระอาจารย์ เพราะพระอาจารย์บอกว่าพลังลบมันส่งต่อกันได้ ถ้าเราร้อนอยู่แล้วเราทําอะไรลงไปมันจะส่งพลังลบกันออกมาในรูปแบบใด ได้ยังไงแบบไหนคะ,ได้ระบบของจิตถ้าใครตายดี ๆ จะเห็นกระแสออกจากจิตเลยเป็นคลื่นด้วยเป็นคลื่นโยงถึงคือพุ่งไปที่ไหนมันจะโยงไปถึงคนนั้นไปได้ทั้งบวกทั้งลบ โดยเฉพาะคนที่มีสมาธิเยอะเยอะจะจะเห็นเป็นคลื่นเป็นกระแสออกไปเลยเป็นเส้นออกไปเลยนะจากจากกระแสจิตนี่แหละจากจิตนี่แหละเป็นเส้นเป็นสายโยงใยยิ่งกว่าเจ็ดแมงมุม ถ้าใครตาดีนะถ้าใครตาไม่ดีก็จะมองไม่เห็น ,00.44.05,00.45.48,
,พ่อหนูเป็นคนดื้อมากเรื่องกินยา ยาเช้าเป็นยาเที่ยง ยาเที่ยงเป็นยาเย็น ยาเย็นเป็นยาก่อนนอนบอกให้กินกี่ครั้งเฉย ครั้งที่หนึ่งเฉย ครั้งสองครั้งสามเฉย แต่ละครั้งที่กินยาห่างกันสิบห้านาทีสุดท้ายครั้งที่สี่โดนด่า ว่ามึงไม่ต้องไปบังคับกูตายก็ให้มันตายไป เรียกกินยาทุกทีหนูโดนด่าทุกที หนูก็ไม่ตอบโต้ค่ะแล้วอย่างนี้ต่อไปต้องเรียกเขากินยาอีกไหมคะ ไม่งั้นก็จะมีกรรมร่วมกับเขาหรือเรียกอีกเหมือนเดิมดีคะตามหน้าที่ของความเป็นลูกที่ต้องดูแลพ่อด่าก็ด่าไปหรือว่าอยู่ในสมมติไป  ,"ก็เรียกไปตามที่เรามีหน้าที่ในการจัดยาให้ท่าน โดนด่าก็ถือว่าเป็นมงคลสําหรับชีวิตบิดามารดา
ให้ถือว่าเป็นมงคลสําหรับชีวิตอย่าไปอะไรระคายเคืองกับคําด่าของบุคคลผู้เป็นบิดามารดานะขอให้ถือว่ายิ่งด่าเท่าไหร่เราก็ยิ่งมีสติมากเท่านั้น ให้เปลี่ยนแนวคิดเปลี่ยนความคิด อย่ากลัวการถูกด่าอย่ากลัวการถูกต่อว่าท่านจะดุจะด่าจะว่ายังไงก็ตามที่สุดแล้วน้ำใจของพ่อแม่ด่าแค่ไหนก็ตามไม่ถึงกับการฆ่าหรือทําร้ายหรอกไม่ต้องกลัว ",00.46.19,00.47.47,
,สามีเสียชีวิตได้ 10 เดือนแต่หนูยังทุกข์ใจ และมีคําถามกับตัวเองว่าเราจะอยู่ไปทําไมหันไปทางไหนก็มีแต่ความทุกข์และกลัวที่ต้องอยู่คนเดียวต้องดํารงชีวิตต่อคนเดียวมีน้ำตาทุกวันหนูจะพ้นทุกข์ได้ยังไง,"แน่นอนว่าเวลาเราอยู่ในห้วงของอารมณ์แห่งความทุกข์มันจะมองไม่ออกเราว่าเราจะพ้นทุกข์ออกไปได้อย่างไร แล้วก็ภาพแห่งความทุกข์นั้นยังวนเวียนอยู่กับความรู้สึกภายในจิตใจของเรา แล้วเราก็ยังจําภาพแห่งความทรงจําที่สืบเนื่องในสิ่งที่ก่อให้เกิดทุกข์นั้นอยู่ และเราก็ได้รับผลแห่งความทุกข์จากภาพแห่งความทรงจําเหล่านั้นวนเวียนเป็นอารมณ์จมปลักอยู่กับจิตกับใจเราอย่างนี้ตลอดเวลา แล้วเราก็น้อมใจไปในการที่ไม่อยากจะมีชีวิตอยู่อันนี้เป็นความคิดที่เกิดขึ้นจากการที่เราไม่ได้เรียนรู้ทุกขสัจจะคือความจริงที่เรียกว่าทุกข์มาตั้งแต่แรกแต่ก็ไม่เป็นไรเมื่อมันเกิดภาวะการอย่างนี้แล้ว ขอให้เข้าใจว่าบุคคลผู้ละชีวิตไปเขารอคอยบุคคลที่มีชีวิตอยู่คอยทําบุญอุทิศส่วนกุศลไปให้เขาถ้าหากไม่มีเราเป็นผู้คอยทําบุญอุทิศส่วนกุศลไปให้เขาแล้วเนี่ยเขาจะรับบุญจากใคร
	ฉะนั้นการที่เขาได้ละชีวิตไปแล้วสิ่งเดียวที่จะทําให้เขามีความสุขในโลกหน้าได้ก็คือบุญกุศลทรัพย์สินเงินทองข้าวของสิ่งใด ๆ ก็ตามไม่ได้มีความหมายกับเขาเลย พระองค์จึงตรัสสอนไว้ว่าความเศร้าโศกความเสียใจความพิรี้พิไรรําพัน ความทุกข์ในใจต่าง ๆ นา ๆ นา ๆ ประการที่เกิดขึ้นจากความพลัดพรากเหล่านี้ไม่ได้ส่งผลให้กับบุคคลผู้ละชีวิตไปอยู่ดีมีสุขเลย แต่การทําบุญอุทิศส่วนกุศลให้กับบุคคลผู้ละชีวิตไปต่างหากจึงจะเป็นการสร้างประโยชน์ต่อเขา ฉะนั้นถ้าหากเรามาตัดรอนชีวิตของตัวเองแล้วเกิดความไม่รู้ว่าหนทางตัวเองจะเป็นไปอย่างไรนั้น แล้วเรามีความรักความผูกพันคือความเกี่ยวข้องกับเขาแต่ทําไมเราไม่มองเห็นประโยชน์ในการที่จะสร้างประโยชน์ในขณะที่มีชีวิตอยู่ทําบุญอุทิศส่วนกุศลไปให้เขาอยู่เสมอ ๆ อยู่เรื่อย ๆ ให้เขาอยู่ดีมีสุขเมื่อเขาอยู่ดีมีสุขแล้ว ก็คือว่าเราแค่ทําสิ่งที่เป็นเหตุอย่างถูกต้องตามครรลองแห่งความเป็นจริงมันดีกว่าการที่เราจะไปคิดตัดรอนชีวิตตัวเองและแน่นอนว่าคนที่ละชีวิตไปก็ไม่ได้ต้องการให้เราทําอย่างนั้นแน่เราไม่รู้หรอกว่าโลกหน้าหลังจากละชีวิตไปน่ะเราจะบายหน้าไปสู่ทุคติหรือสุขคติอย่างไร วิธีที่ดีที่สุดคือพยายามสร้างสิ่งที่เป็นสุคติให้กับจิตของตัวเอง พระอาจารย์อยากจะแนะนําให้โยมจ๊ะจ๋านี่นะระลึกถึงบทพระรัตนตรัยในบทที่พระอาจารย์ได้ให้ไว้ ก็คือบท พุทโธ เมนาโถ พระพุทธเจ้าเป็นที่พึ่งอันประเสริฐของข้าพเจ้า ธัมโม เมนาโถ พระธรรมเป็นที่พึ่งประเสริฐของข้าพเจ้า สังโฆ เมนาโถพระสงฆ์เป็นที่พึ่งอันประเสริฐของข้าพเจ้าระลึกบทนี้ ย้ำ ๆ ซ้ำ ๆ แล้วก็ พยายามทําบุญอุทิศส่วนกุศลให้กับผู้ที่ละชีวิตไป ยิ่งนึกถึงเขามากเท่าไรคิดถึงเขามากเท่าไรอุทิศส่วนกุศลไปให้เขามากเท่านั้นทําอย่างนี้ไว้ความทุกข์ก็จะค่อย ๆ คลายออก ",00.47.52,00.51.59,
,กินน้ำกระท่อมเนี่ยผิดศีลไหมครับ เพราะว่ามันพ้นจากยาเสพติดที่กฎหมายเขาไอ้นี่ลงไปแล้วว่ามันไม่ใช่ยาเสพติดอย่างนี้ถือว่าเป็นผิดไหมครับ,"ถ้าเราจะกล่าวเทียบกับศีลก็ถ้าจะเทียบกับเทียบกับข้อที่ห้าใช่ไหม มันไม่ใช่สุรา
มันไม่ใช่เมนระยะคือเมระยะคือของหมักดองแล้วก็ไม่ใช่มัชชะคือของมึนเมานะเพราะศีลข้อที่ห้าจะมีอยู่สามความหมายคือสุรามีระยะแล้วก็มัชฉะฉะนั้นฉะนั้นน้ํากระท่อมเนี่ย
ไม่ได้ผิดศีลแม้จะแต่ก่อนนี้มีกฎหมายห้ามก็ไม่ถือว่าเป็นผิดศีลแต่ผิดกฎหมายการผิดกฎหมายกับผิดศีลมันคนละส่วนกันบางอย่างไม่ได้ผิดสีแต่ผิดกฎหมายฉะนั้นขอให้เข้าใจว่าไม่ได้ผิดศีลเพราะไม่ใช่ของมึนเมา ",00.52.58,00.53.18,
,พระอาจารย์คะเงาะเคยได้ยินพระอาจารย์แนะนําว่าเวลาที่เราดูการเกิดของเวทนาสัญญาสังขารวิทยา พระอาจารย์แนะนําให้ดูสัญญาให้ดูความจําเป็นตัวหลัก พระอาจารย์แนะนําอย่างนี้ดูเวลาคําว่าดูสัญญาดูแค่ไหนคะอาจารย์ ดูแค่ว่าสมมุติว่าเราจําเรื่อง จําเหตุการณ์ในอดีตปรากฏแล้วเราจําได้ไหมไม่รู้ อันนี้เงาะว่าพอนึกออกว่านี่เป็นความทรงจํานะแล้วมันโผล่ขึ้นมาแต่อย่างสมมติว่าเราเห็นแก้วแล้วเราก็หมายรู้ว่านี่มันคือแก้วอย่างนี้เราต้องรู้ตัวอยู่มั้ยคะว่านี่คือเรากําลังเห็นสัญญาอย่างนี้ค่ะ,สัญญามันจะมีอยู่สองประเภทนะสัญญาในปัจจุบันอันหนึ่งกับสัญญาในอดีต อีกสามประเภทคือสัญญาอนาคตแต่สัญญาอนาคตมันไม่มีหรอกแต่มันคือจําเรื่องที่จะทําอนาคตไว้นะแต่ว่าสัญญาในอนาคตไม่มีเพราะอนาคตเป็นสิ่งที่ยังไม่ได้เกิดขึ้น ก็เลยพูดถึงสัญญาอดีตกับสัญญาปัจจุบันคําว่าสัญญาในอดีตคือการจําเรื่องราวที่ร่วงไปแล้วรับไปแล้วดับไปแล้วหมดไปแล้วที่มันผุดปรากฏขึ้นมาอีกครั้งหนึ่งผ่านความจําชนิดนั้นนั้นแล้วมันส่งผลต่อชีวิตเราให้สุขและทุกข์และเป็นปัญหารบกวนจิต อันนี้ต้องกําหนดรอบรู้สัญญาขันธ์ว่าเป็นเพียงแค่ความจําไม่ใช่ความจริง แล้วสัญญาขันปัจจุบันคือการกําหนดหมายที่จะกระทําสิ่งต่าง ๆ ในขณะนี้ก็คือสัญญาขันในปัจจุบัน สัญญาขันในปัจจุบันนี้ไม่ต้องไปกําหนดรอบรู้เพราะมันเกิดระดับอยู่แล้วแต่ให้เราไปกําหนดรอบรู้สัญญาณอ่านในส่วนของอดีตที่มันส่งผลต่อความสุขและทุกข์ในชีวิตปัจจุบันนี้พระอาจารย์จึงแนะนําให้ดูสัญญาขันถามว่าดูเวทนาขันต์ได้ไหมได้พระพุทธเจ้าก็ตรัสไว้ว่าบุคคลผู้รอบรู้เวทนาขันต์ได้ถึงที่สุดแล้วย่อมเข้าสามารถก้าวข้ามโมฆะได้เวทนาขันธ์อย่างเดียวนะอย่างอื่นไม่ดูก็ได้ ครูเวทนาขันธ์อย่างเดียวก็สามารถก้าวข้ามโมฆะได้ก็เท่ากับว่าไปถึงนิพพานได้ด้วยการดูเวทนาอย่างเดียวแต่จุดมุ่งหมายของการดูเวทนาเพื่อรู้กามราคะปฏิฆะเพื่อทําลายสังโยชน์ ,00.53.55,00.56.04,
, ถ้าดูความคิดล่ะคะพระอาจารย์ ดูสังขาร,สังขารใด ๆ ก็ตามที่เกิดขึ้นนะพระองค์บอกว่าการที่จะดูสังขารก็ดูที่ว่าพราะสังขารเนี่ยปรุงแต่งรูปปรุงแต่งเวทนาปรุงแต่งสัญญาปรุงแต่งสังขารและปรุงแต่งวิญญาณไว้อันนี้ที่ว่าสังขารสังขารใดใดจะเกิดขึ้นก็ต้องอาศัยมีลูกมีเวทนามีสัญญาสังขารถึงจะปรุงแต่งได้ หมายถึงว่าจิตมันจะคิดเรื่องใดได้ก็คือเอาเรื่องสิ่งเรื่องนั้นไปปรุงแต่งต่อหรือไปคิดต่อเป็นเรื่องเป็นนั้นไปนี้ขึ้นมาได้มันก็ต้องมาจากเรื่องที่จําไว้ก่อน ถ้าไม่มีเรื่องที่มันเคยจําไว้เนี่ยมันจะไปคิดเรื่องนั้นไม่ได้เลย ,00.56.07,00.56.49,
,ถ้าคนที่ตายแล้วเขาเปลี่ยนชื่อ หมายถึงตอนที่มีชีวิตเนี่ยเขาเคยชื่อหนึ่งต้องเปลี่ยนชื่อก่อนแล้วพอตายไปปุ๊บทําบุญให้เขาเนี่ยเราต้องบอกชื่อเก่าหรือชื่อใหม่ดีครับ,ชื่อใหม่ ,00.57.29,00.57.43,
,เราจะฝึกจิตใจอย่างไรเวลาเราโกรธไม่พอใจโมโหแล้วอารมณ์มันไปขั้นสุดคุมอารมณ์ไม่ได้โมโหแล้วก็โวยวายอย่างนี้ต้องฝึกยังไงดีเจ้าคะ  ,"ฝึกทักอารมณ์ที่เกิดขึ้นกับจิตอยู่บ่อยบ่อยในขณะที่ความโมโหและความไม่พอใจเกิดขึ้นนั้นต้องฝึกไว้ว่าเรากําลังมีความโมโห ความโมโหกําลังเกิดขึ้นกับเรา เราเกิดความโมโหความ โมโหเกิดขึ้นกับเรา ความโมโหกําลังปรุงแต่งจิตเรา จิตเรากําลังถูกความโมโหปรุงแต่ง เรากําลังมีความโมโห ความโมโหกําลังมีอยู่ในเรา ความโมโหเกิดขึ้นกับเรา เราเกิดความโมโหคือบอกความเป็นจริงกับตัวเองอย่างนี้ เขาเรียกว่าทักอารมณ์ที่เกิดกับใจตัวเองกับตัวเองอย่างนี้
ย้ำ ๆ ซ้ำ ๆ วนเวียนอยู่อย่างนี้มันจะเป็นการสร้างสติในระหว่างนั้นสติอาจจะยังไม่ถูกสร้างขึ้นมาหรอกแต่ว่าการทักอย่างนี้มันจะค่อยสร้างสติขึ้นมาถึงแม้เราจะไม่รู้ก็ตามว่ามันกําลังถูกสร้างสติขอให้รู้ว่าสติกําลังจะถูกสร้างขึ้นในระหว่างที่เรากําหนดรู้หรือเข้าไปทักอารมณ์อยู่นั้น ครั้งแรกเราอาจจะยังไม่เห็นผลทั้งสองทั้งสามทั้งสี่ที่สติได้ถูกสร้างขึ้นมาแล้วมันจะคอยทําหน้าที่ในการเท่าทันต่ออารมณ์ เมื่อมันเท่าทันต่ออารมณ์เราจะเห็นอารมณ์นั้นเกิดและดับเมื่อเราเห็นอารมณ์เกิดดับเราถึงจะเข้าใจอารมณ์นั้นตามความเป็นจริงสติตัวนี้จะคอยทําหน้าที่กํากับอยู่ ",00.57.53,00.59.12,
,บ้านที่อาศัยอยู่เป็นบ้านไม้และมีปลวกบุกรุกค่ะลูกควรกําจัดอย่างไรให้บาปเบาบางที่สุดค่ะพระอาจารย์,บาปอยู่แล้วนะขอให้เข้าใจว่าบาปอยู่แล้วแต่เป็นบาปที่แก้ไขได้นะ ชีวิตนี้ที่เราจะใช้ชีวิตอยู่ในโลกนี้โดยที่ไม่ให้เปื้อนบาปมันเป็นไปไม่ได้แต่บาปที่เข้ามาสู่ชีวิตเรา เราจะแก้ไขมันอย่างไรนี่คือหลักการทางพุทธศาสนาที่นําไปสู่การแก้ไขแต่จะไม่ให้มีบาปเลยมันไม่มีใครสามารถใช้ชีวิตโดยที่ไม่มีบาปเลยเราสามารถแก้ไขได้เราก็ไปสู่วิธีการแก้ไข ฉะนั้นจะถามว่าจะทําอย่างไรจะทํายังไงก็ทําแต่เมื่อบาปแล้วจะแก้ไขยังไงถึงจะถามพระอาจารย์ได้ ,00.59.27,01.00.13,
,"ถ้าพระอาจารย์มีลูกศิษย์ 2 คนคือเอกับบีก็สอนให้ความรู้พร้อมกันก็บอกให้ไปปฏิบัตินะถ้าไม่สงสัยมากปฏิบัติไปเรื่อย ๆ ก็จะก้าวหน้าเร็ว เอจะถามบ่อยมากอาจารย์ก็ขยันตอบ 
บีถามคําถามเดียวกับเอแต่อาจารย์ไม่ตอบอะไรเป็นสาเหตุที่ทําให้อาจารย์จะปฏิบัติกับสิทธิต่างกันคะ ",มีความต่างกันเพราะจิต ความรู้พื้นเพอุปนิสัยเรื่องราวที่อาจารย์คํานวณดูแล้วว่าบุคคลนี้ควรต่อบุคคลนี้ไม่ควรตอบ มีอยู่คราวครั้งหนึ่งที่วัชโคตรไปถามพระพุทธองค์ในคําถามที่สมณพราหมณ์ทั้งหลายต่างก็ถามพุทธองค์นี่แหละ แต่พระองค์ไม่ตอบกับวัชโคตรแต่ไปตอบกับสมณธรรมเหล่าอื่นหมดเลยแต่วัชรฉัตรโคตรไม่ตอบ พระอานนท์ก็สงสัยเอ๊ะ! ทําไมพุทธองค์ไม่ยอมตอบคําถามวัชโคตรที่มาถาม แต่สมณธรรมเหล่าอื่นพระองค์ตอบหมด พระพุทธเจ้าบอกว่าตถาคตรู้อุปนิสัยในจิตของการตอบคําถามกับบุคคลเหล่านี้ว่าใครควรตอบแล้วใครไม่ควรตอบ ,01.00.18,01.00.37  ,
,มารดามีโรคประจําตัวหลายโรคต้องกินยามากแต่ก็ชอบกินยาแบบผิด ๆ แล้วก็ชอบทําตัวให้เจ็บป่วยเพื่อให้ลูกต้องไปดูแลชอบเรียกร้องความสนใจจากลูก ต้องไปดูแลตลอดจนลูกไม่ได้ทํางานจึงไม่มีรายได้ แบบนี้เรียกว่าชดใช้กรรมหรือเปล่าคะ ,"ส่วนหนึ่งเป็นการชดใช้กรรมนะส่วนหนึ่งก็เราเราต้องมองในแง่มุมอีกแง่มุมหนึ่งในการที่ทําให้
แม่ที่พี่พยายามเรียกร้องความสนใจจากลูกจนทําให้ลูกเสียการเสียงานบางทีมันก็ไม่เกิดความชอบธรรมในสิ่งที่เราทําอยู่บางคราวก็จะทําให้แม่ คืออาตมาเข้าใจว่าลูกไม่อยากจะทําให้แม่เสียความรู้สึกทางด้านจิตใจแต่มันไม่ได้หมายถึงว่าเราจะต้องทําอย่างงั้นตลอดไปกรรมพระองค์ไม่ได้บอกให้ชดใช้ทุกอย่างนะแต่พระองค์ให้แก้ไข การแก้ไขต่างหากคือหลักของปัญญาชดใช้แน่นอนส่วนหนึ่งเราต้องเข้าใจกระบวนการแห่งกรรมโดยการยอมรับก่อนพอยอมรับแล้วเราจะนําไปสู่การแก้ไขเรื่องราวนั้นอย่างไร เมื่อให้เกิดเหตุการณ์อย่างนี้ญาติพี่น้องลูกหลานทุกคนประสบกับปัญหานะจนส่งผลต่อการงานฉะนั้นเราจะแก้ไขอย่างไร หรือเรื่องนี้ถ้าเราจะคอยทําให้เอ่อรักษาแต่น้ำจิตน้ำใจของแม่อยู่อย่างเดียวอันนี้ก็คือแน่นอนส่วนดีส่วนหนึ่งแต่ส่วนไม่ดีมันก็มี พิจารณาดูเราก็ต้องพิจารณาดูผู้เป็นลูกพิจารณาดูว่าเราจะแก้ไขยังไง",01.02.36  ,01.04.06  ,
,บุคคลที่มีร่างกายไม่ครบ 32 ประการเช่นนิ้วพิการตั้งแต่กําเนิดเจริญอริยสัจได้ไหมคะ,"หากว่าบุคคลผู้นั้นประกอบไปด้วยเหตุกะจิต คือจิตที่ประกอบด้วยเหตุพร้อมจะพิกลพิการยังไงก็ตามก็ยังสามารถแทนตลอดอริยสัจสี่ได้ ตัวอย่างเช่นมีภิกษุรูปหนึ่งหลังค่อมโดยกําเนิดนะหลังค่อมโดยกําเนิดแล้วคุณตรรกะเถระหรือเปล่า ประมาณนี้ถ้าจําไม่ผิดนะหลังค่อมโดยกําเนิดก็เป็นพระอรหันต์ในพุทธศาสนาอือคืออันนี้คือต้องบอกว่าคนที่พิการแต่มีเหตุกักจิตคือพร้อมเพรียงไม่มีความขาดตกบกพร่องในแง่ของความสมบูรณ์ทางจิต คือประกอบไปด้วยสัมมาทิฐิ ประกอบด้วยการ
ไข้สดับในกุศลธรรม ประกอบปรารถนาการหลุดพ้นทางพระนิพพานอะไรประมาณนี้ คือมันต้องประกอบด้วยเหตุเหล่านี้ครบถ้วนบริบูรณ์อันนี้ได้ ",01.04.29 ,01.05.27  ,
,แล้วแม้กระทั่งบางคน เพื่อนบางคนที่เขาก็สนใจทางธรรมแต่ว่าด้วยตัวของเขาเมีความเป็นเหมือนชอบผู้ชายเขาเป็นผู้ชายนะคะแล้วเขาก็ชอบผู้ชายอย่างนี้ค่ะ แล้วเขาก็บอกว่าเขาก็มีสัมมาทิฐิ เขาสามารถที่จะรู้แจ้งแทนตลอดในอริยสัจได้ไหมคะพระอาจารย์,"ช่วงในขณะที่เขาใช้ชีวิตอยู่ในภาวะอย่างนี้ มันยังจะปิดกั้นไว้ก่อนแต่ขอให้เขาปฏิบัติไปเถอะเมื่อละชีวิตไปเมื่อไหร่และจากนั้นกระแสแห่งการปฏิบัตินั้นจะสืบต่อกับจิตแล้วเขาจะแทนตลอดอริยสัจ 4 เมื่อละชีวิตไปเมื่อเกิดบนเทวโลก เขาจะรู้แจ้งพระนิพพานนี่ได้
แต่ถ้าไม่สร้างเหตุไว้เลยกระแสธรรมจะไม่สืบต่อเพราะเมื่อละชีวิตไปแล้วก็จะพ้นภาวะแห่งวิบากอันนั้นเพราะกุศลธรรมที่เขาสะสมไว้ในเส้นทางอริยมรรคจะเปลี่ยนพ้นไปอยู่ในสุคติ สุคติพบจะกําหนดความสมบูรณ์แบบในภายกายและจิตอันนั้นแล้ว คุณธรรมที่เขาบําเพ็ญมาเนี่ยมันจะทําให้จิตของเขานั่นหน่วงเหนี่ยวเอาข้อปฏิบัติทั้งหมดหรือกระแสอริยมรรคทั้งหมดเนี่ยไปปรากฏกับจิตแล้วจิตจะแทนตลอดอริยสัจเข้าถึงผลในศาสนานี้โดยลําดับในขณะที่เป็นเทวดานั้นได้ ไม่ต้องกลัวไม่เสียผลไม่เสียหายปฏิบัติได้แต่ตอนที่ยังอยู่เนี่ยมันยังปิดกั้นไว้อยู่แต่มันหมายถึงว่ามันจะหายไปไหนนะ ยังรองรับสะสมอยู่ในจิตอยู่ เพียงแค่รอความสมบูรณ์พร้อมเท่านั้นเอง ",01.05.48 ,01.07.23,
,แต่ว่าถ้าอย่างบางคนเขาก็เป็นชายรักชาย แต่ว่าพอถึงวันหนึ่งเขาก็สลับเลยค่ะ ไม่เอาเลยแล้วก็บวชเลยอย่างนี้ค่ะพระอาจารย์อย่างนี้ก็ถือว่าเขาก็คือมีโอกาสส่งได้อย่างนี้เหมือนกันไหมคะ,,01.07.25 ,01.08.27  ,
, ที่บอกว่าบัณเฑาะก์บวชไม่ได้อันนี้จริงไหมคะพระอาจารย์,ที่บวชไม่ได้หมายถึงว่าบัณเฑาะก์ที่ไม่มีเพศ ไม่มีเพศปรากฏถ้ามีเพศปรากฏบวชได้,01.08.31 ,01.08.54,
, เมื่อคราวลมหายใจสุดท้ายของพ่อหนูเราได้ยินเขาไอแรง พ่อแบบไอตลอดแต่หนูไม่ได้ลุกไปดู เหตุแก้ตัวเราคือตอนนั้นเรายังเด็กเสียใจมาจนถึงทุกวันนี้ค่ะ พ่อเป็นสโตรกเรามีหน้าที่ดูแลท่านทุกวันนี้คิดว่าเพราะเราไม่ลุกไปดูพ่อวันนั้นท่านถึงตาย นิมนต์พระอาจารย์แจ้งผลแห่งเหตุนั้นกับเราด้วยค่ะ,"การที่เรามีหน้าที่ดูแลท่านไม่ได้หมายถึงว่าการดูแลนั้นจะไม่มีความผิดพลาดบกพร่องเลย
มันต้องมีความผิดพลาดบกพร่องในทุก ๆ กรณีไม่มีใครสามารถทําอะไรได้อย่างครบถ้วนสมบูรณ์แบบโดยไม่ขาดตกบกพร่องในการทํา เราอย่าเอาเหตุของความผิดพลาดบกพร่องนั้นมากล่าวโทษตัวเองหรือตําหนิตัวเองซึ่งมันจะไม่เกิดประโยชน์ใด ๆ เลยในสิ่งที่เราทํา เรานึกถึงคุณค่าที่เราได้ดูแลท่าน เรานึกถึงความดีกตัญญูที่เราได้ตอบสนองคุณของท่าน แต่เราอย่าเอาความผิดพลาดและบกพร่องนั้นมาลดทอนความดีคุณค่าหรือความกตัญญูที่เรากระทําต่อท่านซึ่งมันเทียบกันไม่ได้เลยอย่าไปติดอยู่กับเรื่องนี้ซึ่งมันเกิดขึ้นได้เสมอกับทุก ๆ เรื่องราวทุก ๆ เหตุการณ์เราไม่ได้เป็นส่วนหนึ่งที่ทําให้ท่านละชีวิตไปแต่ถ้าละชีวิตไปเพราะโลกของท่านมันเป็นแบบนั้นท่านจะต้องเป็นแบบนั้นมันก็เป็นส่วนหนึ่งของท่านที่ท่านจะต้องได้รับอย่างนั้นต้องเข้าใจหลักการนี้ให้ดี ถ้าเมื่อใดก็ตามที่เราไม่ได้เข้าใจหลักของกรรมนี้ในส่วนหนึ่งเราก็จะไปเป็นผู้แบกรับผลแห่งวิบากส่วนกรรมที่ท่านทํามามาเป็นของตัวเรามันก็เป็นผู้เปล่า ๆ ซึ่งมันไม่สามารถที่จะไปแบกรับกรรมของคนอื่นมาเป็นของตัวเองได้
	ฉะนั้นเราจะต้องฝึกคิดในแง่ของสิ่งที่ไม่ปรักปรำกล่าวโทษหรือทําร้ายตัวเองหรือตําหนิตัวเองฝึกคิดในการที่จะสละออกหรือหนีออกจากความคิดเหล่านี้ แล้วก็นึกถึงคุณงามความดีที่เราทําและมีคุณค่ามากกว่า ",01.09.11 ,01.11.17 ,
,มีความคิดเกิดขึ้นเพราะคิดว่าความคิดกําลังเกิดขึ้น จิตพอหายไปที่พระอาจารย์บอกว่าให้กําหนดลงที่ขันกําหนดอย่างไรคะ หมายถึงอะไรช่วยอธิบายให้ฟังหน่อยค่ะ ,"นี่คือตัวอย่างหนึ่งที่ได้นําคําแนะนําที่พระอาจารย์ให้ไปปฏิบัติ ไม่ว่าจะเป็นการอะไรก็ตามเกิดขึ้นแล้วให้ทักเรื่องนั้นตรง ๆ อันนี้เอาไปทักจิตที่กําลังคิดพอไปทักความคิดแล้วความคิดหายไปก็เลยไม่รู้ว่าพอมันหายไปแล้วมันจะไปกําหนดลงขันธ์ได้ยังไงใช่ไหมล่ะ ก็ให้เรียนรู้กําหนดลงขันธ์ว่า
ที่เกิดขึ้นเมื่อกี้นี้มันเป็นขันธ์ไหม ถ้าเรารู้ว่ากําหนดรู้ว่ามันเป็นสังขารเราก็จะได้เห็น สังขารขันธ์เกิดขึ้นแล้วดับไปอย่างนี้นี่เองเราจะได้เรียนรู้ความเกิดความดับความสําคัญขันธ์นั้น แล้วครั้งต่อไปเวลาเกิดขึ้นเราไม่ต้องไปทักความคิดแล้วให้เราทักว่านี่คือสังขารขันธ์ สังขารขันธ์กําลังเกิดขึ้นกับจิต สังขารขันธ์กําลังตั้งอยู่ในจิต พอมันถูกรู้มันก็จะดับไปเราก็รู้ว่าสังขารดับไปก็จะเป็นการรู้ว่าขันธ์เกิดดับ เพราะอันแรกมันเป็นการรู้อารมณ์เกิดดับใช่ไหมล่ะ เพราะพระอาจารย์ให้ทักเพื่อให้สงบอารมณ์แล้วให้เห็นอาการของขันธ์ พอเห็นอาการของขันธ์ครั้งต่อไปให้เห็นขันธ์เกิดดับเพราะถ้าเห็นขันธ์เกิดดับเราจะทําจิตในอริยสัจ 4 ได้ ",01.12.00 ,01.13.14,
,"เคยได้ยินว่าเวลาตายแล้วจิตเกิดขึ้น จิตเกิดทันทีแล้วเราอุทิศส่วนกุศลให้เขาที่ไปเกิด
แล้วได้ด้วยเหรอคะ","ได้พุทธเจ้าตรัสว่าได้ก็ต้องได้แต่ต้องเข้าใจคําว่าได้นะว่าได้ในลักษณะไหน เมื่อใดก็ตามที่จิตที่จุติใหม่นั้นอยู่ในส่วนของผู้ที่ไม่ได้มีวิบากกรรมปิดกั้นไม่ให้ได้รับส่วนผลบุญอุทิศส่วนกุศลไปเถอะอยู่ในสภาพไหนก็ตามเปลี่ยนแปลงได้หมดคือได้รับผลบุญและเปลี่ยนไปสู่สุขคติได้หมดเลย
ตัวนี้แต่ถ้าจิตดวงนั้นจุติไปด้วยอกุศลกรรมอันเป็นมิจฉาทิฐิแล้วมีบาปกรรมอันหนักปิดกั้นการรับส่วนกุศลอุทิศไปยังไงก็ตามจะไม่ได้รับ วิธีดีที่สุดก็คือการอธิษฐานจิตเข้าถึงรัตนตรัยแล้วอธิษฐาน
กระแสรัตนตรัยที่เราเข้าถึงนี่บอกว่าขออํานาจพระพุทธ พระธรรม พระสงฆ์ จงบันดาลให้กระแสรัตนตรัยที่ข้าพเจ้าระลึกถึงนี้จงเป็นคตินิมิตรองรับจิตบุคคลผู้นี้ให้เข้าสู่สุขคติภูมิในสัมปรายภพเบื้องหน้าด้วยเถิดอย่างนี้ อธิษฐานไว้อย่างนี้ ย้ำ ๆ ซ้ำ ๆ จนกว่าจิตเขาดับไปหรือตายไป กระแสรัตนไตรจะรองรับผิดเขาเข้าสู่สุขคติและอุทิศส่วนกุศลหลังจากนั้นจะรับบุญได้แล้วก็รับได้ง่ายด้วย ",01.13.27 ,01.14.46,
,แล้วถ้าคนเราไปเกิดมีใช่ไหมเจ้าคะ ที่แบบตายปุ๊บแล้วไปเกิดเป็นมนุษย์เลยไม่ได้ไปเป็นแบบภพภูมิอื่นก่อนอะไรอย่างนี้ค่ะพระอาจารย์มีใช่ไหมเจ้าคะ แล้วเราอุทิศบุญนี้ให้พอเขาไปเกิดเป็นมนุษย์แล้วเขาได้ไหมเจ้าคะ ,ได้อุทิศไปเลยจิตยังอยู่ในวิสัยของผู้รับบุญได้อยู่ ถ้าเรายิ่งอุทิศไปในขณะนั้นก็จะเกิดการเปลี่ยนกรรมคือก็คือเวลาไปเกิดเนี่ยจุติจิตด้วยวิบากกรรมใดก็ตามหลักก่อนที่จิตจะดับหรือปฏิสนธิใหม่คือกระบวนการการเกิดใหม่มันจะมีอยู่ 3 อย่างคือ 1.จุติเคลื่อน 2.ปฏิสนธิสืบต่อที่เกิดนั่นแหละหาที่เกิด แล้วก็อุบัติ คือผุดเกิดขึ้น ไปเกิดขึ้นในท้องปั๊บการอุทิศส่วนกุศลต่อไปจากนั้นมันจะเข้าไปเป็นกรรมที่ปรุงแต่งให้เขาตั้งแต่อยู่ในท้องไปปรุงแต่งให้ดีตั้งแต่อยู่ในท้อง ปรุงแต่งให้ได้หู ได้ตา ได้จมูกได้ลิ้น ได้กาย ได้ใจ ด้วยกุศลกรรมนั้น ๆ จนกว่าจะคลอดออกมา จะถูกปรุงแต่งไปในทางดีหมดเลยเพราะทําไมอุทิศบุญไปในขณะนั้นกรรมก่อนที่จะตายที่เขาทําอะไรไว้ ถ้าเป็นความเศร้าหมองก่อนตายความเศร้าหมองจะปรุงแต่งเขา ,01.14.51 ,01.16.04,
,พระอาจารย์คะแล้วคนที่ต้องไปเจอยมบาลก่อนอย่างนี้ค่ะ ทําไมบางคนแบบต้องบางคนเกิดเลยบางคนก็ไปเป็นเปรตเลย ไปเป็นสัตว์นรกเลย เทวดาเลย พรมเลย แต่บางคนต้องไปเจอพญายมบาลก่อน คําถามข้อที่ 1.ทําไมต้องเป็นเช่นนั้นและ 2.ถ้าต้องไปเจอจริง ๆ เราควรต้องไปต้องปฏิบัติอย่างไรค่ะพระอาจารย์,"มันเป็นอย่างนี้เขาไปเกิดในกําเนิดเปรตเรียบร้อยแล้วก่อนที่จะนําไปสู่การสอบสวนในยมโลก
แต่พอไปเกิดในกําเนิดเปรตแล้ว กรรมยังไม่สามารถที่จะชั่งน้ำหนักได้ว่าจะต้องไปสู่อบายภูมิหรือไม่ยังตัดสินยังไม่ได้ เพราะถ้าเป็นกุศลกรรมโดยส่วนเดียวที่รุนแรงอันนี้ไปเกิดเลยสุคติภูมิโดยส่วนเดียวเลย แต่ถ้าเป็นกรรมหนักโดยส่วนเดียวก็อบายภูมิคือนรกเลยไม่ต้องผ่านการสอบสวนแต่บุคคลบางจําควบเนี่ยบุญกับบาปบางทีมันคู่คี่กันมา มันตีคู่กันมาในการให้ผลก่อนใกล้ตาย 
	ฉะนั้นมันยังตัดสินไปไม่ได้ว่าจะไปในข้างบุญหรือข้างบาปใช่ไหม จึงต้องเกิดเป็นเปรตก่อนเกิดเป็นปิติวิสัยคือภูมิแห่งเปรตก่อน ไม่ใช่ว่าไม่ได้เกิดนะเกิดแล้วนะเป็นเพียงแต่ว่าจะถูกนําไปชดใช้อย่างไร จะนําไปทดชดใช้ในด้านไหน จากนั้นก็ต้องถูกนําไปสอบสวนว่าจิตเขาสามารถระลึกถึงอันที่เป็นกุศลหรืออกุศลได้หรือไม่ สิ่งที่เป็นกุศลคือบุญคุณงามความดีได้หรือไม่ใช่ไหม เพื่อที่จะเตือนสติให้รู้ว่าถ้าเราระลึกถึงบุญได้นะเขาก็จะไม่นําไปสู่อบายภูมิก็ยังจะต้องเป็นเปรตอย่างนี้ต่อไปถ้ามีใครอุทิศส่วนกุศลให้ก็จะเปลี่ยนภพภูมิไปอยู่บนเทวโลกก็ได้ แต่ได้แค่ถูกมหาราชิกาเรียกว่า เปนามิกะเปะ เปรตที่ใช้เสวยผลบุญเหมือนเทวดา แต่ขอให้เข้าใจว่าเขาก็เกิดเรียบร้อยแล้ว ",01.16.06 ,01.18.00,
,ถ้าเราเจอคนที่มีความเชื่อว่าตักบาตรต้องใส่น้ำด้วยไม่งั้นชาติหน้าไม่มีข้าวกิน ถ้าเราบริจาคอวัยวะเมื่อเราตายในชาตินี้พอเกิดชาติหน้าเราจะไม่มีอวัยวะนั้น เช่น บริจาคดวงตาชาติหน้าเกิดมาตาบอดเราจะอธิบายให้เขาเข้าใจยังไงดีคะ,"ลักษณะแนวคิดที่พูดถึงมานี้เป็นทัศนะหรือแนวคิดในชั้นของอัตตาคือความมีตัวตน เราเข้าใจว่าถ้าเป็นแบบไหนก็จะเป็นแบบนั้นในอันในขณะต่อไปในภพต่อไปคือเป็นแนวคิดแบบอัตตาซึ่งพุทธศาสนาเราไม่ยึดถือหลักการคิดแบบอัตตา อัตตาอัตวาทะอย่างนี้ การกล่าวว่ามีตัวตนอย่างนี้ คือความเป็นอย่างงั้นแบบตายตัวพุทธพุทธศาสนาเราจะไม่กล่าวอย่างงั้น พุทธศาสนาเรากล่าวถึงความเปลี่ยนแปลงความเปลี่ยนแปลงนั้นด้วยเหตุปัจจัยเข้าไปเปลี่ยนแปลงเหตุปัจจัยที่จะเข้าไปเปลี่ยนแปลงทางด้านดีหรือด้านไม่ดีเกี่ยวกับบุญและบาป ฉะนั้นเมื่อเราทําบุญไปแล้วอย่าไปกังวลใจว่าใส่บาตรต้องใส่น้ำใส่อาหารลงไป ต้องใส่น้ำหรือไม่ใส่น้ำแล้วจะไม่มีน้ำกิน ความคิดที่เป็นอัตราชนิดนี้จะกําหนดความเป็นอย่างนั้นจริง ๆ พอเข้าใจไหมหมายถึงว่าถ้าเขาคิดอย่างนั้นเวลาไปเกิดเขาก็ไม่มีน้ำกินจริง ๆ ถ้าเขาไม่ใส่น้ำแต่ถ้าคนไม่มีความคิดแบบนั้นไม่มีทิฐิอย่างนั้นไม่มีความเห็นอย่างงั้นเห็นตามกฎตามธรรมดาของความเป็นจริงว่าชีวิตเราเปลี่ยนแปลงไปด้วยกุศลและอกุศลกุศลที่เราทํานี้มันเปลี่ยนแปลงให้เราดี อกุศลที่เราทําเปลี่ยนแปลงไปให้เราชั่ว 
	ฉะนั้นการเกิดใหม่ของเราถ้าเราเชื่อมั่นในสิ่งที่เป็นกุศลแล้วมีทัศนะคือความเห็นด้านเอ่อความไม่เป็นตัวตนคือไม่ไม่มองด้านทัศนที่เป็นอัตตาไว้ เพราะธรรมชาตินี้มันไม่มีตัวตนที่แท้จริงในหลักการทางพระพุทธศาสนาเวลาการเกิดใหม่บุญกุศลจะให้เราอุบัติขึ้นในด้านสุขคติแล้วอํานวยผลด้านความเป็นอยู่ด้วยปัจจัย 4 ครบหมดเลยอาหารทิพย์ น้ำทิพย์ วิมานทิพย์ เครื่องนุ่งห่มอันเป็นทิพย์ สมบัติการเป็นทิพย์เกิด ครบหมดเลย คือทางพุทธศษสนาเราจะเป็นอย่างนี้ เพราะฉะนั้นแนวคิดด้านอัตวาทะอัต ความมีตัวตนอย่างนี้ คือสิ่งที่เป็นมิจฉาทิฐิในทางพระพุทธศาสนาแล้วเขาจะเป็นอย่างนั้นหากเขายังไม่รับความคิดนั้นไม่สละทิฐินั้น ฉะนั้นเราบริจาคดวงตาชาติหน้าดวงตาเราจะสว่างกว่าคนอื่นจะไม่มีโลกตาอีกอย่างนี้ไม่ใช่ว่าบริจาคดวงตาชาติหน้าตาโบ๋มันไม่มี พุทธศาสนาเราไม่ถืออย่างงั้น",01.18.22 ,01.20.56,
,ถ้าเราคิดถึงคน ๆ หนึ่งที่เป็นเรื่องอดีตตลอดเวลาเป็นเวลา 10 ปีแต่เราอยากเลิกคิดเราต้องปฏิบัติอย่างไรคะ เหมือนจิตเคยชินไปค่ะเมื่อนึกถึงซ้ำ ๆ จนชินค่ะ ต้องทําอย่างไรถึงจะเลิกคิดได้คะ,อย่าไปพยายามที่จะเลิกคิดแต่ถ้าเขาเข้าใจสิ่งที่จิตคิดว่านี่คือสิ่งที่จิตคิดนี่คือความคิดของจิต ความคิดกําลังเกิดขึ้นกับจิต จิตกําลังมีความคิด ความคิดกําลังปรุงแต่งจิต จิตกําลังถูกความคิดปรุงแต่งนี่คือสิ่งที่จิตคิด นี่คือความคิดของจิต จิตกําลังมีความคิดนี้อยู่ ความคิดนี้กําลังเกิดขึ้นกับจิต จิตกําลังถูกความคิดนี้ปรุงแต่ง ความคิดนี้กําลังปรุงแต่งจิตอยู่ คือรู้อย่างนี้ ซ้ำ ๆ ย้ำๆ อย่างนี้ ไม่ต้องพยายามไปเลิกแต่ให้รู้มันเมื่อรู้มันได้เรื่อย ๆ ความรู้นี้ จะไปตัดสัญญาณการนึกถึงนั้นเองต้องฝึกบ่อย ๆ ถ้าอะไรก็ตามความคิดมันถูกรู้จักเราจริง ๆ มันจะถูกแก้ไขมันจะคลายตัวออกไปเอง ,01.21.02 ,01.22.06,
,บอกว่าเวลาพ่อสอนลูกลูกเถียงเมื่อโกรธมากมากก็ตีเขาด่าเขาแต่เราพ่อแม่ที่เป็นคนตีลูกนะคะก็จะเสียใจร้องไห้แบบนี้ลูกจะบาปไหมคะ เราควรทํายังไงดี เขาหมายถึงลูกของเขาค่ะว่าลูกจะบาปไหมที่ทำพ่อแม่ร้องไห้อะไรอย่างนี้ค่ะแม่ร้องไห้เองนะคะ,ลูกอ๋อลูกเถียงนี่บาปแน่นอนอย่าว่าแต่ลูกเถียงเถียงกันเองก็บาปเหมือนกันค่ะนะอันนี้ลูกก็มีบาปอยู่ ,01.22.11,01.23.14 ,
,ถ้าพ่อแม่ร้องไห้อันเนื่องมาจากที่ลูกเถียงเนี่ยแบบพูดให้เจ็บเนี่ยอันนี้ลูกบาปแน่นอนแล้วแต่ถ้าเกิดสมมติพ่อแม่ไปตีลูกนี่แน่ะแบบเนี้ยแล้วพ่อแม่ก็มานั่งร้องไห้เองว่าโอ้ยฉันไม่น่าตีเขาเลยสงสารจังเลยอย่างนี้ค่ะ การร้องไห้ครั้งเนี้ยที่ไปตีลูกถือว่าบาป,ไม่บาปมันเป็นการแสดงออกถึงความรู้สึกผิดที่ไม่อยากจะทําอย่างนั้น แต่มันเป็นการจําใจทําการใจทําอย่างงั้นไม่ได้มีเจตนาจะทําจริง ๆ มันเป็นการจําใจในโอกาสหรือภาวะการณ์นั้นนั้นการจําใจทําอย่างเงี้ยไม่ได้เกิดจากเจตนาแต่มันจําใจที่จะทําอย่างนั้นเพราะมันมีเหตุปัจจัยให้เกิดขึ้นและกระทําอย่างนั้น,01.23.16 ,01.24.04 ,
,เวลาแฟนโกรธเขาก็จะด่า แต่พอเขาหายโกรธเขาก็จะมาบอกว่าเขาไม่ได้ตั้งใจแบบนี้นี่เขาบาปไหมคะ,"เขาไม่ได้บาปเพราะขาดสติเขาขาดสติ คือขาดสติแล้วก็ด่าออกไปมันไม่ได้ถือว่าเป็นบาปมาก คือมันจะเรียกว่าไปบาปตายตัวก็ไม่ได้เพราะความโกรธเวลาเกิดขึ้นแน่นอนว่าอนุสัยที่คุ้นเคยคือความคุ้นเคยต่ออารมณ์โกรธแล้วกล่าวคําออกไปโดยไม่ได้ยั้งคิด ไม่ได้คิดก่อนที่จะพูดแล้วมันพูดออกไปแล้วด้วยอารมณ์นั้นน่ะใช่ไหม คือขาดสติคือไม่ได้ฝึกตัวเองมาก่อนเมื่อไม่ได้ฝึกมันก็เป็นความคุ้นเคยที่จะเป็นอย่างนี้ สุดท้ายก็บอกไม่ได้ตั้งใจก็คือมาสํานึกผิดก็คล้าย ๆ กันกับแม่นี่ก็คือ
โอ้โหเราเราขาดสติเราไม่น่าทําอย่างงั้นพระพุทธเจ้าไม่ได้กําหนดบาปแต่กําหนดโทษ โทษในการที่เราไม่ได้ปฏิบัติเรื่องของสติเพราะอะไรเพราะถ้าปล่อยไปอย่างนี้ เรื่อย ๆ เรื่อย ๆอาจจะมีความจงใจร่วมด้วยในการทําอย่างนั้นในครั้งต่อไป ",01.24.16,01.25.22,
,การแต่งตัวโป๊เนี่ยบาปไหมครับ,การแต่งตัวโป๊บาปหรือเปล่า บาปเราจะบัญญัติบาปจากพื้นฐานของอะไร ถ้าเราจะมองการบัญญัติพื้นฐานบาปตรงตรงการยั่วหรือเราต้องการจะยั่วเราต้องการจะสร้างราคะให้เกิดขึ้นกับคนหรือเราแต่งตัวอย่างนี้เพื่ออะไร บางคนมีอาชีพ บางคนต้องการความสวยงามเหรอ หรือมันขึ้นอยู่กับเจตนาที่เขาแต่งตัวนั้นเขาเจตนาเพื่ออะไร จะระบุบาปมันต้องไปดูพื้นฐานของบาปชนิดนั้นก่อนว่าเกิดจากมูลเหตุของจิต แต่แน่นอนว่าการแต่งตัวก็เพื่อให้คนได้เห็นนั่นแหละ ได้ดู ได้ชมนั่นแหละแต่ให้ชมด้านไหน ดูแบบไหน ดูอย่างไรจงใจจะให้เป็นอย่างงั้นหรือเปล่า ,01.25.28 ,01.26.18,
,ถ้าเป็นการทําให้ยั่วล่ะครับ ตั้งใจ  ,อันนี้แน่นอนก็มันมีแง่ของความเป็นบาปอยู่ครับโดยตรงเลยอันนี้การยั่วยวนก่อให้เกิดกิเลสราคะในจิตใจคน ซึ่งปกติจิตใจคนถ้าไม่ได้เห็นอะไรแบบนี้มันก็จะอยู่ในภาวะปกติไม่คิดอะไรมากแต่พอไปเห็นมามันก็เกิดการปรุงแต่งและคิดไปคิดพล่านไป ,01.26.21 ,01.26.43 ,
,,,,,
